sample_id,nhle_list_entry,geographic_group_id,terrain_provenance_id,survey_year,source_resolution_m,processing_version,patch_size_m,acquisition_status,raw_qa_status,representation_qa_status,representations,qa_status,raw_sha256,patch_sha256,processed_sha256,cross_cell,overlap_group_id
E001P-004c14bbcf5c,1016825,BNG_100KM_E3_N2,EAP-c590a5cb0139,2020,1.0,e001-terrain-v1,128,verified,pass,pass,elevation_normalized;slope_degrees;hillshade_315_45;local_relief_r16m,pass,80d4c62d1af577793f89ce4f1859f29b280d8eb57a5c8bebf06fa12a7d1e68ba,260c3fd20369442988c3bb93b155fa2ba202388f753b20c52fd5d996e7f61d83,261071e19056ef3d2ba42f68c635ffcc9a2c9b0198b7780ec35e0e9d765466a5,False,
E001P-02cd97c70290,1007352,BNG_100KM_E3_N2,EAP-c590a5cb0139,2020,1.0,e001-terrain-v1,128,verified,pass,pass,elevation_normalized;slope_degrees;hillshade_315_45;local_relief_r16m,pass,d39ed10a6a865a87de6d7c3b869797701f06091e9d0b0fd31a326dfcfaddd7c3,c5368215962add111618164165587963f1be46985a3a4eae34ec303e22cbf851,b9ef367d087a6ad25009a6f07c770ddc7bf12d0528633b69553efb891e5591dc,False,
E001P-032894b74d2c,1009113,BNG_100KM_E3_N4,EAP-c590a5cb0139,2020,1.0,e001-terrain-v1,128,verified,pass,pass,elevation_normalized;slope_degrees;hillshade_315_45;local_relief_r16m,pass,339981d51d0deb846557e24f2bef0c8cb147ec2fd830d6682d4cadb6e535626a,01cfccdf248ff4dccdb73fdac216c337b16814f8f97f0982ce6f69227579150f,631d8a77bdea8bfa446e57613337f1865aaba820dc06281b13c25e4b9e431443,False,
E001P-034ad4361818,1007604,BNG_100KM_E3_N5,EAP-71ad6a50942e,2021,1.0,e001-terrain-v1,128,verified,pass,pass,elevation_normalized;slope_degrees;hillshade_315_45;local_relief_r16m,pass,79fba4f443e879ed7d6cda9967dbcd84f44c0c3926bad80b90cc49f919f6d6f6,1839049b4a054510ff3421ec5795a5cd338797d5ac418cd1a8d6da2c95de687c,0ef646d891cb87b241e520b00e124a42eb9b5ebb88d02197001467c2ed7394dc,False,
E001P-0391c71dfabf,1013144,BNG_100KM_E6_N1,EAP-d85b0f0821f9,2018,1.0,e001-terrain-v1,128,verified,pass,pass,elevation_normalized;slope_degrees;hillshade_315_45;local_relief_r16m,pass,c791a57df3a0974292c2f8651b1e8981f864b34c74e95d3f91d8e7ab2c50ff80,1ce6419d3a8971654d785de56370d222309c92f6fc8837c8aea090c71fb083d5,843d4af6cbbcbe4e86da244d6a274c4047f30d4206c4f978e1404f3f0d294a5d,False,
E001P-03e6bb61208b,1004414,BNG_100KM_E2_N0,EAP-d3a871d4f09e,2019,1.0,e001-terrain-v1,128,verified,pass,pass,elevation_normalized;slope_degrees;hillshade_315_45;local_relief_r16m,pass,9bb3f0195a701670808cd7040e21363e310ea81910b366b6da8ffd6bdbc51d74,2261a4d2b5d140b8ba05841929281b5913982de3c0a6f88a1278f16c36541346,d5fe505034c4f90528580809737e7c9c09ae955cf95e4a09055a3ce9143b1dc9,False,
E001P-058d5d949c4c,1015205,BNG_100KM_E4_N0,EAP-71ad6a50942e,2021,1.0,e001-terrain-v1,128,verified,pass,pass,elevation_normalized;slope_degrees;hillshade_315_45;local_relief_r16m,pass,74c7f351e7e31f7d5394814d41d36256c3d2fe4efc2aafd40f65e563c9b5ce8e,e3c9a04ba7e321d4bc0d9172a80f910e174a9ad96126e3d416d823de3ec03279,e6becfdeeeffc946e21ed58af7a5500945077963996290e745ab7732a0ac88d0,False,
E001P-06c86e74d40a,1017975,BNG_100KM_E2_N1,EAP-a800a13742ee,2022,1.0,e001-terrain-v1,128,verified,pass,pass,elevation_normalized;slope_degrees;hillshade_315_45;local_relief_r16m,pass,78e94b02d997cf39591f7e52b12c97a2ca1cf0c2a0ac9aaa4d0ffabd02fcb7f4,054ca1236b9d8155f31c1e333fd38fa25a34095282ca0f8ce36107d10d409d78,9274ddfb24ab6e855d5e26b8cc7e8b5bf0d6a27bc14f8853870ddc3e5e9ffcc3,False,
E001P-07f09ec5d10e,1013406,BNG_100KM_E5_N0,EAP-d3a871d4f09e,2019,1.0,e001-terrain-v1,128,verified,pass,pass,elevation_normalized;slope_degrees;hillshade_315_45;local_relief_r16m,pass,2968922fea4b5a0d7991cdb67d83b7170e1138a8459f94b6fb1b38c2facfd984,59780c7dca31eac5ac00296fadcf9f797278ef3d43b4c383915c44c9e9cc7c2e,041bf6e5bf62709fe3f9e4acbe85d9f8bf8bbf10bff09f6f8ec513d63ef0b18e,False,E001O-bfb367ad9636
E001P-0922b5ae5836,1007533,BNG_100KM_E4_N4,EAP-d85b0f0821f9,2018,1.0,e001-terrain-v1,128,verified,pass,pass,elevation_normalized;slope_degrees;hillshade_315_45;local_relief_r16m,pass,d3af2d2eaadb562bccdd9979b69a9fd75c4a01aaa178faa1daba680ac187faf1,3fe37e590e83deedfdc6856f46c4cfaf09a586789fa58353b2f1adc2906bc93f,49849382d88760f66b699cda37802f4fd9a3049d645dc7ffd05803b5dc4c54e3,False,
E001P-09ba26473d2a,1013883,BNG_100KM_E5_N1,EAP-d85b0f0821f9,2018,1.0,e001-terrain-v1,128,verified,pass,pass,elevation_normalized;slope_degrees;hillshade_315_45;local_relief_r16m,pass,1318c4b639442ff833c12855679ce3d36c2249800a57cc710c8ab36a6643db61,3e808e5c73a15f87d4ad4f90e7af8438e5ee77adf0f2c581d062d6e9b6f4f930,f97079f74682f532963dc1b7878aa1937111c6d05c5a4c93c0fcc4a3c7729c14,False,
E001P-09fae9b51dad,1011280,BNG_100KM_E4_N5,EAP-d85b0f0821f9,2018,1.0,e001-terrain-v1,128,verified,pass,pass,elevation_normalized;slope_degrees;hillshade_315_45;local_relief_r16m,pass,6a6456ef92b33676549cb376b0ab8366125a0fda2f7df0f86c63b65781ffd5d1,10528d47c95ebeeb15d4e34610ae75fad17033d6bc4a7d1f15d5275e2daeea70,329e32deaef78f4dc47930855077681e033a45ce71c493e3e1395eb9e547946e,False,
E001P-0a2f9ca4f569,1009428,BNG_100KM_E5_N2,EAP-d3a871d4f09e,2019,1.0,e001-terrain-v1,128,verified,pass,pass,elevation_normalized;slope_degrees;hillshade_315_45;local_relief_r16m,pass,0bde027b6d6116358c8512fc5f5693395843c49f248243d8e472284a7e1bc571,2bd623e8d786f66cde37f122651136d768c8aeb43fffe58847d720dc5ff53d8a,5bae64af1170c5621b9f0c12a3ca1726dff7dca227c03a6e542f0ec902c55c70,False,
E001P-0a3bf5c088b1,1016009,BNG_100KM_E4_N0,EAP-71ad6a50942e,2021,1.0,e001-terrain-v1,128,verified,pass,pass,elevation_normalized;slope_degrees;hillshade_315_45;local_relief_r16m,pass,04217325d896a41798fbee12ac7486603d90010ecdd8ca88ce8d87fd0e3263f1,e77c19b129e49e9c845edf5a5c6c513f366100fae1a57904cfa6ffc220b1d9c4,ef23bc9587401d99843f10ea1f81fbf13e79a04e9e9eb10f8df587d4dbe6ee19,False,
E001P-0a8912b5d0ed,1017084,BNG_100KM_E3_N2,EAP-d3a871d4f09e,2019,1.0,e001-terrain-v1,128,verified,pass,pass,elevation_normalized;slope_degrees;hillshade_315_45;local_relief_r16m,pass,5bf33a54e8242ba0ad57f5af95d14e40ec9434791e9390c2cc08b9f6ea66f622,3df91d47f54200e13555ad288a4528e7031fbb9223ab5a6a90110b1c9f67faf2,cdaa672848e262d3c1d79ffde78c0538648d0c809e6b9bf4b5995b6413cfdc15,False,
E001P-0ce54cd450a2,1010634,BNG_100KM_E2_N0,EAP-c590a5cb0139,2020,1.0,e001-terrain-v1,128,verified,pass,pass,elevation_normalized;slope_degrees;hillshade_315_45;local_relief_r16m,pass,a8838a4a5a78dfe19148a63f67ec0b51fad41cf96684a84fafbd89d9c31ab95f,36514cf0de9f0584cbdb8bf5e069603cebd8b9b0472dc4c989bd58b67ae40892,957c5c263804b30daeccebc8d5929553ddde98f94696ea8d5b4ae57bea1f6c0c,False,E001O-68b0520bfa4a
E001P-0d9fb24a2f72,1013389,BNG_100KM_E3_N5,EAP-71ad6a50942e,2021,1.0,e001-terrain-v1,128,verified,pass,pass,elevation_normalized;slope_degrees;hillshade_315_45;local_relief_r16m,pass,0179c3945c9f6c6243f6afd85d667c23fbb10bc9a3a52a9854807722c837d15e,d076e37e61ed101eae02975b593dd1cbb4d5a6dc73be5a4c0488efc81e65ef05,25d10333f5572a365c8dc42c5ec5f5eb16ad99010ad447d657fa784605e51112,False,
E001P-0eeea3cc07c3,1021231,BNG_100KM_E2_N1,EAP-a800a13742ee,2022,1.0,e001-terrain-v1,128,verified,pass,pass,elevation_normalized;slope_degrees;hillshade_315_45;local_relief_r16m,pass,535987f819b8163918e1600e211d5d6679861d05654f532d952774bfeb1f68ae,744e66fe54e17048f0804cddc16398b77d91fe19036ec459bf21887ab5f00c8f,23f2c3d6284945b527c9d3a13961c07b3032eb85043a2667927c786362afa72b,False,
E001P-0f3564596a0f,1016664,BNG_100KM_E3_N2,EAP-c590a5cb0139,2020,1.0,e001-terrain-v1,128,verified,pass,pass,elevation_normalized;slope_degrees;hillshade_315_45;local_relief_r16m,pass,11a2a601ebd6af163e2c8dadf2cdc1cf3660b3ae3b09818010439c81283ae346,a041915678a1d093465e7997eb6beb76654fc9c62bf7a1bac20324628f7ac940,3630cd6110dd2fc5112938dd0a249549cb414b56e9c941738186d63442baa69b,False,
E001P-10e5cdeedaa8,1016298,BNG_100KM_E3_N1,EAP-71ad6a50942e,2021,1.0,e001-terrain-v1,128,verified,pass,pass,elevation_normalized;slope_degrees;hillshade_315_45;local_relief_r16m,pass,47f2129ab286a27e4c20cdd601fe15ca98f2f4651437bdb0d54e4451eee1a760,0d25fa497fcc25147ea22071eb3f76affbb88b2d11de776f945428d7c2477817,9b1a4167dc1da26fc60d7435742291e3f93f12da643841b3dd03fee89796860c,False,
E001P-10e8a158d0c4,1013990,BNG_100KM_E5_N4,EAP-d85b0f0821f9,2018,1.0,e001-terrain-v1,128,verified,pass,pass,elevation_normalized;slope_degrees;hillshade_315_45;local_relief_r16m,pass,3add1744b715e15fe3b5294e0ca9c802291f6a7768480fe19949e3d6a953af89,aad11680f20e37848121802db5eafb4fc3a6e1e2ec27d9403c4238e3e74e3062,e2c61538fadad3cdc50d4fecd220e3363656c0204f5f313c4ee7b5c3afffe9b4,False,
E001P-1107432db51f,1009743,BNG_100KM_E3_N1,EAP-d3a871d4f09e,2019,1.0,e001-terrain-v1,128,verified,pass,pass,elevation_normalized;slope_degrees;hillshade_315_45;local_relief_r16m,pass,b8f8be3212579edd3fdb3e790f1acfaa5afc3ab04a32169503514098d660691e,153ebe9a26558eea164ca26685d9a949b13853570ea6ee314c3434a991f09539,816bcd9df364a355b4f9b95259c46ac7153e923fb7088f4b9e2ce5fa66628cd2,False,
E001P-130f030b649f,1019247,BNG_100KM_E5_N0,EAP-d3a871d4f09e,2019,1.0,e001-terrain-v1,128,verified,pass,pass,elevation_normalized;slope_degrees;hillshade_315_45;local_relief_r16m,pass,c2a74e9e5ccd1c41c218e390036fa52d2f532034cb785a629e28f44841423e68,222f699fe4863f56daaa73ba3e4ecab60a2caf05c8d2ae89bc48a14b1eeb7e20,b0caabf0ce04ab824420426d9fad568cc01858ccb37a1e32f943e02edd5011de,False,
E001P-13259cdbf785,1008056,BNG_100KM_E4_N3,EAP-71ad6a50942e,2021,1.0,e001-terrain-v1,128,verified,pass,pass,elevation_normalized;slope_degrees;hillshade_315_45;local_relief_r16m,pass,0a8558cd73f845a606ec75b88e5ac88367c9afcb7ee7541d1236373d42d78fb9,32a6f84b968df21796cdcea672493a8b36ed1cda7f7230c3582c757df9417674,d1af9cd39967d5949d4dcf4742da94eebb47c673be830540bd8cf3d75f24eb5c,False,
E001P-15f40e5ee9a0,1007877,BNG_100KM_E5_N1,EAP-71ad6a50942e,2021,1.0,e001-terrain-v1,128,verified,pass,pass,elevation_normalized;slope_degrees;hillshade_315_45;local_relief_r16m,pass,c87e62579f950fcfca3db9d1a88cf1edd972f39c179ea3349e80580615dba8c2,58396f4f4b4af128d0fe1900271bbba559241639b6cc39bb6ee31b15ca2f2bde,8d0dca2d8b6b3dfa9cc3bb22c77962445c0e6927b6e3d0cbb5cd5cf1f023915b,False,
E001P-17551bc1f077,1015337,BNG_100KM_E3_N0,EAP-71ad6a50942e,2021,1.0,e001-terrain-v1,128,verified,pass,pass,elevation_normalized;slope_degrees;hillshade_315_45;local_relief_r16m,pass,8a1415004e72617af8644c451cc118ae93834a1cfcc57f0cd6108ffea25ffecb,940c2962e9b4b455f804981eb07ae43ab3b53c44c5cb0a7786f3754661cb890d,00ffa7ae8d19e48c1220eea6115cab14de3bdcd1aa5411b8b455ab6ada0f7704,False,
E001P-1a00bdef6714,1008137,BNG_100KM_E5_N4,EAP-c590a5cb0139,2020,1.0,e001-terrain-v1,128,verified,pass,pass,elevation_normalized;slope_degrees;hillshade_315_45;local_relief_r16m,pass,4c3d469f5514d95a6ac29d293a492cb22a17dc9a2adde588ba51f9b6e40f99cd,b26d316ae0e27669b208be5c2afc20da2b0a588b62d5a249d25c01f87f61fd1b,9c641ab46c392f0f8ceddc23107e1377bfa23e5668b0ddb8c13a00b6a9ac2056,False,
E001P-1acd41dcaa9f,1018160,BNG_100KM_E4_N2,EAP-c590a5cb0139,2020,1.0,e001-terrain-v1,128,verified,pass,pass,elevation_normalized;slope_degrees;hillshade_315_45;local_relief_r16m,pass,6903ec8f8dba951e70091aacdebb0d9a439c9394893513c90722a86e8b2c8732,7d893fe9ef3f30003df2dfde1c9509e4159fec11233ad25ebd0e1c4c0652dd4b,9c017d7f34e96ca90e5d48fdbc11a7579c62d42c183b0e38ae717d8ffd09652d,False,
E001P-1bba9e201f5e,1008910,BNG_100KM_E3_N4,EAP-a800a13742ee,2022,1.0,e001-terrain-v1,128,verified,pass,pass,elevation_normalized;slope_degrees;hillshade_315_45;local_relief_r16m,pass,e1a2ef0ee413bd55a3cd5cf4e86f3a49bc27b6882837ced69c1fb3ea173d714b,ae2ec03d941397ecc9b3f50973374fcdae957cf83242d1af9ea02b4906721aab,47f4292ea66e546c8a07cd0a85821bc5ed6d767f5414956b1c0352784f2fad70,False,E001O-0157ec1605ec
E001P-1d05935be556,1010200,BNG_100KM_E4_N2,EAP-71ad6a50942e,2021,1.0,e001-terrain-v1,128,verified,pass,pass,elevation_normalized;slope_degrees;hillshade_315_45;local_relief_r16m,pass,9fe355525696a64586dcc22f980d1c2e1d685a0d54aad5bc769a17a803c4410e,4856490940c752924cb7271e0456c27447eafbde24bfa658be72e73c45bc1db8,83a20d6ce444b924cfa8a47dd1f05af5ca5c2790847d26b7509abaa461e77f9f,False,
E001P-1dfaf16a1f91,1012058,BNG_100KM_E4_N3,EAP-c590a5cb0139,2020,1.0,e001-terrain-v1,128,verified,pass,pass,elevation_normalized;slope_degrees;hillshade_315_45;local_relief_r16m,pass,c0d6819ead7957c025d2bdc5636215ceb596148cc6a793a489bc1fc1e2777109,15c17e9038294e5e51e75cc7f926524fbb9e4b94b75ecffa29186160a3d55a37,363cb3a59c66a146059f0102e13eef8ab9af11c8fa6bd1f2eafc95a15841dbef,False,
E001P-2068fb52a8d8,1016222,BNG_100KM_E2_N1,EAP-71ad6a50942e,2021,1.0,e001-terrain-v1,128,verified,pass,pass,elevation_normalized;slope_degrees;hillshade_315_45;local_relief_r16m,pass,5f4c186d0fd467f7bb13c6756f1887eac987592242c6803df07999790c684e2b,fc1aae7d1498f65e15cc1f9db011bed6384ea86cc3739d5fe037be40a764c9f4,e8b887d11a208c0be7a4d48f8327d6c64a212ae8f9a31f0cab9ccf639eacb315,False,
E001P-21d2bc912174,1021129,BNG_100KM_E5_N3,EAP-8e32eccbc87e,2017,1.0,e001-terrain-v1,128,verified,pass,pass,elevation_normalized;slope_degrees;hillshade_315_45;local_relief_r16m,pass,4dc1732ead7cc140be63b342456b58c8905275f9414ae87f72bb3a9d346ef656,32e26fd436c6725c3866b37faeb760711bda046e44ed5b23d32934ce18d304ed,34da370367d927b8f6203bbf26f2c14b04830a0f321d4969b054630f56adb10b,False,
E001P-25027836e936,1008812,BNG_100KM_E4_N0,EAP-d85b0f0821f9,2018,1.0,e001-terrain-v1,128,verified,pass,pass,elevation_normalized;slope_degrees;hillshade_315_45;local_relief_r16m,pass,2577fc24f1cd502c6542fd612fdf743177fef7a50fa02a6dbc1a7a97b1d26201,c7437eb7b3a5ec5cf45bc3163ae3780c0ec54be8713ea6f89cf6a967d61b977b,4bf64ed3578413af498f8b3e5f0043924afd4a8df83c267aff17aa461a8eace7,False,
E001P-254bf6047f5d,1015435,BNG_100KM_E4_N5,EAP-d85b0f0821f9,2018,1.0,e001-terrain-v1,128,verified,pass,pass,elevation_normalized;slope_degrees;hillshade_315_45;local_relief_r16m,pass,835fbea27ae69f74ac02b57ad96a11a60bc0e84c046e428f703175d1b2e46388,6c1b45a8cf2b9043aeed10051e140b4de6202722502fdd376cb035501724249b,2979cc0f24359fffc349720a5dab55edc48495f175a2bc087f59a89dbe549d10,False,
E001P-256e3ab7773a,1011276,BNG_100KM_E4_N5,EAP-d85b0f0821f9,2018,1.0,e001-terrain-v1,128,verified,pass,pass,elevation_normalized;slope_degrees;hillshade_315_45;local_relief_r16m,pass,819307b3427338c66d70d335ac81511638063996c201b158832605a9314232a2,e80ea0bfdedcf96c188ef837a6485fafcdfd9cb326fae7535cce1824d96e1acf,c021614043be2dda728bf3f83336749bce60ce9616869be711a2a0fa9c3ee97b,False,
E001P-25e1a665183b,1014947,BNG_100KM_E5_N1,EAP-d3a871d4f09e,2019,1.0,e001-terrain-v1,128,verified,pass,pass,elevation_normalized;slope_degrees;hillshade_315_45;local_relief_r16m,pass,52e8c04c8465aa72722c02865e5b8b6c5020470579d11ecf729d7431b0e99477,cd98c661bf544e330e1fc84b2ac83e4323989a95d8f5547960c1bb8921b60b91,ade15a81fc79b063d7031284da968bcd430a45e716ef8e88d0fc495190d80cac,False,
E001P-2651ce5e9a62,1007305,BNG_100KM_E1_N0,EAP-c590a5cb0139,2020,1.0,e001-terrain-v1,128,verified,pass,pass,elevation_normalized;slope_degrees;hillshade_315_45;local_relief_r16m,pass,aa72f0a93f59902a092a766106ed5aabf1f0a788e2ca3af58b028a48817873ed,3aacb7933378edec356eccc03aef8655b1e81ef83d16c8fe235f1d66c128b34e,20f7e192b7680c4905185eb9e3a9826d58a4e09febe9649356aa17d5aa7b7abd,True,
E001P-26afcc3dc112,1011975,BNG_100KM_E4_N5,EAP-4f02812edece,2016,1.0,e001-terrain-v1,128,verified,pass,pass,elevation_normalized;slope_degrees;hillshade_315_45;local_relief_r16m,pass,413ac5cd3a408b7fc9760f56363a3019e3df69727c44f219759549c784f343e8,65b0fc2aa5d8cfe8c68356dc11d059a7de33c2eef7fc2a66a52473ff7ab713b1,9a8e4e82d86c48be7698e8410343fb282f5bd77d505da86b6f4a74dbbde542f1,False,
E001P-26d122ea5984,1018531,BNG_100KM_E3_N5,EAP-d85b0f0821f9,2018,1.0,e001-terrain-v1,128,verified,pass,pass,elevation_normalized;slope_degrees;hillshade_315_45;local_relief_r16m,pass,a5509e074c493be9e76dc4368fd54d719b6e3e05c1400742d0fca13e3ffa5390,3f825998f9def0b84b4a4d4cb7992d7373e47ae7091e316d6078fed21ccc89bd,956a9125172845bad442ae1945fdcc915919a210b3a16900a27d264e26f20325,False,
E001P-2718e6db8f18,1020734,BNG_100KM_E3_N0,EAP-71ad6a50942e,2021,1.0,e001-terrain-v1,128,verified,pass,pass,elevation_normalized;slope_degrees;hillshade_315_45;local_relief_r16m,pass,495e4bbba99c4749c6142e406147f405c4ee520655157afd9caf95bac2a95699,644a1560ba1750dda96d28fef4e9214c2f492e8f899d81619bdaad560a8e89a1,334a70ba3e5f935b810c096ce36da607fd80eee7e8b7ab9c97c251fe06a3796c,False,
E001P-2770bd1727d5,1015259,BNG_100KM_E5_N2,EAP-d85b0f0821f9,2018,1.0,e001-terrain-v1,128,verified,pass,pass,elevation_normalized;slope_degrees;hillshade_315_45;local_relief_r16m,pass,41b123b8a43d8718de1a841f452e94c18b0e8b7530da8d2c352e61a7cbdbc882,119683e4fb3af411feb989d8b760b7a20ba6ff810e9a0b1a38a5d4fa05d45597,b5377b14d5a7cc2396a64fa41732ea12a1d292466404b3470ed621c0df4873c9,False,
E001P-277f2234f0b6,1014540,BNG_100KM_E3_N2,EAP-c590a5cb0139,2020,1.0,e001-terrain-v1,128,verified,pass,pass,elevation_normalized;slope_degrees;hillshade_315_45;local_relief_r16m,pass,8440cc5f6d43b787358256bc655419981e612326c350250426eb04271f2e1f49,721c0e6ef4e629204094e063c7ea6defd5feb5b0c37903784b485687d577052a,5de47973d214467da69ac60a1e5f5d4a0aa367fc229805bc891dfcaf9945557a,False,
E001P-291a61777d19,1011517,BNG_100KM_E3_N5,EAP-71ad6a50942e,2021,1.0,e001-terrain-v1,128,verified,pass,pass,elevation_normalized;slope_degrees;hillshade_315_45;local_relief_r16m,pass,eb32af30a3892eb6e43a4e95c646e78f2cc75a3ead19be2769b5994ae3855f22,4bedc1b34a687b0d2a06b44fc82c6f46468fc5d3825dc40fefe0d1522558ae39,1cc93f4102a4dc3046e6869b4255aacba4a8525bbdd16448b7b6ccfd8f97d9db,False,
E001P-2cb9af32abbb,1007577,BNG_100KM_E3_N5,EAP-71ad6a50942e,2021,1.0,e001-terrain-v1,128,verified,pass,pass,elevation_normalized;slope_degrees;hillshade_315_45;local_relief_r16m,pass,a0bac126e511c7e611417f40244176e480b206a3e2eb4c64822498817b90dc5b,1e80727f733da448bc71de88a9f41e7fa659559c0c3247eb5731dfdaa0df3303,e5d0283955fbeac5c1053b4f60f0647bedccec1edfe44f9dbfad8e13edbfc0fc,False,
E001P-2e4fd3b6d133,1014830,BNG_100KM_E3_N0,EAP-71ad6a50942e,2021,1.0,e001-terrain-v1,128,verified,pass,pass,elevation_normalized;slope_degrees;hillshade_315_45;local_relief_r16m,pass,97c969230df5fec37becd553f03cb42ecf1d01e273aecf2388c3673fdbd9f47c,8bf272308535c2cf8e7917a40e67b678e9ec4d668d9a7169e36aff734cbaf408,663942f005f938110d7e937fd18be228fa48758705ff752927922d64a324ef9a,False,
E001P-2e54caba2058,1010381,BNG_100KM_E4_N3,EAP-c590a5cb0139,2020,1.0,e001-terrain-v1,128,verified,pass,pass,elevation_normalized;slope_degrees;hillshade_315_45;local_relief_r16m,pass,73e6fb53de5ea422c5d2a2bd511b96548a02a9ab990965e88aa8192fd94852cc,faa6940a848b05101165ac597b687eb96f13d8db1d4f6f2719b29d6346c39222,6f7c9bd9b361fb3b55bde4299630b304576fa24e20a1222f64fbbc03e2c0a3ab,False,
E001P-310412ced3d4,1015012,BNG_100KM_E5_N2,EAP-d85b0f0821f9,2018,1.0,e001-terrain-v1,128,verified,pass,pass,elevation_normalized;slope_degrees;hillshade_315_45;local_relief_r16m,pass,990098937a40c1fb8be1978df3c28ac8d8c10536f1e0ce78ac1afab0916c8f40,0ce835031db47dada79020fbb1546a37ceacd310ea587c004112024888f672d6,a031a077d44968986598334855b17d3203ca29d1da9dc163e6092ce58c33251f,False,
E001P-31104727ee3a,1013390,BNG_100KM_E3_N5,EAP-c590a5cb0139,2020,1.0,e001-terrain-v1,128,verified,pass,pass,elevation_normalized;slope_degrees;hillshade_315_45;local_relief_r16m,pass,49f2b33b60113c4c3ce10d76b23b917a6d0d24e361bdabc93ef18097e6ad1066,f32c64d71d6fb026ecc436f4b543c3ffdea33bd6a67d1fec75d871d5871fe762,88f1bf5c34ab4bf430c745fce5386f1d917447f311974ee32a22dc9bf81ec011,False,
E001P-3147b27a3ecf,1017964,BNG_100KM_E2_N0,EAP-71ad6a50942e,2021,1.0,e001-terrain-v1,128,verified,pass,pass,elevation_normalized;slope_degrees;hillshade_315_45;local_relief_r16m,pass,8b820aa6304dc673f8f7045c31d866016cc2b5ee33e76ec5b38da8ef935dcff8,f8b0b736ef4dd1f979869ad0055f61c7d13eb22c05ae2e2c1f61a720b1278aca,c73465acbfa42c2fd151ab9e6793ecd4f1155d12c1622bacf8f37f8d067ee1ec,False,
E001P-31b2f81982e0,1015140,BNG_100KM_E2_N1,EAP-a800a13742ee,2022,1.0,e001-terrain-v1,128,verified,pass,pass,elevation_normalized;slope_degrees;hillshade_315_45;local_relief_r16m,pass,7245b34f1e3cec51f7d839b0f9cd6c6a7ec3b3eb76de2434ad2078e97e8eeb72,e4dfd0e9e630efc05a0b002588bcd1de79d04532c018e5a243f7fb7792cabbf2,a210ab89c17c6f5ba4d971a25543cdc0664d13cb2e44fae312c7172bd11c4d7f,False,
E001P-31c28507c037,1008688,BNG_100KM_E6_N2,EAP-c590a5cb0139,2020,1.0,e001-terrain-v1,128,verified,pass,pass,elevation_normalized;slope_degrees;hillshade_315_45;local_relief_r16m,pass,f77e019ab97d9789125de2eb2a3e79c47620fb9d19f813770b5fcc6efb54447f,685a696b28742d6efd82a12adbc78dbca4ed0b3b525a8ffb7a2dc33de60f57b7,971248b555fd517fada971dc7331da95fb586ac94e77efc3ea5d06554bddb9ff,False,
E001P-327fe36b44b4,1015790,BNG_100KM_E4_N1,EAP-8e32eccbc87e,2017,1.0,e001-terrain-v1,128,verified,pass,pass,elevation_normalized;slope_degrees;hillshade_315_45;local_relief_r16m,pass,dc2852d7f4401deff40bd7fb1e4605b7b7a9ad1c02ba3070cecb9937f7443670,cb1bf58268e9679f4227b429f67b46eda45fd628d359bac7c5e1374c07a55027,cb5458f87dd0c86c517a20867d9bd7b0b2dd20dc2cc7beb655818d108a7b8beb,True,
E001P-331e36a101ea,1013287,BNG_100KM_E4_N2,EAP-c590a5cb0139,2020,1.0,e001-terrain-v1,128,verified,pass,pass,elevation_normalized;slope_degrees;hillshade_315_45;local_relief_r16m,pass,3b0f13fa34b701b60b5bc1df812036c1af8ab2e7ea0a35a2430c3c06088e196c,100c3e708eede835e692face20239d2f1156361323892ebb893dbdba17e25d92,518e8036f07ace6ab13840bc5bd52b347ac8879a239f57d7c581c2a61bfab17d,False,
E001P-33e202f97569,1011275,BNG_100KM_E4_N5,EAP-d85b0f0821f9,2018,1.0,e001-terrain-v1,128,verified,pass,pass,elevation_normalized;slope_degrees;hillshade_315_45;local_relief_r16m,pass,e792ef325984b4f18fb46e324620c1507cee1e2bd2437999af2d41804dba24dd,ac2f73b946f0142a75ff9b532c51f57631a88217ca00fb27f64981814a569cb7,4d8ee1c6efecfe4f42ee84c381f6b5743d3a92e516f56404f0b33734034be476,False,
E001P-3436e9c3a0e3,1009036,BNG_100KM_E4_N1,EAP-8e32eccbc87e,2017,1.0,e001-terrain-v1,128,verified,pass,pass,elevation_normalized;slope_degrees;hillshade_315_45;local_relief_r16m,pass,b316eaa860f8175125881e2a4a31ff43f225ff004b4e08c12a1a443f31ae8600,72887eff471acbfbd5d031816a44c8a517aa8f1a58c99f9026e6676ed649a181,c3741c2fded751e6b6de955fa8dd85c5ad4b1e7b8a8ee7b5a7c67305b501ad17,False,
E001P-34772b4967d0,1011282,BNG_100KM_E4_N5,EAP-d85b0f0821f9,2018,1.0,e001-terrain-v1,128,verified,pass,pass,elevation_normalized;slope_degrees;hillshade_315_45;local_relief_r16m,pass,c425b6efe20b320a57159687be0027e976177f70d5dc5159c6ed76e0cde29f79,3694ebdb53595e830948a2a69a3015a46b3e6e4a6c0f9e71997717048e8e70d3,83267407d94a6e9e84036fc80a8f3482de3c52c1b2682b950be2a1f6e27a4ff2,False,E001O-312cb30204a0
E001P-357c64cd54b4,1011272,BNG_100KM_E4_N5,EAP-d85b0f0821f9,2018,1.0,e001-terrain-v1,128,verified,pass,pass,elevation_normalized;slope_degrees;hillshade_315_45;local_relief_r16m,pass,192df8c07d1a07db450647f971d4f871ba302a0478cd96f5a48e6e719a6dce9b,c70b9cb5cbc3c5269abe27860b1475fad84d7f2555e60d825fb2bb4823b8362f,2db7a3fe8e8711646ca6645e0b1723f204258460325b7991834bb3472b8f4995,False,
E001P-35866883594c,1011833,BNG_100KM_E4_N5,EAP-d85b0f0821f9,2018,1.0,e001-terrain-v1,128,verified,pass,pass,elevation_normalized;slope_degrees;hillshade_315_45;local_relief_r16m,pass,e4f1eec415c8213442e62666fdef2ba44ba9a047b5a5e9b1212fab2a3f22d060,f1c7c0d92e310e5c38cf31fd8d79d540711b94b3153680badaac57cb12e45c1a,ff44e95423f93d8ae341b4baaa97ec06f3fe5fe597aa63da8c7138117cfe9227,False,
E001P-35892494ae4b,1009026,BNG_100KM_E4_N1,EAP-c590a5cb0139,2020,1.0,e001-terrain-v1,128,verified,pass,pass,elevation_normalized;slope_degrees;hillshade_315_45;local_relief_r16m,pass,7c7443d1d25a74597e055235d1f94eb4ac26ca0abf3687cfa75987113dc778ff,68b907f93dcd80848b81219d723e15f2ec74c12f21a6b245551f7e84c2d11f8b,c4e6b5a83900f073381d30379ae442b7dc8698295823b55257be2ec2a50321cc,False,
E001P-35df044d4248,1011279,BNG_100KM_E4_N5,EAP-d85b0f0821f9,2018,1.0,e001-terrain-v1,128,verified,pass,pass,elevation_normalized;slope_degrees;hillshade_315_45;local_relief_r16m,pass,298efbd10fea2a97934efe963af4da17cea79c2be9bdd144f39d67a082819894,327c59dbe4e53b4f8d61b20613d8133aad20002249b626e36e715b35b77f5e13,08251624d2341309e6fecf27a166369d5c86c62457a3e4d80d4b6203b81a9e3e,False,
E001P-35f3839a8c78,1015991,BNG_100KM_E2_N0,EAP-a800a13742ee,2022,1.0,e001-terrain-v1,128,verified,pass,pass,elevation_normalized;slope_degrees;hillshade_315_45;local_relief_r16m,pass,894358edf8bd0cc0bb862932c54197e78573352280fcf7884b4489fb0a69ad6c,5d624306ffe8754688e95f09e74d9e18d1f653ed0c296e2701b96da8bcfe336f,2f665411bf5b4091d58c4a35e7d07dbb2736c6b5a44aee502d8dc5a167aed27d,False,
E001P-38adfe10bb5d,1013879,BNG_100KM_E6_N2,EAP-c590a5cb0139,2020,1.0,e001-terrain-v1,128,verified,pass,pass,elevation_normalized;slope_degrees;hillshade_315_45;local_relief_r16m,pass,c3c622c2c95f10c32eb071fb4082a482686754fec05bcbea1265e3ebf1087795,c59aad4bdae54ba37a45d4cbe9c9e8bcd634a835d190d54f11d1c2c6a967d00d,878a2fa3c7c0ef40a3121239173164ea0208c6aeeaa48df109fbbad28d93ee5d,False,
E001P-38da87c5efd5,1011965,BNG_100KM_E4_N5,EAP-fa2ffbdc01b2,2009,1.0,e001-terrain-v1,128,verified,pass,pass,elevation_normalized;slope_degrees;hillshade_315_45;local_relief_r16m,pass,fda3fe48a09e68cb4f7c84522879711221779fed8e2aafd3c93478fb44b25321,9abf96e801463181e972eff06cd163ce1d564124c8b7c6e43f787fb8ca1df7fb,754aadd46df8186061f8eb1fe25fe3028908e24a196a6924e8e7ff488e24c0b5,False,
E001P-398e3e398328,1020357,BNG_100KM_E5_N1,EAP-71ad6a50942e,2021,1.0,e001-terrain-v1,128,verified,pass,pass,elevation_normalized;slope_degrees;hillshade_315_45;local_relief_r16m,pass,132e330bf84b3ccc3fdfb0828870b13236a9be50d06c6650257ba58f2f0bebc3,775dccc83af6db8b2da53995ae823b53c78337cb866deeaf4435aec7ebab1f2b,7223a5272694c73ebcafa58c3ea4e19a4e9512ac6f6d63604866efb9f0ed2347,False,
E001P-3a5d8b713a5f,1016829,BNG_100KM_E3_N3,EAP-71ad6a50942e,2021,1.0,e001-terrain-v1,128,verified,pass,pass,elevation_normalized;slope_degrees;hillshade_315_45;local_relief_r16m,pass,bd7a2aacb0e11c9d27a2484bac49604d7023591aca909df2fe94484daf95d9f9,cbf11874f0a83c3faca26fc59411442da0fe52102066a16c996ed667cb0b6ee6,cfcec08ca49af1aee266d9bb6f7986438d803170b04a9a1cea7503756c543db4,False,
E001P-3f3e05b7947b,1011511,BNG_100KM_E3_N5,EAP-71ad6a50942e,2021,1.0,e001-terrain-v1,128,verified,pass,pass,elevation_normalized;slope_degrees;hillshade_315_45;local_relief_r16m,pass,f8d124fbbf42efef6752016396139ba3495652adc0123f1d7708f87eaa426b5d,eb2fc10fab32d092c91d162bd5d730bc52dab83ef600060b80cbd42271d9bfc5,49a4fbff9f9691d7e2f87107e588eca88f18c5f4aceb594894efe64380a59edb,False,
E001P-41456d2a7a43,1010010,BNG_100KM_E4_N0,EAP-71ad6a50942e,2021,1.0,e001-terrain-v1,128,verified,pass,pass,elevation_normalized;slope_degrees;hillshade_315_45;local_relief_r16m,pass,7cc60ce142983907abf02759b02f51cb53666afbdf531c1c1deb43e4f6ea63e6,07ffae65083b16a203b4bee7b1f2ab0b40d5be858821b91fc02c2608062ae9bd,42b6d54d5c6296cb4d0ea2c7ef16dc150bcd506d39f3ccc8213801e40c56621d,False,
E001P-47e46c734663,1007734,BNG_100KM_E5_N4,EAP-d85b0f0821f9,2018,1.0,e001-terrain-v1,128,verified,pass,pass,elevation_normalized;slope_degrees;hillshade_315_45;local_relief_r16m,pass,b209af6cb8dbfedf28b282373505dd8e069e1667a1bc30a111400d4f283e31c1,5a2c615d4e7ab2ec8592bc7ed2ab239e323fe3fa18c5a5689555ba71eefa2b98,a6b58e8c4c3f6348eb6bff470a3fe288d864f3e93e8d3681413aba53fd089ee9,False,
E001P-47ff5f35a931,1018045,BNG_100KM_E5_N2,EAP-d85b0f0821f9,2018,1.0,e001-terrain-v1,128,verified,pass,pass,elevation_normalized;slope_degrees;hillshade_315_45;local_relief_r16m,pass,1bf4231280ae2ed2ff1e5b518b91b490b079dbeccc711d4ef8079d6bac29db40,57427e14c0ed61ce1797ecadd5ea28060fb8e3698153308e4671f20e1e0b0d76,77a070fd1e796e93da0efa5f4d915139ce9c927da39e9cdae1f3fa57e2ecf9a8,False,
E001P-484b9decb35a,1017967,BNG_100KM_E2_N0,EAP-71ad6a50942e,2021,1.0,e001-terrain-v1,128,verified,pass,pass,elevation_normalized;slope_degrees;hillshade_315_45;local_relief_r16m,pass,8c59f333b31f8eb97cf42aadf90196956909d8ea732f14edb0a07254a82cc410,65ecca22711e1b27861e2c81eb4af8b76221cb7094eb90df07c0fb830855bd2f,3b2eda33285d0840895d6cae4f057d0ea84a1f3dd99f4b2a7cf20a49861d29ae,False,
E001P-48a754407212,1009249,BNG_100KM_E5_N2,EAP-d3a871d4f09e,2019,1.0,e001-terrain-v1,128,verified,pass,pass,elevation_normalized;slope_degrees;hillshade_315_45;local_relief_r16m,pass,e92fd3ab6f6b2f9c008d2a6e76eec12cab06924973dba35f96d00fe8828803e8,32c0119ccbca4094da90d66056f79a0864a321d7177577bd9f6a66da9d2d7723,99f0b97691260a7b555768f69ea36e9f73c3e44eb12355d44e1478e4446c2388,False,
E001P-48ba248bd720,1014846,BNG_100KM_E3_N1,EAP-d85b0f0821f9,2018,1.0,e001-terrain-v1,128,verified,pass,pass,elevation_normalized;slope_degrees;hillshade_315_45;local_relief_r16m,pass,c4f1a59142681c237ed66f5d4ad698ce155608336780206592d146b41b5e4808,4d1b2fccddbc727d7b12400100726c5baf96f40ecdb344f687bb5ac758ddcf89,12186e8d10d721ec297c01475bc50f0d84b98da357a8d04e33872a829f855154,False,
E001P-48d069b3fe47,1008287,BNG_100KM_E3_N1,EAP-d3a871d4f09e,2019,1.0,e001-terrain-v1,128,verified,pass,pass,elevation_normalized;slope_degrees;hillshade_315_45;local_relief_r16m,pass,ebb9756b031c40b3003c18bf941ffe30ea5583acd3a4af4fd04dfa2097826df3,95a86d5f1eda2d33ecdeef51f101eeb7231b5d12c5fe9d595a7db6140f19f64a,2e17b47e2ca677190e4be590a2d9ed8d6f067734c6f887d597de4d9159c736c0,False,
E001P-4a80187aa7a4,1010405,BNG_100KM_E3_N1,EAP-d85b0f0821f9,2018,1.0,e001-terrain-v1,128,verified,pass,pass,elevation_normalized;slope_degrees;hillshade_315_45;local_relief_r16m,pass,91a70033a9f9a97d5f5c767493459cbc776506ca42dda09fa693854843f72209,148c87f8e23dc935f120a1c2ba95a0598653160f9902369313833e2d05678777,5a16bc6185e9699a07ded6d635e8c97bf9c2e09465e4ca9517e00b0be37df07b,False,
E001P-4aca0288053d,1007340,BNG_100KM_E3_N2,EAP-c590a5cb0139,2020,1.0,e001-terrain-v1,128,verified,pass,pass,elevation_normalized;slope_degrees;hillshade_315_45;local_relief_r16m,pass,d3e939ce8788efeaaff015f78c6e01f9087c574dd2f068a38037129ac1ba80fb,de54643b0367b9ad731ff01e130f9902f08f1c3aff7d9ddf0da3cdb24c3522e4,442db3b5b174de059e09d87443c690bab4e55f4ebe021b278eef24f8f2042a52,False,
E001P-4c008470f424,1007745,BNG_100KM_E5_N4,EAP-c590a5cb0139,2020,1.0,e001-terrain-v1,128,verified,pass,pass,elevation_normalized;slope_degrees;hillshade_315_45;local_relief_r16m,pass,1894f4d7f8a3d63c64c15f857a9877f0c9a6d791f74d3f8a57eb66d5bb5d2fd0,0fb39223a93543b0d675e67655c2664066d052da59a616adae1c788b159510c2,dc32781106ca0a22a02b9c5ee12a276f399cf0a08f259ffa8471ae55005ef36d,False,
E001P-4d7bd772d6f8,1003050,BNG_100KM_E1_N0,EAP-71ad6a50942e,2021,1.0,e001-terrain-v1,128,verified,pass,pass,elevation_normalized;slope_degrees;hillshade_315_45;local_relief_r16m,pass,1541f4127163804421cb212e1580ec05e4f3cec2add242bd773d991a01703521,51da58c69e7fff546ed8501780309ea369438c2aa4e6501a22243c5ceb46add8,cbcc9db4388c30eae30ffb72629c2e0ecf4cb52b8bcb12472a7eaaf8f51d395f,False,
E001P-4e92968f48c6,1008719,BNG_100KM_E4_N3,EAP-c590a5cb0139,2020,1.0,e001-terrain-v1,128,verified,pass,pass,elevation_normalized;slope_degrees;hillshade_315_45;local_relief_r16m,pass,b24ab437dc18c6c42999d4f009b2c007e76ce7b65c96426db8032c100149c443,b8c755d704678599e542e9c668106315c52977a0ff0ba565be98a9e17bc9fbde,d3057dd29a558c80d5303e7d4a13b1c5e7b2a30163a053d4dbb5bafafbb86456,False,
E001P-501a3f5eacbd,1020210,BNG_100KM_E5_N3,EAP-8e32eccbc87e,2017,1.0,e001-terrain-v1,128,verified,pass,pass,elevation_normalized;slope_degrees;hillshade_315_45;local_relief_r16m,pass,889b10938ff118029351c6dd798fa5e6c3e31687a8e30babee0370d7bc7a18fb,d4d16054f1face14cfad770a35bee5330987b51d78a3bc7803d44a2b0c88f348,9e76b27e4948e90f82f1ff038bec0f53ec5d34380d5247ffdc66ef9221232548,False,
E001P-503f67814972,1008911,BNG_100KM_E3_N4,EAP-a800a13742ee,2022,1.0,e001-terrain-v1,128,verified,pass,pass,elevation_normalized;slope_degrees;hillshade_315_45;local_relief_r16m,pass,79e1225148e082b7a505a21442aa0c11c3ff54afc012f5aad064d1da95f3afa3,734493d03f0a7efb33753e019d10f867b89859942c43e1b807959b223eaa0761,900812fb690a6126d0c8c3152a960fd3e09934ff9107ef6db776e5f922cf0681,False,E001O-0157ec1605ec
E001P-51608b858a44,1008132,BNG_100KM_E5_N4,EAP-c590a5cb0139,2020,1.0,e001-terrain-v1,128,verified,pass,pass,elevation_normalized;slope_degrees;hillshade_315_45;local_relief_r16m,pass,dd4c0ede80f871fccd9eb21c663d07fb379edf07f9793c5371e976a957cab192,1d38a4d3cd334f8235a4b09988c58360a8ddd84be6206c0b4ffa6f9fd3ed1e39,591330e119703c6aaa6eb186535fca8094fe302a2828c464e9812cce1a71c1cf,False,
E001P-5396065ca2a8,1019320,BNG_100KM_E2_N0,EAP-d3a871d4f09e,2019,1.0,e001-terrain-v1,128,verified,pass,pass,elevation_normalized;slope_degrees;hillshade_315_45;local_relief_r16m,pass,55240e84c28a299ab0e67f033d4335200b301603ff91e21d48cba9b9431fb3f7,8825b20b8e5f1f94d87694a0f431f3395b50c3d4ca54bfd7dd522d2276e684e2,69253b4a415f9c566d4d893a830a5013b50dffbea4b42d167184a6f56b6026f9,False,
E001P-540c6808d333,1011268,BNG_100KM_E4_N5,EAP-d85b0f0821f9,2018,1.0,e001-terrain-v1,128,verified,pass,pass,elevation_normalized;slope_degrees;hillshade_315_45;local_relief_r16m,pass,18633f6f330550bedd6fadf7a41ce13e2bf200818f9401e619892f1a1fc8b8e3,9178e15954cba1d4b7e67e0e61f700c30b76e9818f4a10d80c337dcbbc5e3a92,0479d43b40e1a2755e3f6039aa955712cfd31f92cbfa015e7e2be2f4d4aa2bc6,False,
E001P-545862a1f88c,1008938,BNG_100KM_E4_N3,EAP-c590a5cb0139,2020,1.0,e001-terrain-v1,128,verified,pass,pass,elevation_normalized;slope_degrees;hillshade_315_45;local_relief_r16m,pass,bf7be61ef593c4508aab40b5e506af4d8f17aab5ec253cbbd581bf3b1436edf6,04a2333d04e653daf7f3cc3427a9661ad43ca903386edea42779dc3aa4401ac0,b793020457497d4316bb1753c4ba2d4480a66f53542202c770e916c6db7a4785,False,
E001P-550ce30b15ca,1008526,BNG_100KM_E6_N2,EAP-d85b0f0821f9,2018,1.0,e001-terrain-v1,128,verified,pass,pass,elevation_normalized;slope_degrees;hillshade_315_45;local_relief_r16m,pass,22127e3d66e7e88b8cb9404234241f68d0786753045371b24eb1ab2aa0ba5280,a3583efa13b690756e34a88f96fe845443de941d904b85c32082e3b3f3024333,d1dbc0b80d142409f7d823b2dc55437d761ed20d466c9e344a107085b6cd8a39,False,E001O-45e9ba342c62
E001P-5633f1afbd36,1007609,BNG_100KM_E3_N5,EAP-71ad6a50942e,2021,1.0,e001-terrain-v1,128,verified,pass,pass,elevation_normalized;slope_degrees;hillshade_315_45;local_relief_r16m,pass,7566fbce2bf9fa5eecde41b89fb2e3dd58720faa2e5a6ff269ea69b76c7ed100,f18b6641e5ec49eb7589b261d8a3c16b5296b407b54d297c7e20676b6d29f7a7,b95ce5376321f98dd6046237fca7891693b6b5c6bee5797f72eb0359185e8d50,False,
E001P-56f14b915965,1012977,BNG_100KM_E4_N1,EAP-71ad6a50942e,2021,1.0,e001-terrain-v1,128,verified,pass,pass,elevation_normalized;slope_degrees;hillshade_315_45;local_relief_r16m,pass,41fdb1dc0d4aedce42dd5c4bb27a8306c84539f4cb1094a060e5bf24b6e81222,2f3e19ece0d7c6a9210bd05fee54256f5c3088443c3cad771dec685c156cee8e,fb5cd7f1e98a513277181d86d0a1fe3c5cd1926b69034cf95fdeebfaa1da7369,False,
E001P-57c10cf13230,1010427,BNG_100KM_E3_N1,EAP-d3a871d4f09e,2019,1.0,e001-terrain-v1,128,verified,pass,pass,elevation_normalized;slope_degrees;hillshade_315_45;local_relief_r16m,pass,ab9008529beb4c2b73c4b7dc51c6b3ce5e0d2f103b9dd0878db6c6056a7bdebd,96ecfad45f6031f99ef6f277f05850a27ec0e775df14190ce23f5c85cd8badaa,e6c93c14550ef8fb89f7545a7fbbada7b05f20e8e8925d9e008cb384f8d23ef7,False,
E001P-585898e6c6cd,1020211,BNG_100KM_E5_N3,EAP-8e32eccbc87e,2017,1.0,e001-terrain-v1,128,verified,pass,pass,elevation_normalized;slope_degrees;hillshade_315_45;local_relief_r16m,pass,b92bd2089b0b91bcdbda5d9ccea05a6e45c496a591a0982d9715fa0b051c6d72,ce1832bbb97ef88af42eacaa9f4cc3c73cd3dd75be66c70ad90c30fada8b3ef0,e14049e71d2d3433c3bc57b25889fd8243c6736283b14ef4f11a8be07f0277c8,False,
E001P-593eedc49bfb,1010314,BNG_100KM_E3_N2,EAP-c590a5cb0139,2020,1.0,e001-terrain-v1,128,verified,pass,pass,elevation_normalized;slope_degrees;hillshade_315_45;local_relief_r16m,pass,32b16cc3228c78e5e59687cd20533e25b2bf2bb89e4134dd3af04f8b2ccb1ba9,61aa19b931e902274767e22deabe098432da40092abafaddda247eab6f812a10,b768552610e78a797c4a67bc9d77cefc3b0f9e527e3d47063c76492f9f2c9f44,False,
E001P-595c4a24e7f7,1007384,BNG_100KM_E3_N3,EAP-c590a5cb0139,2020,1.0,e001-terrain-v1,128,verified,pass,pass,elevation_normalized;slope_degrees;hillshade_315_45;local_relief_r16m,pass,93f2121e634cc6a1daa24593be47788e054174b2d18882a20f8bc223311865e1,e43f8e19f8ba88be73b6e5e109de734ecbe233e4687b04b23d32a88a4d01aad2,0c0f4a14b41cdff168bc2bfb156044bec56784f61e6d9d0c766b543e092ce02c,False,
E001P-59dfa0fe8fcf,1013146,BNG_100KM_E5_N1,EAP-d3a871d4f09e,2019,1.0,e001-terrain-v1,128,verified,pass,pass,elevation_normalized;slope_degrees;hillshade_315_45;local_relief_r16m,pass,061fc094e3467423077079fe39ae3221deb20cebf24f0b6d635a24af1a39a191,667af7641667821191cb8a7704f2b202730b17c938105c0c6d15071a2cbaa793,38582232a7d6b668dded8496387e3ec88abb623c7af2d9c2d96ac2efc60a6d82,False,
E001P-5a23e7a3033b,1010636,BNG_100KM_E2_N0,EAP-c590a5cb0139,2020,1.0,e001-terrain-v1,128,verified,pass,pass,elevation_normalized;slope_degrees;hillshade_315_45;local_relief_r16m,pass,f63f70006a31e1f7668945487c24878fca998897e61cda9ad0effd0c2d7e0ca0,7b4b1d1b3a949703a119dc7ef7d8e0a91e935d05de46d75a1e7e9028259ab73d,f6d5ab810c6b33c004371ff906408091c6a881f7fee02e8aefd7a9e38bfa170e,False,E001O-68b0520bfa4a
E001P-5a6995b83b3d,1011165,BNG_100KM_E3_N3,EAP-c590a5cb0139,2020,1.0,e001-terrain-v1,128,verified,pass,pass,elevation_normalized;slope_degrees;hillshade_315_45;local_relief_r16m,pass,19e92271e568b3af2487adab0902d2834baf6998e656608f8761cca3f72c8654,f75373ce3832617c0118c3d4c8f4f6038eaf54a98c76ad39f6a1f4df2e761302,f534b169f92c986351fe38605f7b8e0f7f80d9d9aabbe79422f089d2bad12c20,False,
E001P-5ad89861f977,1015010,BNG_100KM_E5_N2,EAP-d85b0f0821f9,2018,1.0,e001-terrain-v1,128,verified,pass,pass,elevation_normalized;slope_degrees;hillshade_315_45;local_relief_r16m,pass,15cacbd8aacdd93bd34bda6dad766bd882a6812bb8400bee4d7bde8cfd45fb64,dc6ae4aa439de8c28ae20dea7406361716a96464f3209e54fd1d11ca26b7121e,3a408d70d29ce1890bfad6afb671cc2d886c027cb95853171243716cb1be386f,False,
E001P-5b8ddab53ee4,1019254,BNG_100KM_E2_N1,EAP-c590a5cb0139,2020,1.0,e001-terrain-v1,128,verified,pass,pass,elevation_normalized;slope_degrees;hillshade_315_45;local_relief_r16m,pass,5984ec5ac1a9c6720109b1f9476727bee1ab430704d34b55b61ba7206ac6c3ef,57419413afb9b3ba4c708185e9b1cb5fe1229ba2aaa8b39d7c337a4e4f57b203,1b30e937a5fc0b83396ea8284cf6fe6bcb61e685bc3fdbfaa27fb65209958a91,False,
E001P-5ba0a0175e44,1009115,BNG_100KM_E3_N4,EAP-c590a5cb0139,2020,1.0,e001-terrain-v1,128,verified,pass,pass,elevation_normalized;slope_degrees;hillshade_315_45;local_relief_r16m,pass,9c9bcad4fc4db2eb248d34d0ad7f9072c9500f678f28d3b8202a8f933cd221d5,cecd80a0e5c29b391b48fbf669ff0f488f9952ac08fafab7e9055e92fcf15e35,5a5afa672989d6015c8dc69ec9c53063f2d4e82fcc1a5c24ef1fac30183128b6,False,E001O-9a72378c429b
E001P-5caa2d54f38b,1011284,BNG_100KM_E4_N5,EAP-d85b0f0821f9,2018,1.0,e001-terrain-v1,128,verified,pass,pass,elevation_normalized;slope_degrees;hillshade_315_45;local_relief_r16m,pass,6adcff77d6b2060b20db50d74152156b307883df3f3fa92b634d94693da2de53,44ca4974b85543510ecbcab756a129d906f60820b793c27fc9709c8a1cab046a,5b8eadf13b057541eddea1efd89935bcc8ecad5d1a177cd90c192b6802cc2913,False,
E001P-5e66b821a32e,1008022,BNG_100KM_E3_N0,EAP-71ad6a50942e,2021,1.0,e001-terrain-v1,128,verified,pass,pass,elevation_normalized;slope_degrees;hillshade_315_45;local_relief_r16m,pass,1ad355708358f74cddf124f13dbd64f2000d3bebd6d7220d39d3a2b3d6df89a4,838fb32665e40363c3c8d88807cf2c138f5be99066c04ba1b6a9fc4f10d64e56,ae51c0677ac87281b10b3d00f47e42b02f1c66a757c6260963510dff7d8a711f,False,
E001P-5f26f47efa81,1003226,BNG_100KM_E3_N0,EAP-71ad6a50942e,2021,1.0,e001-terrain-v1,128,verified,pass,pass,elevation_normalized;slope_degrees;hillshade_315_45;local_relief_r16m,pass,a232dcc413e8aa0af177fbf2a22c4ada5163b561c8b5874f0c5fc08f705717b8,94fadf5c6020a2c7c963726d556d90874f78283556d170a2c715ba28363bf480,42a8b4f923cfd91e3f5999f85dbdffa0fe7982d3678d2192e46bb0172dd73677,False,
E001P-60960295cce1,1016209,BNG_100KM_E2_N1,EAP-c590a5cb0139,2020,1.0,e001-terrain-v1,128,verified,pass,pass,elevation_normalized;slope_degrees;hillshade_315_45;local_relief_r16m,pass,ecd4609f9acca323950d28cf07057c3d4e43cc3d0741ecf3066ab5571e09dd18,6e1d96c6d577591f47a72e58223d9ccfa0808f8dd98e48c49c995c44225153fc,d2bc2e412275f9c1fb311ee0d0685ef2bfd81e9716154fcdda0492fc27557c8b,False,
E001P-60f2c68a1dea,1016060,BNG_100KM_E1_N0,EAP-c590a5cb0139,2020,1.0,e001-terrain-v1,128,verified,pass,pass,elevation_normalized;slope_degrees;hillshade_315_45;local_relief_r16m,pass,30b4375100b0702ace77496cc6eef7bbd82c50b53c1808950167729d77418ebf,5d3ac9dd79250fe7871e9017692722a21e2e43239e03d748ee81f51af2db7ed3,23fccaaa99dbb75b0764e52bb8db9b68b510d39bf0e573e10dec9b606145579e,False,
E001P-612f6a2be1ef,1010316,BNG_100KM_E3_N2,EAP-c590a5cb0139,2020,1.0,e001-terrain-v1,128,verified,pass,pass,elevation_normalized;slope_degrees;hillshade_315_45;local_relief_r16m,pass,7e171cac307108243a9a175d73be2db06a0562e65d3b0e293e2feeada72d05fa,52e0e716f65688d470f3ff4436e4b4b70f60e30af7ec695702e8ffefdc64a9bc,6836308b736a237f2da18d573ad8001603a0eec5ca97049dd3cd210b116d2712,True,
E001P-63b853157e46,1011271,BNG_100KM_E4_N5,EAP-d85b0f0821f9,2018,1.0,e001-terrain-v1,128,verified,pass,pass,elevation_normalized;slope_degrees;hillshade_315_45;local_relief_r16m,pass,d5dac4ab10f0f34bd773177911fd364e178a9a6629aec3bab2163ec5ef77f364,500394c31c7a430aff28a9228cc7ff9e41acc96b9ebccb40a5990d47354cf0ad,330a991a35e5487b6d982fc9b54240ddd56aa0d83cb171dcc21d022132c07b30,False,
E001P-63f2d1e0f54d,1016164,BNG_100KM_E1_N0,EAP-d3a871d4f09e,2019,1.0,e001-terrain-v1,128,verified,pass,pass,elevation_normalized;slope_degrees;hillshade_315_45;local_relief_r16m,pass,55167cdf6749646bb8d3e12918b1a1c1b6d518947962b942022c256732996ee8,1b401ad0b2c38aae62ed3baa6d56774cda5f217f05dfd297e71cd558d4cff88b,6996eb6e35e11e8f9a9bbbbb225323e8cbfae6efe34856663654737bddc24106,False,
E001P-64649dc543eb,1021315,BNG_100KM_E5_N3,EAP-d3a871d4f09e,2019,1.0,e001-terrain-v1,128,verified,pass,pass,elevation_normalized;slope_degrees;hillshade_315_45;local_relief_r16m,pass,f01716af18607b22318262b13669a2707459fb47e924e2bfde94d900ee49f595,8fb1a22d2b362175908914a104f85dc4a103a8bccba967cb7b0c3efeae6fd0a2,115b41bdba5fb499a05547e9325624ba03602016e88cfa0578b6105139ec44fe,False,
E001P-66b82f36c0f6,1007986,BNG_100KM_E5_N1,EAP-d85b0f0821f9,2018,1.0,e001-terrain-v1,128,verified,pass,pass,elevation_normalized;slope_degrees;hillshade_315_45;local_relief_r16m,pass,675430203bc27d66eb55b3c91169a4619ce18a0ee3391eab76e6d3c268537cdd,585ccb8402998694e7990d05d5e09a58a5dc3a332e94a2bc00570e3609595f35,a958be096f71374e7195c0cb4634b32ec1dc2679c509ad2a3a0a122c076929b7,False,
E001P-66bc14093c0e,1013863,BNG_100KM_E4_N4,EAP-d85b0f0821f9,2018,1.0,e001-terrain-v1,128,verified,pass,pass,elevation_normalized;slope_degrees;hillshade_315_45;local_relief_r16m,pass,58f11c8fea96231b0fa92d165e05ed73f242f5b36495b695578903cdd2fff4e6,8b6b338a1c0fa9caa8da641fb35c7ffd7ab5259b9321f93e6c80af5697368e0c,6c2c54646594a004470e98bc43661b9aa272ae2b191ad43affca210f443cb0ea,False,
E001P-67eec1c6630f,1010645,BNG_100KM_E2_N0,EAP-c590a5cb0139,2020,1.0,e001-terrain-v1,128,verified,pass,pass,elevation_normalized;slope_degrees;hillshade_315_45;local_relief_r16m,pass,e83a71534b573615b915e95320d3b818ae62d2ed1b704c265d2f41b391f2394f,1bdef370e544ca29c3d1578a352cc16e03ddc8bef287d118e00a4598086e893f,8b4a30271416ee91b06535302dd030c434c6ac1e175ff817618a8f355f114b53,False,E001O-0134257b26f3
E001P-690b78984e71,1007339,BNG_100KM_E3_N2,EAP-c590a5cb0139,2020,1.0,e001-terrain-v1,128,verified,pass,pass,elevation_normalized;slope_degrees;hillshade_315_45;local_relief_r16m,pass,d47cb61aba46348d37ded6e3f17df676548ec783420297856deb6906ff4ed7e5,25b1fc149d7a70d0fe79461f52e414e611bb0acba5e1f8f98e3692605faa0c68,fb65838cb64afd93b423e2be9de36edfb745d73590f6b0c08de85285cdca4566,False,
E001P-6b114d58a5e4,1008540,BNG_100KM_E4_N3,EAP-a800a13742ee,2022,1.0,e001-terrain-v1,128,verified,pass,pass,elevation_normalized;slope_degrees;hillshade_315_45;local_relief_r16m,pass,a907b3e7b89541c5dcfa2da4f338ae3f95ae00a2368e5a517bf7eb69cfd7a8a9,e60683d61ee41f819585ef69ddfaafd426b3918103696979d79e7028b338e51e,dd07755b89531f9153828287d4bed485cf1409f0d2ede69ff1425a9dfc4a23dc,False,
E001P-6dddae8dd8be,1008051,BNG_100KM_E5_N1,EAP-d3a871d4f09e,2019,1.0,e001-terrain-v1,128,verified,pass,pass,elevation_normalized;slope_degrees;hillshade_315_45;local_relief_r16m,pass,be5664cf60be6b3b63ddd9027fe78bf6d10e4d7463c974650c95c4cd80d45d64,0e71e89967f524abcb82ca0d3c507b6357743180e88846a33091c3913b78e1c3,9e2f73ed73de445dbcdf5756fac557d3fb34b33173b492f4d432c493df64b2f6,False,
E001P-6e6dc6aeaba3,1012835,BNG_100KM_E4_N4,EAP-d85b0f0821f9,2018,1.0,e001-terrain-v1,128,verified,pass,pass,elevation_normalized;slope_degrees;hillshade_315_45;local_relief_r16m,pass,c335fc8c9051a127d3ae4846c6dc09fbb9cd058a2753b5b266bbc4adbc89c1d0,cc3fc1ba592cf5d863a0d19641454baed0cd269154daeb805a3b3c6783f183d2,fc8d89d7c1401a4ef4e35690b1e1263b5e236d48f4eea967f80cf0a224272ab1,False,
E001P-6eeda8f0e090,1017980,BNG_100KM_E2_N1,EAP-71ad6a50942e,2021,1.0,e001-terrain-v1,128,verified,pass,pass,elevation_normalized;slope_degrees;hillshade_315_45;local_relief_r16m,pass,76fa9b09e6fa42a738d69bad437f0e1f84b474c984ff83dcb578568b88926bdd,ec2a7b52aed226205fd9cf0248ecf937347b9e7b80fe28bf5347e0886d28aa9a,cf6d32487320b2218b67aa9664765452505f87d8ecb2dd34275f45e21752cdb1,False,
E001P-6fa8fb71d2a7,1008729,BNG_100KM_E6_N2,EAP-d85b0f0821f9,2018,1.0,e001-terrain-v1,128,verified,pass,pass,elevation_normalized;slope_degrees;hillshade_315_45;local_relief_r16m,pass,d729e44de8452338fb0ffc86edfd7e2d2f22d45e69ebc35b413414e2c5f9f662,e097d22f16b9c122930ec0217adeff0d3f674ead8f53679d2adca9d43f028dc9,d5644a4cc68518d05f47c10ee7328b22873e014fff3c34e16fe3872835355691,False,
E001P-705e35b18f9d,1007746,BNG_100KM_E5_N4,EAP-c590a5cb0139,2020,1.0,e001-terrain-v1,128,verified,pass,pass,elevation_normalized;slope_degrees;hillshade_315_45;local_relief_r16m,pass,6c9ea869ad4d63bee0ed84ebdbd5a9d4498443254d4210dffca3d43a2f83c3cb,a05f3557cea99dcab447e107fcbbe5a35da4fa3c0a23f789ae8c25ca4523a542,5198ba2dfa616d4b18bbc5aebc86e52917e6a6584c1238d1623350204aff5ee0,False,
E001P-71180cf95f17,1007731,BNG_100KM_E5_N4,EAP-d85b0f0821f9,2018,1.0,e001-terrain-v1,128,verified,pass,pass,elevation_normalized;slope_degrees;hillshade_315_45;local_relief_r16m,pass,afcfc43887a466aec9ec78cf4634a08e71a0234738f3f42503d15a0bc9295f2d,cf3dd27e8196e573a55cc3c494d50920a1413f978c29ce439cb090ad8d6abc40,942d79f16519a20f154c83f46169522d958b694794652ae765fdefa5e4635a6b,False,
E001P-71b63fbfcc4e,1018041,BNG_100KM_E5_N2,EAP-d85b0f0821f9,2018,1.0,e001-terrain-v1,128,verified,pass,pass,elevation_normalized;slope_degrees;hillshade_315_45;local_relief_r16m,pass,05d7ecfe43d0153fe8dd88f6a110a01d152d6b25968d9f5972aec96e30282883,3e45df44dac1a3dfcc9abd3270bdca4941b0e5a6919558f42f5e4d389e51f22a,f76be6b90376abc25d3d67d96f2da1f362caed6ece8caf960af21ddbca7faee9,False,
E001P-71eede38f6be,1007788,BNG_100KM_E4_N0,EAP-71ad6a50942e,2021,1.0,e001-terrain-v1,128,verified,pass,pass,elevation_normalized;slope_degrees;hillshade_315_45;local_relief_r16m,pass,80209e842c1a7991a4ebc836b39ea5a3f70c0baec51b0130ce0e5b83a9330df6,650ddba6e27c2276644c9862296f7b019190b558e47c83cc4a77d57fd4f3c524,fcc1561f0bd7338aaac3a84376e1c6bc7fe5854a6a0d9aa86f088c30a1f8460e,False,
E001P-750b1717762c,1014949,BNG_100KM_E5_N1,EAP-d3a871d4f09e,2019,1.0,e001-terrain-v1,128,verified,pass,pass,elevation_normalized;slope_degrees;hillshade_315_45;local_relief_r16m,pass,5585b956fdc199887a3a9e17ec385a2c660f40fa4f7cc11c80bc602e94f9d5bb,cc8d637e8a979d86b7bc8dbab925c6de6af6621061252ed6568d340ca358a5b9,4ca2c6442bec04debd24acf916a0a3b63f5044353e44f076904ea55cd71dee4f,False,
E001P-76344d8fd08b,1017349,BNG_100KM_E1_N0,EAP-d3a871d4f09e,2019,1.0,e001-terrain-v1,128,verified,pass,pass,elevation_normalized;slope_degrees;hillshade_315_45;local_relief_r16m,pass,0d5a8029d626a57a4f66c8ace5e14d0b697625aa195c115ab3e8cd6ea3f80163,90240a67c90906929d272b4789ddd786b882dcbbe7aadfebd1af369162c39853,66b8a7e959b6e428b35a9d8692dd5e32f1c6910a6dce0375921e28e05ad69d9f,False,
E001P-76ee91b25c33,1013790,BNG_100KM_E3_N1,EAP-d85b0f0821f9,2018,1.0,e001-terrain-v1,128,verified,pass,pass,elevation_normalized;slope_degrees;hillshade_315_45;local_relief_r16m,pass,150bb554f609910abd58ccf1e0f1ca5acd720e2f1696881e8496da75eeb0ab83,5e24ea2e83eedda7b47f66189a6f33d4a52a552cd6c589d473e75b02225091c7,1b04c9c8b776d2d7f5d8ac455778d2e97d2828a81750479b23c3fc18c10dca75,False,
E001P-7789edb5f273,1016845,BNG_100KM_E4_N2,EAP-71ad6a50942e,2021,1.0,e001-terrain-v1,128,verified,pass,pass,elevation_normalized;slope_degrees;hillshade_315_45;local_relief_r16m,pass,75c3c0fd7617f995e3c6b02c75297197b864e506a46d92a1ec264b58e9429c6a,e2c28600e2128504865ab3f7b1561a52ba38a79a29f9e1e1771b80f20de85137,7c96858caeafba29c805f2d7dbd0f457e086b97e0c90d95fbb54d3b50d3eebf2,True,
E001P-79e1cf88f0b3,1014684,BNG_100KM_E4_N2,EAP-71ad6a50942e,2021,1.0,e001-terrain-v1,128,verified,pass,pass,elevation_normalized;slope_degrees;hillshade_315_45;local_relief_r16m,pass,4d9ce89ead401f583358bb8de9fc4083f77548244ffe6a9f45674d51360f2735,01c36e19c801d41d11a3cf07e5e54d6965436cd065b8e4b98d5c773fd48155c7,bb9d593506aea6f6d9e13aa0d225480b621177a5e92cc549f638b5ce1f531781,False,
E001P-79f5b58f9891,1005451,BNG_100KM_E2_N0,EAP-d85b0f0821f9,2018,1.0,e001-terrain-v1,128,verified,pass,pass,elevation_normalized;slope_degrees;hillshade_315_45;local_relief_r16m,pass,dbab38a7ffe12f5d400c5b99f1a6eda8c2ad028299adcfc84f8559cd90682e12,4e67f73608c3ca0c16bfd103d9c6f35fa0ad7beff5a2d55805c8d5dbe7d0658d,1ed03c4ca886ef1a2c65b17cefd75e8955a47097549dfa3403863161bb414871,False,
E001P-7ce83bb20494,1020392,BNG_100KM_E5_N2,EAP-d3a871d4f09e,2019,1.0,e001-terrain-v1,128,verified,pass,pass,elevation_normalized;slope_degrees;hillshade_315_45;local_relief_r16m,pass,3b2bd9fd7035b6cb419fbede9c25e684c62c789362a160d8714409c70ed4d1a1,325378edd6a5bc83c56149e781b8c7c8528cf9d939259d6467bffe148cbaf557,e309e4b96eecc6b1aa41ee4ba423b5d1e3a7193b50c93693c8b9195502fa46ed,False,
E001P-7e28c3e6ee6c,1016665,BNG_100KM_E3_N2,EAP-c590a5cb0139,2020,1.0,e001-terrain-v1,128,verified,pass,pass,elevation_normalized;slope_degrees;hillshade_315_45;local_relief_r16m,pass,3badddcec9c1c6cab0ad34ff4ec609d7407a16acaa51f8f1b70c8fcc1849613c,ca30a3808f82b34d86f826749553b79f4640bfffe872c0011ad21211b892562f,f2f7f76d88bfd4a8f82c49f9937588feecdd3b7d0d4aa4a2ac9707c89695bc42,False,
E001P-7ef626876471,1017281,BNG_100KM_E3_N0,EAP-71ad6a50942e,2021,1.0,e001-terrain-v1,128,verified,pass,pass,elevation_normalized;slope_degrees;hillshade_315_45;local_relief_r16m,pass,a5328c2e6f995fd7d7eb86f5e6e4f56ac50352cc6f4170f54e480afe3083d432,e8152ea50cf0acc5650e19503057db33c842057aece398af575b2b14b94f2db1,bc0a0ecfdb40f514b3dd17249344fb7e09cf3624393f1f9a7c1636353b2e93f3,False,
E001P-7f15cf198a5e,1017347,BNG_100KM_E3_N2,EAP-c590a5cb0139,2020,1.0,e001-terrain-v1,128,verified,pass,pass,elevation_normalized;slope_degrees;hillshade_315_45;local_relief_r16m,pass,ebbf5a51ea5d956e9557e0b418d8809de0ecc2fb4381310becab490d4e46f061,e51c587ca2cafd4e1adf47b318cd0a37690ba12c2c34d651e84f252accfce3f4,d809cdcb9c56c5b69d48578095aeed568042bdaa102f9b36a97779a89d53567f,False,
E001P-7f1a2d3e35e8,1012334,BNG_100KM_E6_N1,EAP-d85b0f0821f9,2018,1.0,e001-terrain-v1,128,verified,pass,pass,elevation_normalized;slope_degrees;hillshade_315_45;local_relief_r16m,pass,d514f3502b923ccb16b3a8e51655a9cd37897b1a916c798af9bdc490a417c443,9bda239bc52193a7745975c810dd4341036434aa9f1d09a5d9407491aff74536,00119fa7a12cbc8bc358893d4e8152aec2833a668e828017b72d223f396e65df,False,
E001P-7fcb5e488cac,1021126,BNG_100KM_E5_N3,EAP-8e32eccbc87e,2017,1.0,e001-terrain-v1,128,verified,pass,pass,elevation_normalized;slope_degrees;hillshade_315_45;local_relief_r16m,pass,257e9d8ce45b000659ff925676e52ca4cfa7b8a1e8453591b0faf66b5d701299,b421e59c432521e70f8eb532873fac0b8572a96898e37ce7c42ee00de639229b,d22f184e43a43115207abb0de44c9fcac30a237e676af605c0d5953486511cf2,False,
E001P-8078c8ff9e4d,1008060,BNG_100KM_E4_N3,EAP-c590a5cb0139,2020,1.0,e001-terrain-v1,128,verified,pass,pass,elevation_normalized;slope_degrees;hillshade_315_45;local_relief_r16m,pass,9b5cb062f6233eb08bd6adf30aa129c12678f232b1725aa3599c81f06d821cf9,49b40e126064e0dbfff13a0724721166cb0d3cea24974a85beae4378f5ff65b2,f2b113171d4a198e03cc0fdb983ca9a204c740c7cdad5efc30fafca33499ceea,False,
E001P-8214b5bcd75b,1011765,BNG_100KM_E6_N1,EAP-d85b0f0821f9,2018,1.0,e001-terrain-v1,128,verified,pass,pass,elevation_normalized;slope_degrees;hillshade_315_45;local_relief_r16m,pass,1f560aae721e08659b5eece40800727b6128af572c51035a96f0c0434439d8e4,feb851a1f1474e0d3df4a6a2964bb7443ba28328f22bd15b4d823a94b8b523f0,73ad0d74aa27329f457a989b31ff730c7e5b495536e5798d21c458f990963bdb,False,
E001P-8321ac95cb70,1016874,BNG_100KM_E3_N2,EAP-d3a871d4f09e,2019,1.0,e001-terrain-v1,128,verified,pass,pass,elevation_normalized;slope_degrees;hillshade_315_45;local_relief_r16m,pass,039305bc6ffbb3b9d0b558dba7b4c1ec8f57a529e14aca90a39f24c499891489,35f171c8ace09c801bbb00065f094f815408d4a6d2e6f597c65e0d09df385133,360670fc980f1e4262f1a51dfb6f34197690a6540211164dabd43ee3056add5d,False,
E001P-83bdeb53a64c,1007342,BNG_100KM_E3_N2,EAP-c590a5cb0139,2020,1.0,e001-terrain-v1,128,verified,pass,pass,elevation_normalized;slope_degrees;hillshade_315_45;local_relief_r16m,pass,dc5314f523609e4b635ad36d70571e9a83aa79b2a44c3106e1b8d780dbeda9fc,62fe3c468db109fc17e2eecff6637998dcd0d6af2e7a0b4b35efc976f922abf1,135593e4190bec8567928c83a4d7084934e9bc24872adb8d2dc6be985cc3b5a4,False,
E001P-8505ee9811d7,1018487,BNG_100KM_E4_N0,EAP-d85b0f0821f9,2018,1.0,e001-terrain-v1,128,verified,pass,pass,elevation_normalized;slope_degrees;hillshade_315_45;local_relief_r16m,pass,74c9aaa4b22893e4a73e6898bd4b213dffafd0ed5ca4bb5d3fc03d7f6456d739,87bf9a63a077850f3f7c48a75593614afcfbc1deb95496afc51fc03f97e7f986,9eed8575746dff04d3aa92d87f823b176aa09ad9cc50aedb878beb89a46e02bb,False,
E001P-85c921cf5c14,1009432,BNG_100KM_E4_N3,EAP-a800a13742ee,2022,1.0,e001-terrain-v1,128,verified,pass,pass,elevation_normalized;slope_degrees;hillshade_315_45;local_relief_r16m,pass,7755c8446098eef26ef712b95694eb2b64f581a004953c7675a502a3dd74ea48,48f030cec900c6307bbf2b9f0e59ecacf7ed9b1859307240b2f9e1967579f869,c71dc3d9205b7c20ef747ab7935b9a0df81d5c6be198fdbb1965474c0f48ab5a,False,
E001P-86397d907061,1012100,BNG_100KM_E4_N4,EAP-d85b0f0821f9,2018,1.0,e001-terrain-v1,128,verified,pass,pass,elevation_normalized;slope_degrees;hillshade_315_45;local_relief_r16m,pass,aac3c6daf4ca16e469587c3ce49a174c27020a9f42465e7ca4e6a64fb9faf8ce,f6990696d8cadf768fcc5376bfbcb789608f7bfd19594438b80a7fa74f03f13b,38d70c00d666bdd27d26dd5b3c52782625c55101e651e148f990626a29919a08,False,
E001P-8914a8fae3e9,1009480,BNG_100KM_E5_N1,EAP-71ad6a50942e,2021,1.0,e001-terrain-v1,128,verified,pass,pass,elevation_normalized;slope_degrees;hillshade_315_45;local_relief_r16m,pass,3e4bd38e5e162a511cd3b5f795fb3d9105c037ad51df3ff577836730f0a2bbc2,03f663990544d7c6ba8e9fa601488e3532e1185d79e108a9cb0c0a155b98e9f6,efd8d3ae805eaf15d3b9b942c2f7d025a8308d53f6cc01c3ffc4587cb20abff9,False,
E001P-89e1106f0180,1010561,BNG_100KM_E5_N3,EAP-d85b0f0821f9,2018,1.0,e001-terrain-v1,128,verified,pass,pass,elevation_normalized;slope_degrees;hillshade_315_45;local_relief_r16m,pass,6fabb4d866dc5d27a0818345b0dcebf7ac5e06605dc6e83b3751c68fd0140e80,71455e0a46c6ad0c2cd483294b9a5e0ca6fa6b34e4481ce714f3512df56f3741,fac74642dd1714485be6ceddf41b7f96617917f30b3eb425c17ffd73adc98373,False,
E001P-8a576a7aa52a,1007354,BNG_100KM_E6_N2,EAP-d85b0f0821f9,2018,1.0,e001-terrain-v1,128,verified,pass,pass,elevation_normalized;slope_degrees;hillshade_315_45;local_relief_r16m,pass,9feedc855edc6dc0de52e189a888bc10cb74f8c8277f22ef4ac19a74c87e2b81,f029aa42d6393e1954b051d29588df77e06f7b7541ac24d876cda678bd349b27,ab617b23d1f82b0f8b80d4f2864ea4ef940d724d176feffd12fa34ad563996ab,False,
E001P-8a5f8eee2627,1016643,BNG_100KM_E2_N1,EAP-71ad6a50942e,2021,1.0,e001-terrain-v1,128,verified,pass,pass,elevation_normalized;slope_degrees;hillshade_315_45;local_relief_r16m,pass,d3af23c64cbd6151ef5f72cc01dd311e84f4cf7a541fd07b44f2eee428c29dbb,d638df038ba99a2374045c373f58d470d577c8de482b3458cfe4b9a5b0429f61,7f7b13172a56a5ee63550af8c7240fc34b519dc9dd90573ed1fd484513e10827,False,
E001P-8a6edde9f5f0,1021316,BNG_100KM_E5_N3,EAP-d3a871d4f09e,2019,1.0,e001-terrain-v1,128,verified,pass,pass,elevation_normalized;slope_degrees;hillshade_315_45;local_relief_r16m,pass,317d2ce6105e09f462985dd60dcf814d38889bf92f948d4117c2a565b6028907,4d9af36055ca4029b6f07b1b057c377097ea0f1fac6a609b06d3fb2c85b52aaa,1d4134fbe3c6accdd1d3ae226b8ab6dae5fdc8085ed0c7ced65fe4eb9c13c6ad,False,
E001P-8bbe430082f9,1016092,BNG_100KM_E4_N0,EAP-d85b0f0821f9,2018,1.0,e001-terrain-v1,128,verified,pass,pass,elevation_normalized;slope_degrees;hillshade_315_45;local_relief_r16m,pass,e9b89f97352d126404f72a7dbae504d54cc6a47c203641aa331fa7f0e354ce9b,27642d4a8f0b8d98b45019c2148f4d3fd0e6978030517f495577dfa3afa0c1e3,dd09f67795f49ad8bc147e109673214319d51717aaa61b40d0e19966abd9c529,False,
E001P-8ea850b4b7ec,1017078,BNG_100KM_E3_N2,EAP-d3a871d4f09e,2019,1.0,e001-terrain-v1,128,verified,pass,pass,elevation_normalized;slope_degrees;hillshade_315_45;local_relief_r16m,pass,a3bacc7be20f3422eb1c73e1e1c570d08e2e64cf179eb1423e358611a079bdd9,29a2aea5f92dce2f189dd3d681238e65f80bcc24b3788960b945a454aa05b893,0d885a388666011eb2cc3c124f19354daee7e3e04e0c9222b8892c818f04f655,False,
E001P-905ff0dc5816,1008004,BNG_100KM_E4_N3,EAP-c590a5cb0139,2020,1.0,e001-terrain-v1,128,verified,pass,pass,elevation_normalized;slope_degrees;hillshade_315_45;local_relief_r16m,pass,105d1a15338ed729a3f765949e45cce849ed67424b0cbc3aded10c9241b3ccc1,af337d57768113afb1501f11ed90780d2a119f7fcce8aa80ee64c039058df06d,cef55ff5b04aee2e922b34f20ef23f3942d32bb512189f7bee22973602df45a3,False,
E001P-90b88f74492d,1016837,BNG_100KM_E4_N2,EAP-c590a5cb0139,2020,1.0,e001-terrain-v1,128,verified,pass,pass,elevation_normalized;slope_degrees;hillshade_315_45;local_relief_r16m,pass,3f461837c84c8c28e01e9c932dbfd0cae47836dd2c31ec4cb4129b883eb55cdf,1edf4bf8ac730e8f31d37aa2f6574888f49d910b760aff4c3e385f850a6eb567,9a8fa110b1b336481a9cee01fe00996a052799895285339bd203add431406cb8,False,
E001P-92143d5878a3,1016529,BNG_100KM_E4_N2,EAP-c590a5cb0139,2020,1.0,e001-terrain-v1,128,verified,pass,pass,elevation_normalized;slope_degrees;hillshade_315_45;local_relief_r16m,pass,c6cecabf1752cfd1aa946d7fbb3956af90cc5b0353a0a1c4fc260f2cf42621f1,db51ce1022774cd8d22ac98d41f1cfba02f7980c9e00467d8c0e0ba3b34a7878,576bfd4cdc24f2da3d10deb74bbecf984549dbfeca925352ff92042cd37cf632,False,
E001P-92891941774d,1008923,BNG_100KM_E4_N4,EAP-d85b0f0821f9,2018,1.0,e001-terrain-v1,128,verified,pass,pass,elevation_normalized;slope_degrees;hillshade_315_45;local_relief_r16m,pass,d9476951689673d6bb912410a77a65d13cb6369eee7ebe3a6a90cecf1d254986,bd7cb185c1a55b654f9f3eace718def4922257059c32d62788329f7f177ff768,42d8c65670288c65e4d7590a0c29d359907f6ad5e1c0448fea45c6827b1d60bd,False,
E001P-9373abefa18c,1020068,BNG_100KM_E2_N0,EAP-71ad6a50942e,2021,1.0,e001-terrain-v1,128,verified,pass,pass,elevation_normalized;slope_degrees;hillshade_315_45;local_relief_r16m,pass,502e77e75a78af589ae1047b05fd8fcc52c51a81b21cbbcddd1ece1acb6453f0,83d1416eef31d526641632a5b591a223a4ec0932ce999c010321ad4a0cfb895b,c2595765cd3a197e731791117f60e8bf369318edf4eef673774026ccd9419fdf,False,
E001P-93c43fb91947,1013853,BNG_100KM_E4_N4,EAP-d85b0f0821f9,2018,1.0,e001-terrain-v1,128,verified,pass,pass,elevation_normalized;slope_degrees;hillshade_315_45;local_relief_r16m,pass,f550cd5c637679810e5901de9bbf92fb19188b0fa30b9c80670c363c052a5624,0126ac7b572a612805e175afcec7fc517bdfa50721f0ea9fe9e00d774da8c7d3,b172bb397ccac0bf0510a8717dd2d92105fcb24fa1a811283206dad7b5802d6b,False,
E001P-93f400cba9e9,1007742,BNG_100KM_E5_N4,EAP-c590a5cb0139,2020,1.0,e001-terrain-v1,128,verified,pass,pass,elevation_normalized;slope_degrees;hillshade_315_45;local_relief_r16m,pass,b0a4bf429e31304db2147066ef6032f37c97e29dbdaa2d2edd8b32a31ecb73c3,751c52b5e8ede3a8a09b2fcf9d0dfbc7ecb745e4d44bb25152c745c79cda369c,e0356564cc2684d5fe399533bc1220fce04ca9fbd54af5c23fc777da07f89488,False,
E001P-944e996f6a0f,1008912,BNG_100KM_E3_N4,EAP-71ad6a50942e,2021,1.0,e001-terrain-v1,128,verified,pass,pass,elevation_normalized;slope_degrees;hillshade_315_45;local_relief_r16m,pass,a3111536b3650e423341761b489ddaff6ecb02196050c37dc15c168160ddff84,1eee8f60a1bd9b070fd60070208e2254d7fd972d1b3ef710ca44dd147b009e7f,1182fefb126f260b9335884a9678be02363695ad2b4ba7fe351d5e30d973263f,False,
E001P-948e527497d6,1007738,BNG_100KM_E5_N4,EAP-d85b0f0821f9,2018,1.0,e001-terrain-v1,128,verified,pass,pass,elevation_normalized;slope_degrees;hillshade_315_45;local_relief_r16m,pass,ebdb5da138a0c2ee8ad7f89706034e60c78130abc8676ba1e7ee4d44ef7defbc,c1a339dcdf13c800bc96a6974d9b38cec82bdb2f1a80d0911351f73b9682d132,9c8aa31313c64c0d259132c268fe9c459b4ff8bbaba61e85486ba62fbe53cb09,False,
E001P-95961326d9fb,1007355,BNG_100KM_E6_N2,EAP-d85b0f0821f9,2018,1.0,e001-terrain-v1,128,verified,pass,pass,elevation_normalized;slope_degrees;hillshade_315_45;local_relief_r16m,pass,7107aaacad23795856872275009b2941ab93a2a0094d8683f6218c28ba6c742a,db36a9746df67d0d44a95d69458c21b0b339c1519eb649c05eb4dd0ad4ec3da7,fdbd79970a44977e5e12f115bede5ee5f2776dc62f8b97f263cfaf444b97497e,False,
E001P-96316406051d,1015365,BNG_100KM_E3_N0,EAP-71ad6a50942e,2021,1.0,e001-terrain-v1,128,verified,pass,pass,elevation_normalized;slope_degrees;hillshade_315_45;local_relief_r16m,pass,d6efcd0d69655b0a97ff898e1abff8e1feffc1ce854de55088fb74ac65b1492a,e735b2e2d9effa391b178c8f524b41ac986fa9051584ff154370380716f33005,5ef2036348d7c78865452d48881fde6d0636b0c966b6e52921a33e1034b01157,False,
E001P-96c4037242f3,1007588,BNG_100KM_E3_N5,EAP-71ad6a50942e,2021,1.0,e001-terrain-v1,128,verified,pass,pass,elevation_normalized;slope_degrees;hillshade_315_45;local_relief_r16m,pass,dcffc20138d3cd2ae25b6d548e4a4af2baa70574d2bcb7dde94619bb54942785,ff7b7d6322e7d328a9e6b6617fcb68f7146ffc4a9f28c12111975ae5c97bfe26,8e954228da7e7fed8d06429ec07dfef4efe9e5ce5a81ea2b6f41e5d102efac7d,False,
E001P-99d3e2abc9cd,1004476,BNG_100KM_E2_N0,EAP-d85b0f0821f9,2018,1.0,e001-terrain-v1,128,verified,pass,pass,elevation_normalized;slope_degrees;hillshade_315_45;local_relief_r16m,pass,9628bca7a9f4210e772316b81c57a993990c4fee40a91ba5cd0b4c388ec81c0f,4c001c60e2b744261feb6cdb2f3a440b5d7a954a70eebc16fe1490d290db9c48,957e02a8ce6958ffbb8369230347442638eae86cba4fe13f41bcccb0a9c2653a,True,
E001P-9aa4160449d5,1016093,BNG_100KM_E4_N1,EAP-8e32eccbc87e,2017,1.0,e001-terrain-v1,128,verified,pass,pass,elevation_normalized;slope_degrees;hillshade_315_45;local_relief_r16m,pass,c4d21d256b1985637ccb34011f831b2679629ab5ebcccf295ed92c32101a21ca,b13d32280bd94be59f9284757af530e6a1b994473dd1993532eb46d521c70f9c,f64e8bdf4c83c79a57a821e795f2609d539cdbfc9df49403de6497d0ed4f23ef,False,
E001P-9cfe5cb179a7,1009801,BNG_100KM_E3_N1,EAP-d85b0f0821f9,2018,1.0,e001-terrain-v1,128,verified,pass,pass,elevation_normalized;slope_degrees;hillshade_315_45;local_relief_r16m,pass,8579d5276f179ebc2c50e8e34fdadabefa83434189bcba8a4808c49893698628,84adf646fc6c984c30c94876e2d106d5fad75a8d544f6978ad03d8a8b1ac67cf,a60f5c03838a30332196a45d5cceae9c5cd184764ea4f4fc4c9363246ad9977f,False,
E001P-9edb40de9bb1,1010643,BNG_100KM_E2_N0,EAP-c590a5cb0139,2020,1.0,e001-terrain-v1,128,verified,pass,pass,elevation_normalized;slope_degrees;hillshade_315_45;local_relief_r16m,pass,b593218217f17e295f1a3ef10b6350ea5710f9d1a6104f8e89aa742663283435,3f761718b9776577a38db2985741bc81caa6a966f804dafd462c2f4fb61dab96,7386ab43aad171aca43e3b9f960a46032ab69ed2cc1b56f05367eaccd15fd576,False,E001O-0134257b26f3
E001P-a01e74e62a62,1010557,BNG_100KM_E5_N3,EAP-d85b0f0821f9,2018,1.0,e001-terrain-v1,128,verified,pass,pass,elevation_normalized;slope_degrees;hillshade_315_45;local_relief_r16m,pass,6628b974a18801661e352cdb7f1e8d0576aed932515710053f7b60e0d6bd5ec9,4a803c93387c9e865041224eed76d666b2e0dd8e43e8906e22fb1d317a354838,261792565664640ba6dd58fb166305d558a7eeaa134b475a33ca43f4ca19edb7,False,
E001P-a0444b9b08e1,1021307,BNG_100KM_E5_N3,EAP-c590a5cb0139,2020,1.0,e001-terrain-v1,128,verified,pass,pass,elevation_normalized;slope_degrees;hillshade_315_45;local_relief_r16m,pass,04b5773f56f99e0f730925a13045394a8c399b144fc6311788e01897d9029b29,580591d62c5d8d71a3bd0ed83384b7c21a170838d2a1a4ad572c7363febffce2,c65731565b9b8eea887821d6d5ddc135cae24fa253154ca8deb749a66ab6e1e3,False,
E001P-a0a61ea84389,1008660,BNG_100KM_E3_N5,EAP-71ad6a50942e,2021,1.0,e001-terrain-v1,128,verified,pass,pass,elevation_normalized;slope_degrees;hillshade_315_45;local_relief_r16m,pass,f1c3716bad9429d2b04a1b22a98a6746d282849640a9aeba793f526c918f3004,b586cb7f87ac40356bb4a36a898b53717d3c5ecc96d47a0e8bcbdf6e8e0efaf7,08706af2115351bdbcb52c73f0315a6572ba40ac8c84db86e64f76a575b57c42,False,
E001P-a1c48e4372af,1014584,BNG_100KM_E3_N5,EAP-d3a871d4f09e,2019,1.0,e001-terrain-v1,128,verified,pass,pass,elevation_normalized;slope_degrees;hillshade_315_45;local_relief_r16m,pass,0104732560385c307fa7676643cbaa4344e7de6db339bf425e0195d28d564a38,3fdc0c07af219724ece644e7bfebdc2cb490c80fc3c9894ad870db444257c7bd,ef308c1075b45abe185f37454c0e687e83fa415aff5e754dd310611040987005,False,
E001P-a3a09d764ae7,1007640,BNG_100KM_E3_N3,EAP-c590a5cb0139,2020,1.0,e001-terrain-v1,128,verified,pass,pass,elevation_normalized;slope_degrees;hillshade_315_45;local_relief_r16m,pass,d95dd2de220bed67e3ac8cf84795f5991d106ae3790937f06ffb31eb8bd334e6,ff3e47981585c6a92f9eb485a6ba282a070010a032aa09c8fccac28344e0986b,ebc7d0319a666119108fbfb50febb9136d0b6dd1a9b7a1881e5d24ebe9776087,False,
E001P-a44ea7c11940,1007786,BNG_100KM_E4_N0,EAP-71ad6a50942e,2021,1.0,e001-terrain-v1,128,verified,pass,pass,elevation_normalized;slope_degrees;hillshade_315_45;local_relief_r16m,pass,8e65aebbd7822ced87349fcfb550afd144661694ad4ff4bf93bf6bdc1f92732b,b4d3a6d7b44910eb5e7360028f90831d4c4c1243515b9d5d270d2ff246169efb,a7b053a8cc7f547b46f8e2e7c9767c6fe56f5841345f559c25cf1ad25da7420d,False,
E001P-a6482e55b7ac,1010109,BNG_100KM_E4_N1,EAP-d3a871d4f09e,2019,1.0,e001-terrain-v1,128,verified,pass,pass,elevation_normalized;slope_degrees;hillshade_315_45;local_relief_r16m,pass,eea1a794f105ea0e10c395debaff383247cdc11337f6c2e03c9577c1ff6d9702,57b3b0594ae243ebbac702472c013cd6d5287ebf6a0d1e731f4062cb2509c810,97cae9ccc391cadaaa4cd0e23187edd0ecc40ef3d680205b82692343b8cd3625,False,
E001P-a686988f538b,1011521,BNG_100KM_E3_N1,EAP-d3a871d4f09e,2019,1.0,e001-terrain-v1,128,verified,pass,pass,elevation_normalized;slope_degrees;hillshade_315_45;local_relief_r16m,pass,95d16c2ef747577c6c4d87e3215eb8e277b5fabb75a4e90a17634ef6741d34ff,e41b59f6188590620839e39821d6b9f2b7ddec69b41fd8836e2478de08cae597,743ec9567445d44513d0a6ae0d777110ebfac6c77046b3809180d6f34a4d1134,False,
E001P-a6b7209b6679,1016648,BNG_100KM_E2_N1,EAP-71ad6a50942e,2021,1.0,e001-terrain-v1,128,verified,pass,pass,elevation_normalized;slope_degrees;hillshade_315_45;local_relief_r16m,pass,02878bacf9bb8314f83d1679a600a19278c4e3704e6234dc14ed3b5dae83104d,d4f5a41f3a8ed095bbb70adfc3088a7f234f0ad68eae88974538f43eb6121cfe,2ea2bc5c99fb9d90c06c0cb2c0883037fe5fe6d25d40e93f093c30ae38f7afcd,False,
E001P-a93713ddc738,1007739,BNG_100KM_E5_N4,EAP-d85b0f0821f9,2018,1.0,e001-terrain-v1,128,verified,pass,pass,elevation_normalized;slope_degrees;hillshade_315_45;local_relief_r16m,pass,052268f13430a823dff94498a2583d26ae59fd05b22cbbb7b1259109d4f0efe9,a2538a4d6876844817d01f43b6eed20d21ed22e6f0daf0ae98660ff7e3faa736,07f9b96e409e57f65c22deaeb755d6bdc96b3df63972edb77aa6cfa64a063a9e,False,
E001P-aa1f045560d2,1018255,BNG_100KM_E4_N4,EAP-71ad6a50942e,2021,1.0,e001-terrain-v1,128,verified,pass,pass,elevation_normalized;slope_degrees;hillshade_315_45;local_relief_r16m,pass,90724d325585dc1600659aed830fa2c2a4c39bf23f0f4b122e84a44747930310,91c20ae1ff2e3e887f1fa1108b7b68ec72bc047fa3950a955b578459e03ef680,87adbd3c3b77a10112a449b0b0e0956abc53e1aa1da922907e707ce6b3d167a0,False,
E001P-ab4b8a5c2e43,1011164,BNG_100KM_E3_N3,EAP-c590a5cb0139,2020,1.0,e001-terrain-v1,128,verified,pass,pass,elevation_normalized;slope_degrees;hillshade_315_45;local_relief_r16m,pass,a9d299e6079b35e88cdc1b0de7fa38f098195ab7dbaaffe884f0b319846581e1,777e6d3fde588cca028c917b6c46bcb4dec2b6db140cf10dc5205b4ed11ea2f3,93d24242cb59875c2a3761890a6aed4f236959377a40169ccad2b93e54318e08,False,
E001P-ab89695df8a1,1008398,BNG_100KM_E4_N2,EAP-c590a5cb0139,2020,1.0,e001-terrain-v1,128,verified,pass,pass,elevation_normalized;slope_degrees;hillshade_315_45;local_relief_r16m,pass,d436649edc65e3291aa1ee7c43fc5ea24927725c30d8e5e7c0fa05cf6ae1ba73,bcdc389c08b69403f94942bb5c792df920dfef5fa2068c2b9f8455a862c0f19c,1835c96ab86b160b075448833f65383663bbc202afbfcc23da686b5f285f8cbf,False,
E001P-ac6f8251f22c,1013586,BNG_100KM_E6_N3,EAP-8e32eccbc87e,2017,1.0,e001-terrain-v1,128,verified,pass,pass,elevation_normalized;slope_degrees;hillshade_315_45;local_relief_r16m,pass,20d8ad85a9b11ba14a6a44a01ee11e40d9ce0cae426cc5746713a97b999f1da9,1d96e1114517fc5036b0f9315fa1e6f0c855e539fda4b18e02b3a3c5b06d8006,a12e580f5fd5c7ee8d753bd5a9fa6589f4e9f6725028ae33af83a21f5d4c1a94,False,
E001P-acdd418210f8,1010716,BNG_100KM_E4_N0,EAP-71ad6a50942e,2021,1.0,e001-terrain-v1,128,verified,pass,pass,elevation_normalized;slope_degrees;hillshade_315_45;local_relief_r16m,pass,735ccb1f947a2ea3383c23baae750282c720608ba1ee2fbfb6828befd3bef35f,f8ad8d22145e63cdd7980523b4ca61227c93e680b02df317d3fd9d721d9103bb,d3151131b16b8da514d566db4821b0eaf15e957fd4049d55ea066207a42f057e,True,
E001P-ad8f6b645dad,1010104,BNG_100KM_E4_N3,EAP-c590a5cb0139,2020,1.0,e001-terrain-v1,128,verified,pass,pass,elevation_normalized;slope_degrees;hillshade_315_45;local_relief_r16m,pass,940db4a3cdbbcd80994af22ecd9da6b98be19995e674bea42be49bc469ee927f,3922a976cb0049d7bc4c93181403e13fa9501b004227abd5b64a102ac354fda5,80ce9b5e6d7eeb08018e28fa3004a606f7ddce3f1ec73733e0b1e963fcb1c2d6,False,
E001P-adbfcccc3eaa,1013435,BNG_100KM_E6_N2,EAP-d85b0f0821f9,2018,1.0,e001-terrain-v1,128,verified,pass,pass,elevation_normalized;slope_degrees;hillshade_315_45;local_relief_r16m,pass,e05147b0350843485b1b9e689ad8d41901a2175a1414b8447cd20718f4203e0d,1e8343dc85f217d9f141e39bc94f4735cf77951efdeb9b01a873b64200511ae5,838ff7f65e26fa9b4871fbd027b1450c61c202365be6e4873200f99b717ccef1,False,
E001P-ae308d084fdf,1009479,BNG_100KM_E5_N0,EAP-d3a871d4f09e,2019,1.0,e001-terrain-v1,128,verified,pass,pass,elevation_normalized;slope_degrees;hillshade_315_45;local_relief_r16m,pass,a6136ac00ceeb2f068abeee225f8e09ad49674071c2fac6e729e59ff3f6a4245,30579f943fd69b5955771aa819d07e00e2745650dcf6857bc7d83b01a3233f39,adc792bcf04b99c7d22efeff70ec4484e90554050921b6d919047163e80e171c,False,E001O-bfb367ad9636
E001P-af9277ffa00d,1016652,BNG_100KM_E2_N1,EAP-a800a13742ee,2022,1.0,e001-terrain-v1,128,verified,pass,pass,elevation_normalized;slope_degrees;hillshade_315_45;local_relief_r16m,pass,16789ad0abc6690d619004813cedd7cc752da9d84723a3d1c79d64794af1aab8,ad13c7c4b9999f827a06a50c7061511ca923284e438d89ceb853a5306194a17f,dac951afd5463527c6e60ab71d4f0be3e68fc5494ad56933bb6216f3a2a060ba,False,
E001P-b048ffa78ee3,1011675,BNG_100KM_E4_N3,EAP-c590a5cb0139,2020,1.0,e001-terrain-v1,128,verified,pass,pass,elevation_normalized;slope_degrees;hillshade_315_45;local_relief_r16m,pass,9dbf2cd55c223eb14c46b01c21cf7bb00d2cff8e16df5c8cdf938e70984d58e8,1c2fb8ffe3d698ef6e3c6c1e61f3c19c36da24e66ad409f1986681a277ca6427,fefc1cf7bee2174fd1494a20a37b32fbeeaecb9eba311c419de133c0b1837a48,False,
E001P-b04ba3a7567e,1016107,BNG_100KM_E1_N0,EAP-d3a871d4f09e,2019,1.0,e001-terrain-v1,128,verified,pass,pass,elevation_normalized;slope_degrees;hillshade_315_45;local_relief_r16m,pass,b96a2f9fecf204584d8b9872a6ddcc69f25ab396a37dc5747477a05067c765da,5053746a3312bb43a3b693b0a359e2bf3a9a3880efcb92ecd5f7734777d9b472,7c4b381f9bba2869c61c1c80b19b27572b7429a620c687733a49470964310a10,False,
E001P-b1d5a1bbf5c6,1016077,BNG_100KM_E3_N1,EAP-c590a5cb0139,2020,1.0,e001-terrain-v1,128,verified,pass,pass,elevation_normalized;slope_degrees;hillshade_315_45;local_relief_r16m,pass,19fcfd08d7dc03a82edc8311e2a21823e0fd89a498b9de2d52e4f9359ef385cb,5f978a76e6dc5c65e45f9bb81065f8ef576cc78416edec5ad9c40447984f1303,9e83b1b5ee54ef738f145df877d5c240d5534d059cbefa968c63819737edd3cd,False,
E001P-b2e972d73ca7,1011156,BNG_100KM_E3_N5,EAP-71ad6a50942e,2021,1.0,e001-terrain-v1,128,verified,pass,pass,elevation_normalized;slope_degrees;hillshade_315_45;local_relief_r16m,pass,4e19343afdcd29907f86e8f614ab5a468d3e9617e9f8fcaa4187308d1bebd7cb,84b680cf53b8e4e9df14b38c2c1c0ea17312008309337bd0d2a9da70fa81c3a3,1956ea0b1d942fccb4d6a800ddb3ad98adbbaaf585cdd34f8330430a4404576c,False,
E001P-b446bc58ac34,1013114,BNG_100KM_E4_N1,EAP-c590a5cb0139,2020,1.0,e001-terrain-v1,128,verified,pass,pass,elevation_normalized;slope_degrees;hillshade_315_45;local_relief_r16m,pass,15bf77248fc282c4c1d27f4c13d4b1052c3c26c90f6180fc7e23b10ad2984c78,f35b6f5cfa368be3459fc7b8f75e006384868bbcf713d1d694abd7c7314ffa39,d0b6dc1ba741229c1157f8a04591be9a888c11c3db7097ffe38c01bd67f4332a,False,
E001P-b497d571efb3,1016229,BNG_100KM_E2_N1,EAP-c590a5cb0139,2020,1.0,e001-terrain-v1,128,verified,pass,pass,elevation_normalized;slope_degrees;hillshade_315_45;local_relief_r16m,pass,c6f11511a4e4a5037e37cf5c53e14cd46a8657b04f12e078a88940f39f503364,1b179e24c566f08f8b0ec1089429fb358a44e9b69c7fff08db091a6b97838b87,202fc8c666f2c109f06cdc68415a19ef26a8becaf6207fff29791c8c4895a7da,False,
E001P-b6647b399da4,1018586,BNG_100KM_E5_N3,EAP-d3a871d4f09e,2019,1.0,e001-terrain-v1,128,verified,pass,pass,elevation_normalized;slope_degrees;hillshade_315_45;local_relief_r16m,pass,72ec320b4c0380e09410dec9edbddadf5bf076fb42e0f86fd6084adab3b95f9b,f389fadc9bbb077ff656f8f6c3a5be53bc5e61e8019c137b1ec39ba7ca9f7fa0,8368de30f052d06bf25fda3c9db44129505b0a59d5456458d1e6496a7252e691,False,
E001P-b6a48db17569,1011151,BNG_100KM_E3_N5,EAP-71ad6a50942e,2021,1.0,e001-terrain-v1,128,verified,pass,pass,elevation_normalized;slope_degrees;hillshade_315_45;local_relief_r16m,pass,d98f7ed1e00b517de6d1809777f9d418d197a327396afead7471ef27676767c8,19bbb1e21243fc2383ed3f41fc667790ccf37be855b794652b0793d4e7093995,67ae3c5efb7be582e138765a16c5b14d290612ef7bca1a3e9d0f7408090e370a,False,
E001P-b82277f95fd9,1021063,BNG_100KM_E2_N1,EAP-a800a13742ee,2022,1.0,e001-terrain-v1,128,verified,pass,pass,elevation_normalized;slope_degrees;hillshade_315_45;local_relief_r16m,pass,f4427e1e7ebad3d3b3dab9cb28bfaf3f9579ec0c599fa33266fe556ebe9d137d,6ada839efcc15cdae25ad913024eed90f01ece65e1cd6766a72fd84298aea927,064aee27c98d6eea1421d638e6b719b242ce62eef6109a755504bcb5a9f4d2de,False,
E001P-b9597d67e19a,1012719,BNG_100KM_E4_N0,EAP-71ad6a50942e,2021,1.0,e001-terrain-v1,128,verified,pass,pass,elevation_normalized;slope_degrees;hillshade_315_45;local_relief_r16m,pass,5fb4dc2a8627d85feb80b8b4797a23e354689632290de7f29235c5abfc2fbd93,6c0bd7eda3729a4bd06d8d556d8f3d2b13118dbf49cd8d7fb071135a979fc4ab,67579403f5306d7b8891b8c5f9c9bac3cbe0bcc2490aa0d8a4e9a6b6270e3273,False,
E001P-ba15773afd1f,1015592,BNG_100KM_E4_N2,EAP-c590a5cb0139,2020,1.0,e001-terrain-v1,128,verified,pass,pass,elevation_normalized;slope_degrees;hillshade_315_45;local_relief_r16m,pass,b3bc94f51001d9cd2d31914057f7aa462e6efdfab2d8f102a86971affcc75d5d,5cbade9099dd60847db596dec2458bdd7c817a7e70dcad0add2b98d26f1b82b4,ab1249414c1b220cadd54b894ff48eb9c8a057bd5509b42467828c23524d204c,False,
E001P-bb42152a436b,1009768,BNG_100KM_E3_N1,EAP-d3a871d4f09e,2019,1.0,e001-terrain-v1,128,verified,pass,pass,elevation_normalized;slope_degrees;hillshade_315_45;local_relief_r16m,pass,00699ba8444d751b9e5be4f3670a3e9a0a971e7aeb853b6b772cf8f6ef618e8b,a288a4f68bd1136f76884a4749374022200cc7a1bd82271bd6f034ae0e0dc142,eea6bcf3703f3d618001984dfecedb244a9b18ca4d71473c24cb700faaba6d1a,False,
E001P-bc8bda069ff9,1014562,BNG_100KM_E4_N2,EAP-c590a5cb0139,2020,1.0,e001-terrain-v1,128,verified,pass,pass,elevation_normalized;slope_degrees;hillshade_315_45;local_relief_r16m,pass,6c102acaf5238bb1f13229ccd8b6bf592a1c1a47d0b502f625d8e26d045fcc4f,3d7ff9b38211fb19728760764de90ea89c572aab886752e908119646d697396e,33a1fdad1963ba4aefc4fdfb4e5ab534f0a9b06eed429cc7cc1bccbd9989d6c3,False,
E001P-bd24a8dc2724,1007400,BNG_100KM_E3_N3,EAP-c590a5cb0139,2020,1.0,e001-terrain-v1,128,verified,pass,pass,elevation_normalized;slope_degrees;hillshade_315_45;local_relief_r16m,pass,14df674dddf8e82b8f6b6443372ff1f33cd3de8279bd561fe094bbb1d657b7ad,42e196bf2ad107da9f649dce6380dfddbfdb6b2492348606b930afe16d331edd,dfaef26667e6a11ef001b68bc69a5a32157e0fd9ae694869c63e6d26b096cde9,False,
E001P-be17ba6347d6,1009078,BNG_100KM_E5_N0,EAP-d3a871d4f09e,2019,1.0,e001-terrain-v1,128,verified,pass,pass,elevation_normalized;slope_degrees;hillshade_315_45;local_relief_r16m,pass,bd8cebfea39e4e57a995ed50bb489819f78d88ceb749989db4fa713d7fc1e5f4,444b7bc9d82c6c7773a9712e0c799437a714a55505949d93e85d3bca21317016,fa35a437b6dbc99949e8299209cdbd1fa5ccfa9c89e39ea683b35c092befb3a9,False,
E001P-be692e22a0c8,1016662,BNG_100KM_E3_N2,EAP-c590a5cb0139,2020,1.0,e001-terrain-v1,128,verified,pass,pass,elevation_normalized;slope_degrees;hillshade_315_45;local_relief_r16m,pass,8c247b2fe083e09eba7279a0004e6727b5706c18ee739549319c4212d27d10d4,7bd4bdc6c5dccd39c9840d9149eb6fc37fc905ed5bd02187b0a2fee92280de80,30ac812c07c9c3e2c686cd49fdb27c27b05143a0e2fb252fcff2e7efd8d3b734,False,
E001P-beb6ae3e2113,1012301,BNG_100KM_E4_N1,EAP-71ad6a50942e,2021,1.0,e001-terrain-v1,128,verified,pass,pass,elevation_normalized;slope_degrees;hillshade_315_45;local_relief_r16m,pass,b2736fac294df4b84247a341d6f46fc8d41f8f8d2b60a77198280c7246939646,bcc22019ebea0f093d8bdbab94bb19dbe5105f2f960093673d3d2650f0bc3d44,dcf33b90f1eb7dad56d67a0ecefad21c28d62d39b769239f731080bc4e45188d,False,
E001P-bed970cad661,1008025,BNG_100KM_E3_N0,EAP-71ad6a50942e,2021,1.0,e001-terrain-v1,128,verified,pass,pass,elevation_normalized;slope_degrees;hillshade_315_45;local_relief_r16m,pass,2749165009d54ce31a4f0a6ff6286389d82e7fb6939f867fc60ba66384d8bd86,075052ea1cc4fc972a93e12a6552d6b1dd353de2623af415e516fb974158e971,bbc990e28e0e98a3710b52ff0222ee7371b01d33b300e1091e81509b9db8e25a,True,
E001P-bf91fc4d53ef,1013585,BNG_100KM_E6_N3,EAP-8e32eccbc87e,2017,1.0,e001-terrain-v1,128,verified,pass,pass,elevation_normalized;slope_degrees;hillshade_315_45;local_relief_r16m,pass,32967163fa24c4738caaa91ca5a3083546cde0ace44348fc1478de1bee250f4f,10b1c26fe46fd674cb23ee3d4cfc21016ccfc5860727abe8f4998377e242fd8d,73c175aab48026b5819ba220a21a64d48e94f02d040e6026c19c6f1969a85758,False,
E001P-c00465ce46b8,1011719,BNG_100KM_E5_N2,EAP-d3a871d4f09e,2019,1.0,e001-terrain-v1,128,verified,pass,pass,elevation_normalized;slope_degrees;hillshade_315_45;local_relief_r16m,pass,93b2e3ba95c335d68e65fefc2b87b549548f7633cba2229466f0069a29078756,d3af3d9b67a20501dcac1b4224f117a183a301fe858ae32ea545bfc8cc9d79a3,88b7ccd671ec0e5d277e2aa05970819f2301a7811b868d5aceb6aeb9656a2b9f,False,
E001P-c13d981438dd,1009114,BNG_100KM_E3_N4,EAP-c590a5cb0139,2020,1.0,e001-terrain-v1,128,verified,pass,pass,elevation_normalized;slope_degrees;hillshade_315_45;local_relief_r16m,pass,74504caec71e089c5024e403d2083729b3e26763355d37a9d074dbbe61f1c2ba,a4e15dbe45eef83a5b682adc2f8a92c5c6daaf707ca1d422244cd898e0dbc2b8,5ced3f565c477fbf4da4eb9f4c16044a333d108dad2b83e66555cc3a7f480ea7,False,E001O-9a72378c429b
E001P-c3ce192ac386,1010145,BNG_100KM_E4_N1,EAP-d3a871d4f09e,2019,1.0,e001-terrain-v1,128,verified,pass,pass,elevation_normalized;slope_degrees;hillshade_315_45;local_relief_r16m,pass,13c15bc0925d44a43e7eb056b9a20214bc5333f88f023d650465f2932c05e0ca,7e1b8cc67108607e11fa9cbd883ae8d933cec8df9fddc41e94c30de5a7c752d0,4843c10dea6fa41a761ddc0bea842dfb3563a08c047c3e7ed8ba6068bf477c41,False,
E001P-c68349bccdb7,1013459,BNG_100KM_E4_N4,EAP-d85b0f0821f9,2018,1.0,e001-terrain-v1,128,verified,pass,pass,elevation_normalized;slope_degrees;hillshade_315_45;local_relief_r16m,pass,4674b86ef79d0588af324cf020cc8ce0a1ed4d893da4ccc830ba588a8c9f6ad1,cb82ca51eac3e6d0af121511ae7a1553fe4d0cccd0667867064d8d79d7e164f3,53c174c6edc4f24b30e4085f4351253de806a16bfa077d9993ab5f0cc569d59c,False,
E001P-c810ebd592ef,1017082,BNG_100KM_E4_N2,EAP-c590a5cb0139,2020,1.0,e001-terrain-v1,128,verified,pass,pass,elevation_normalized;slope_degrees;hillshade_315_45;local_relief_r16m,pass,66ad3461599bfb1490cf4d414bb1de60c7a58e0296b7e2482ebe6bd136804c68,900781f2182b7571375d2f968107ed20307483a289abcc1f572277b5bdcf8e87,db1870fee260ab0c6216bd12f7b5cba9837fc4ab29037aa8280d37e8ce0714fc,False,
E001P-c94f4fa8672a,1009315,BNG_100KM_E3_N3,EAP-71ad6a50942e,2021,1.0,e001-terrain-v1,128,verified,pass,pass,elevation_normalized;slope_degrees;hillshade_315_45;local_relief_r16m,pass,815b446e85c60dfca40bb522e4502a6aadbfba559d7918c139d13ae435cdcfe7,97d75ee129674952ecdd2227c3a9524ba7f13196b63e4df44e1026d23f11b669,ffd596450afa872458581162c93c27e6af1b5486c0c8c3b06aabfe8c99304a3e,False,
E001P-c958c3e1456d,1007631,BNG_100KM_E3_N3,EAP-71ad6a50942e,2021,1.0,e001-terrain-v1,128,verified,pass,pass,elevation_normalized;slope_degrees;hillshade_315_45;local_relief_r16m,pass,22bbd05131d26e8153faf093158d1faaf3d21d2580c839b1c3cdb72022a9227d,baadd6736946f36395605deb1e6f6ed3219b3479c11118e1a8cfdb9df906bc3b,e9964231a69737037d08bb66f7c5803fc3a77571f6bbadec1528d1978d472aad,False,
E001P-c9eb2082a2a7,1011976,BNG_100KM_E4_N5,EAP-4f02812edece,2016,1.0,e001-terrain-v1,128,verified,pass,pass,elevation_normalized;slope_degrees;hillshade_315_45;local_relief_r16m,pass,716552d4c12b9d5281643d6f8239443a00448558c654be8f9889c30629ab811b,2864e538d169bc1d1c5269ca8444bb24bde3033cbca1e04b40c9b9d3c1c93752,54c4995111c9b8e7645e816dc5c99ba7fdc3fe34aac3af3873d844918ffe82c5,False,
E001P-ca71b78f5db2,1008130,BNG_100KM_E5_N4,EAP-c590a5cb0139,2020,1.0,e001-terrain-v1,128,verified,pass,pass,elevation_normalized;slope_degrees;hillshade_315_45;local_relief_r16m,pass,a3b7f93bd38174ec22a2d8fa3268cff28a6d8895e46009ea6c53fdeb502dc538,a667b83d3b47b61a7179ebea642459a745499feaf8742bcdb98815681ba0972e,ac3240de8678cf68ce8dc95d12cbeb46dd9ee5f9e6bc7625d687be3ab0384297,True,
E001P-cb0eaab1509f,1017577,BNG_100KM_E6_N2,EAP-d3a871d4f09e,2019,1.0,e001-terrain-v1,128,verified,pass,pass,elevation_normalized;slope_degrees;hillshade_315_45;local_relief_r16m,pass,69e75d6d2bccc25b0b637e3be1fd7aea8cccf1acb17dbce7a01007874f5ef62d,8f1033bd1d94a7a9f544592ca8cc9d4b69b427f284dba70c3ba3ed133a74a7e4,91d2a1eb7a221dfe07027b429ff60dae439cb086dcd28ff3343bd2848a737cf2,False,
E001P-cc79e09b0c3c,1016971,BNG_100KM_E2_N1,EAP-71ad6a50942e,2021,1.0,e001-terrain-v1,128,verified,pass,pass,elevation_normalized;slope_degrees;hillshade_315_45;local_relief_r16m,pass,9eb84a4379927962b9d847844ea13a0c8701457e488d1e4dc0605f25b73f74ed,fec61a62088f87aeef76a03dd3e3dccd5fd6f37b3fc38b09f2d00bdd0e3ca28f,c58a1b4740dd9532d3124d53df1afcd42d09409dba5ae472ce9ccede8e1f50cf,False,
E001P-d01f65e0ca55,1010420,BNG_100KM_E3_N1,EAP-d85b0f0821f9,2018,1.0,e001-terrain-v1,128,verified,pass,pass,elevation_normalized;slope_degrees;hillshade_315_45;local_relief_r16m,pass,6a9cdca566323d1d96033028fbc2cf3526239c3cdd366286d1feb2faf76d8e52,1089e63e3a3acb0bec8a821a72055625e6e0237d47ca2bb6148825f223732203,1e5795068624b262425c1a3e042c466bcaa187605122b0aa03627f0ecec96c54,False,
E001P-d05ba46eba87,1018044,BNG_100KM_E5_N2,EAP-d85b0f0821f9,2018,1.0,e001-terrain-v1,128,verified,pass,pass,elevation_normalized;slope_degrees;hillshade_315_45;local_relief_r16m,pass,04a8a20e25227cd44728c5779d7a44a9e54c42febf6cfbc4ecb5e24cfaa14217,fff239cc25cee62edebc4e18f0c5d30e7dc1f1a19dda63d82b113166d14734f5,0053f016a67685b12bcc64f10fb6d67dc7a7d809d46f885d57decb5bc9b71e87,False,
E001P-d2be901f48be,1017076,BNG_100KM_E4_N2,EAP-c590a5cb0139,2020,1.0,e001-terrain-v1,128,verified,pass,pass,elevation_normalized;slope_degrees;hillshade_315_45;local_relief_r16m,pass,23c487cf132753dc94b6bb5c7c84b5e68a16996df1b784713d6320a342a54f2c,38352908c27b36d29649c7dac6bb999903343e638dc3cfd6a5ddae32db30c888,0bd0392332bc6f0d1fa52818826bc8136a18a6fdd78cc4f95e7094c44fc32b04,False,
E001P-d35e992305f2,1007632,BNG_100KM_E3_N3,EAP-71ad6a50942e,2021,1.0,e001-terrain-v1,128,verified,pass,pass,elevation_normalized;slope_degrees;hillshade_315_45;local_relief_r16m,pass,5d9126545525abd178e02499f42bf181105c01e117b4dc789bc784c6cdf37eae,29a425c3ea0e64f95eb3fd5211e27231c9c5ddd787f8483323e8c6b5f3ab3bbe,df862097cf7eec581e232e65a0bf043102e35509f65e90e04611f9b34f4a92c8,False,
E001P-d37b1dbeb789,1017971,BNG_100KM_E2_N0,EAP-71ad6a50942e,2021,1.0,e001-terrain-v1,128,verified,pass,pass,elevation_normalized;slope_degrees;hillshade_315_45;local_relief_r16m,pass,a4338866f9c17d400c9dd9168436ab57f1e6adc6871254336281ec349074982f,aa7bb6f7f44a1325f67dc0b7a476fdefbf90d21153205cfdd00d302f8b894bbc,9b62aecd117bc132caa17dfa0dcba56cb4a86dc41318b8c48a39953a3c27f2f6,False,
E001P-d415159e0d4b,1015116,BNG_100KM_E5_N1,EAP-d3a871d4f09e,2019,1.0,e001-terrain-v1,128,verified,pass,pass,elevation_normalized;slope_degrees;hillshade_315_45;local_relief_r16m,pass,9c808232fdc9b2cdb8b1c8ad0f7759664021926e7471f17bf0d77b7b299a8dc8,4e02a6ce883622c42ae3fc76bb769fcb790ea13c2629bbd0b6d5fe5d40dc5d3a,bf0587ae0c416dda73abebab36d42085a4f37765e4fbcac80053270244b3e789,False,
E001P-d4cac74e4d94,1007383,BNG_100KM_E3_N3,EAP-c590a5cb0139,2020,1.0,e001-terrain-v1,128,verified,pass,pass,elevation_normalized;slope_degrees;hillshade_315_45;local_relief_r16m,pass,244f67bbecaa39477623b3a46e86ce54cfc98d8fb69ab6b0dda100880cb22237,f60b516e06032e1b528bfa6f0a0e1ac04bd57ff577d23613b48feb9adb4048ae,552e24ef6d045622ab4fb44de3a15a0ec5e0de23132334032f708e6a0368177c,False,
E001P-d535994ea44d,1007569,BNG_100KM_E4_N4,EAP-d85b0f0821f9,2018,1.0,e001-terrain-v1,128,verified,pass,pass,elevation_normalized;slope_degrees;hillshade_315_45;local_relief_r16m,pass,401a3e02e814577feb010cbc943fc7a3edc191ff3c78aacf32b48d164e3e8194,bfc944906e1c3253a49622eaa4258b478eee0b696c813268d022b8125d730290,d327d65690dc0a1ba08007252e0ffa7d34d326fa84a40b099c1dd4dbf789c083,False,
E001P-d5b27f85a53f,1008909,BNG_100KM_E3_N4,EAP-d85b0f0821f9,2018,1.0,e001-terrain-v1,128,verified,pass,pass,elevation_normalized;slope_degrees;hillshade_315_45;local_relief_r16m,pass,2d420b694882c45523d4a043da1bb67184ed4a872c5b9ba61ce6947a32ebb5b9,fe7afcb876aeea979b9834bcc47dee19fc7b432b69da33bc29cba3a3bd14ded2,82c7861c69799f336660f924c31b4c8499a7fda9198d54d13c65e6a1281080a5,False,
E001P-d5f2f58d2c99,1012115,BNG_100KM_E6_N1,EAP-d85b0f0821f9,2018,1.0,e001-terrain-v1,128,verified,pass,pass,elevation_normalized;slope_degrees;hillshade_315_45;local_relief_r16m,pass,3bd3e448db4321c6e02a62a6a0d7f71974a457556340ee62b2f477a38153d2b6,6a93cd9947d88317bb2fbc1f7fdeb6c65a9daf70c2faed68429e1172d37f9325,7175d134583fa1d172b6889ab0cccccf6dbf0e8612ca819fdf83b9feff73d744,False,
E001P-d68c620e09d5,1008509,BNG_100KM_E6_N2,EAP-d85b0f0821f9,2018,1.0,e001-terrain-v1,128,verified,pass,pass,elevation_normalized;slope_degrees;hillshade_315_45;local_relief_r16m,pass,49417fa66be29b75489747123e4952b187e7018ce6fd28e9302fd3dd7727dd69,63efff870b93381504a903c7bf1a68a0cc9933528b05f1fe7d0635819e510b1e,eb5d949822869e8ef3ab7794556673884cd6c39ef210de923f3f7ac2b4841bd4,False,E001O-45e9ba342c62
E001P-d6ca6a9acbbd,1007396,BNG_100KM_E3_N3,EAP-c590a5cb0139,2020,1.0,e001-terrain-v1,128,verified,pass,pass,elevation_normalized;slope_degrees;hillshade_315_45;local_relief_r16m,pass,2c8797cbc3376b81f1536e31cc066c710f3dd2f36daf9b42049871e109abc6bc,bb6f093454958367ff54c3442b687f25db148f999a80ae38685f22dcc4473cc4,9f72edf7a98130562662402364b375ea6ae57927971eba7b5a426b991cb2a878,False,
E001P-d7a1503d81f6,1013624,BNG_100KM_E5_N4,EAP-d85b0f0821f9,2018,1.0,e001-terrain-v1,128,verified,pass,pass,elevation_normalized;slope_degrees;hillshade_315_45;local_relief_r16m,pass,2f6b5a39daa6cb252d58636de7a03ffd8a3791769613f6bfc45b7a0dad913652,99fc0a9dc31563d404fa545dbaa2dea59d6f2a8c29528b9d84b2a9850967d25f,56348359f9cef4ce33a621c7f02460b2be9808828302a4983cc6165ef5a19e38,False,
E001P-d826a3044e26,1008134,BNG_100KM_E5_N4,EAP-c590a5cb0139,2020,1.0,e001-terrain-v1,128,verified,pass,pass,elevation_normalized;slope_degrees;hillshade_315_45;local_relief_r16m,pass,c1a1751c3dba89d266fa1a3d3528bf72dae7629ae58f4f0afbfc4796ff3508be,0bce02a4b05dd4d5de0e2e5a891bf18d8b90c145630920f70d8479383925fae5,dda5f27bcf3842a3c63ffbd2b1e283ec00fba5c8c9c07a990b8dfac315dbbd4e,False,
E001P-d899cac3c4d4,1011274,BNG_100KM_E4_N5,EAP-d85b0f0821f9,2018,1.0,e001-terrain-v1,128,verified,pass,pass,elevation_normalized;slope_degrees;hillshade_315_45;local_relief_r16m,pass,16dd7666fb6f68bab531dc8e05c3592b4446eb7f457d2ec054f809f880a948ec,cba65a5d2e1fe469b2f5b069c83c5f7762be10eadd05b53e3dfbca85d0907155,e1e2edab72677f32ec81d251b6e9fed1878e4070e3dd83262febef74cada7065,False,E001O-312cb30204a0
E001P-d9201e89d8a7,1011121,BNG_100KM_E3_N3,EAP-71ad6a50942e,2021,1.0,e001-terrain-v1,128,verified,pass,pass,elevation_normalized;slope_degrees;hillshade_315_45;local_relief_r16m,pass,9ff81918daca69deee50e5d02f9f1b8b8607412192e0ba3b25982b2f005e8ac9,6f23d994acc01d5a178d7921b5447562cdf7489599903b20434e9f914965e745,29f165fb4d23d634ebd8f88f244c297b0a0fe4bef6a568220a0c1c5d93f2600c,False,
E001P-d9f95e05d5ee,1009346,BNG_100KM_E5_N4,EAP-c590a5cb0139,2020,1.0,e001-terrain-v1,128,verified,pass,pass,elevation_normalized;slope_degrees;hillshade_315_45;local_relief_r16m,pass,9d953da01c91844f0f0c56bf43598f77259667ac7754f2d4bc565f9591afed6b,9b061be7d6b4567aa5a105f5dfbc4a5822f74af016605de6706b8be8ce5fc8ec,38b089a83fcae22c49692ae912a50f1db40061a6d80458eb5c8ef65515167298,False,
E001P-db184654c6a8,1013858,BNG_100KM_E4_N4,EAP-d85b0f0821f9,2018,1.0,e001-terrain-v1,128,verified,pass,pass,elevation_normalized;slope_degrees;hillshade_315_45;local_relief_r16m,pass,d0841092a3637e00df3045225640b24ff4e8236bca36f07b46605742368a61ce,a9f7c37a04f4cd77e9d596f1903ca9bbd74c9e8f4899ad4ab78e82c4249a37aa,4c4a5aa8ec320aa04f5aca89e50789ab5b78d98177fcd10f24070af73b2b634b,False,
E001P-dbe1e64705ea,1012089,BNG_100KM_E4_N4,EAP-d85b0f0821f9,2018,1.0,e001-terrain-v1,128,verified,pass,pass,elevation_normalized;slope_degrees;hillshade_315_45;local_relief_r16m,pass,60d13bbba3ca03bb017dc341a6e5f1c6c7bcd7c23515b3dc5ccd6bd55e9ddad3,09ffcd1359d37c79fe9d759e91ca9a437f093bafbce824e0fec3d4b3b49e9654,e6c5cbd4a0524785e32483aa8565ec69d3326ea315caf98604c8810eac1d3e65,False,
E001P-dbe87b4fb671,1008299,BNG_100KM_E3_N3,EAP-c590a5cb0139,2020,1.0,e001-terrain-v1,128,verified,pass,pass,elevation_normalized;slope_degrees;hillshade_315_45;local_relief_r16m,pass,1f47693fb8d24b9cc9884dfeb97d1e801f2554403a4b3b7ff7fefa7f24031801,4443ce4352d9848b75486702a62dbffd7ebb025bca7d865f7629461d3d327539,dbf069d1d65387e48ba6a0f7497343b61f0383e38ba40a3c1eb152cbf2b90ff6,False,
E001P-dea11a729f77,1008625,BNG_100KM_E3_N2,EAP-d3a871d4f09e,2019,1.0,e001-terrain-v1,128,verified,pass,pass,elevation_normalized;slope_degrees;hillshade_315_45;local_relief_r16m,pass,cc0d9c7fab9f49e8b6fc0226648f2f19c599b290c6360d0cfd12f901df5bdcd3,90ab4802477816440deb69334dd8fce52a4c69715e20d3dc4cf2a523e4549319,023e7ad522cffa512ce729b1358c781c2979be60714471568c7789d9b433fe85,False,
E001P-dec8a43c6ea2,1008136,BNG_100KM_E5_N4,EAP-c590a5cb0139,2020,1.0,e001-terrain-v1,128,verified,pass,pass,elevation_normalized;slope_degrees;hillshade_315_45;local_relief_r16m,pass,0e847028930a4a681a2ca74e79f7b604508275a37e7558b2eccbbaa8dab324a9,fe248150c58b68d5e222cf16b0b1beabf7db5757ce812c41255350571fef3177,620ad97a9fa6d57d299afe7eb88733b3af92570548d83e82395082e249388be3,False,
E001P-dee6461e295b,1009353,BNG_100KM_E4_N2,EAP-d3a871d4f09e,2019,1.0,e001-terrain-v1,128,verified,pass,pass,elevation_normalized;slope_degrees;hillshade_315_45;local_relief_r16m,pass,f14fdfea1449fe0a527f601a8d2801f32437efb124c48d6840dc28faacba085c,b1078645661f597011446ea73e7e7205ea4bdd54d63b325c50872704e37f2dd5,48b0934122cc6f8e1315276282959e0408795f3a5d7623ccc06be557f169d50e,False,
E001P-def71080bded,1010281,BNG_100KM_E3_N1,EAP-d3a871d4f09e,2019,1.0,e001-terrain-v1,128,verified,pass,pass,elevation_normalized;slope_degrees;hillshade_315_45;local_relief_r16m,pass,8baa08a7c076f62dde12c129f02d52a61bfb76e632f606b6cd2c068e60ab4186,11b9fd290701640d9094ec781041f42c639faa29ee7a94169ebabedadf17c579,f4cd9c8fae029919b48dfb29ec43d5a0919e2e09bd59dad382f49bd69666c23e,False,
E001P-dffc51f4d16a,1009457,BNG_100KM_E4_N1,EAP-71ad6a50942e,2021,1.0,e001-terrain-v1,128,verified,pass,pass,elevation_normalized;slope_degrees;hillshade_315_45;local_relief_r16m,pass,bf8892f1386802f857f8a17e7594d27c44943bc607df335a501aac674713dbce,acac90191c729894f9a3946bd6563ddf1e30166321d946151261ac9224d555cd,e64f0c069baa2ce40b659b642fd68bcb42a07f53106e71e830f9339f9f24760c,False,
E001P-e44dbbee465b,1013563,BNG_100KM_E6_N3,EAP-8e32eccbc87e,2017,1.0,e001-terrain-v1,128,verified,pass,pass,elevation_normalized;slope_degrees;hillshade_315_45;local_relief_r16m,pass,0c3a95f1dabdbc0dae2100a9756d2b94cfbfba7a38acb7c5734211fad640763f,bc4f2c2424f29ae62e487367f368673487e17c926c19bb9800fe7ae59fc30fc7,536881da020d1833a0a33b74428ccbff74776cd92c09c59e2a70a2a49a5c17a9,False,
E001P-e49100d76695,1018525,BNG_100KM_E2_N1,EAP-71ad6a50942e,2021,1.0,e001-terrain-v1,128,verified,pass,pass,elevation_normalized;slope_degrees;hillshade_315_45;local_relief_r16m,pass,5e42ae55bf0753b71b3fe7a3f0cba6179543b592713e1ff502e13cbab9f45b37,284a2088f5e20c5b75c9717a56f9765998a8d57fc277d386019f08b3e8ea6d2d,188490d966c6e814a2712b7eae3a269c4bbddb1ad4ef3ba2abf1e8eb3dc5ef5d,False,
E001P-e7c07c599135,1008189,BNG_100KM_E5_N2,EAP-d85b0f0821f9,2018,1.0,e001-terrain-v1,128,verified,pass,pass,elevation_normalized;slope_degrees;hillshade_315_45;local_relief_r16m,pass,519316f5c8e6f87ebbe24f6396d454fca2551de8b479c878dae315c1f695c7d4,5a026c0ef876840a7c8821c85a6f9d4d721d9e934f41d72eae8748aa1d4261d6,52273977750b70eb265eddd2b954e47165640f2bba5699b93d501e839d7e05b7,False,
E001P-ea8876a5aedf,1013648,BNG_100KM_E4_N3,EAP-c590a5cb0139,2020,1.0,e001-terrain-v1,128,verified,pass,pass,elevation_normalized;slope_degrees;hillshade_315_45;local_relief_r16m,pass,69550b40d58a85219a0f82cf3f3fb2c2daf307c2b6421dfdb9b0aa439c6cff2b,796b1587ca8d27c2e9e5cf3081be7cbc70525a841dc4ccd6499c664bb2709436,40a1d6655437fff502905f0e07577e8d2860e0ea8d40851ee4e5abc37d6b71c1,False,
E001P-ead28cd20edd,1002472,BNG_100KM_E3_N1,EAP-c590a5cb0139,2020,1.0,e001-terrain-v1,128,verified,pass,pass,elevation_normalized;slope_degrees;hillshade_315_45;local_relief_r16m,pass,a089e2d4383597aec054991b233c6c1f88419bb87b430fb50976af00a113146c,835fa3c84dce61f3403a0a469b4c8953d27bfc3f780ea5c1517b8ed1e3cf196b,d762b567d2ac90fc17bce39c588680b4104b96acb0f74b590a148bfb21d375b3,False,
E001P-eb882117591f,1008908,BNG_100KM_E3_N4,EAP-d85b0f0821f9,2018,1.0,e001-terrain-v1,128,verified,pass,pass,elevation_normalized;slope_degrees;hillshade_315_45;local_relief_r16m,pass,ff930fe8ce7135295597f279517370dcd8ee424d1b16dbdb8928246f4081b3eb,5ff21ca74a0f88c8c4c336dc6d780f00cd6e6f33e03ac3ab38487d371169ab64,68a1dc9be840dd23c0c495a1456cf57b34ca661bacede6ffdc79b0eeb087600f,False,
E001P-ec0047b39f8f,1020476,BNG_100KM_E2_N0,EAP-71ad6a50942e,2021,1.0,e001-terrain-v1,128,verified,pass,pass,elevation_normalized;slope_degrees;hillshade_315_45;local_relief_r16m,pass,11880c67f434a22594013e4a3661b17a8895456aa7039afa271af00ed6f1f4fc,c0808ea9fecabec5f651029a106d1934dc16b58916003290685a14aacc575002,a7e349020208e3db253c99b7d9be44aa5f5795185acdff66d35a312cc0e7e872,False,
E001P-ec892081790d,1011166,BNG_100KM_E3_N3,EAP-c590a5cb0139,2020,1.0,e001-terrain-v1,128,verified,pass,pass,elevation_normalized;slope_degrees;hillshade_315_45;local_relief_r16m,pass,864d508db43298bced748c14c2dd0ec16f5cd8a317f98f23df6968f42e589859,38601491cb3dd41012036819cbb782f83db36204ea2447e8a8b637c756f0bf63,0898a732ff12864845d10993520aa270f1ae23479c4b019740aaa0c997cfbf93,False,
E001P-ecb6276921f3,1003105,BNG_100KM_E1_N0,EAP-71ad6a50942e,2021,1.0,e001-terrain-v1,128,verified,pass,pass,elevation_normalized;slope_degrees;hillshade_315_45;local_relief_r16m,pass,8e364b4c9e8b09c7a886aad9c25ecfa5198e15da2da2b83f7c56ac73bd58626a,e1f67bf1c48b3b03cee364253848d43dc61171b03ee4cee0fa39d1eeaa9a1a97,6624245bb4e0f2683ddc78f339d67519aa7d34680004f3645a13c8ce23d77764,False,
E001P-ed16f86c905c,1017071,BNG_100KM_E3_N1,EAP-c590a5cb0139,2020,1.0,e001-terrain-v1,128,verified,pass,pass,elevation_normalized;slope_degrees;hillshade_315_45;local_relief_r16m,pass,f4860e601b63151ed23157699a9f1ee6bb057d1c20e73485147da6fd6ad5d552,86d8e46d6c9b1f1d5a92be1f07f5abbc27bc6f2c958b6f3c432738cda0eabcb1,d09a75bf2dbb457262c75ba13b0150162f3882e8aaf9fa13a3ee5c8be2621999,False,
E001P-ed49aa8e90b4,1015120,BNG_100KM_E5_N1,EAP-d3a871d4f09e,2019,1.0,e001-terrain-v1,128,verified,pass,pass,elevation_normalized;slope_degrees;hillshade_315_45;local_relief_r16m,pass,c0c9a2a6d5bb531c1bac47d1855f336ecc22c1ffaba6132d7da8254844f248ac,eb89653e7dbd63185f172e0238788047e613e91e2e9910a392745cfda00aa791,e4a74743ec61b4a2c4343b121695ccea16ecdad2cc846756fd55e1d9d3c6f45b,False,
E001P-ee3e69ef261b,1018097,BNG_100KM_E5_N2,EAP-d85b0f0821f9,2018,1.0,e001-terrain-v1,128,verified,pass,pass,elevation_normalized;slope_degrees;hillshade_315_45;local_relief_r16m,pass,eb7c64cbc12e64697a956eb377294f642328316497a453b82b527a632df390cb,ec48806c338d84b65d33c479a61513f76d7bd970c396a9ba6cb8a6fb3dee523e,9dc89fcdc7be7686de638c3f42db20234915d30e16ed53d5828e7673a89785f1,False,
E001P-f0ae7e6ae501,1016281,BNG_100KM_E3_N0,EAP-71ad6a50942e,2021,1.0,e001-terrain-v1,128,verified,pass,pass,elevation_normalized;slope_degrees;hillshade_315_45;local_relief_r16m,pass,62ada56b5209d7163f21b8190a26165c4c17e5d370bdbe9bc2f39662b09bad8a,d90e12677c141ca337e1413b1fb7935ca70b64da7ed3ef9d907e701d65b08ada,2bec3b85f6d685fcb2fe707859507a201ff71ad02ffdbfa4a90a5294b53ec705,False,
E001P-f1be9660d910,1008235,BNG_100KM_E3_N5,EAP-71ad6a50942e,2021,1.0,e001-terrain-v1,128,verified,pass,pass,elevation_normalized;slope_degrees;hillshade_315_45;local_relief_r16m,pass,15a73e2c9db82bdd68a0657d148d24696dac4759942b8761ececd2489889fec0,41d56ffaffd740dfffdd3d718da6bf0e4cf53100d8cfd082f48738ea405beb32,d9ee71b0d050a207b6d623928fe1979ebdd599517f022c5a2e6449786a1fb27a,False,
E001P-f416693c10e6,1009019,BNG_100KM_E6_N1,EAP-8e32eccbc87e,2017,1.0,e001-terrain-v1,128,verified,pass,pass,elevation_normalized;slope_degrees;hillshade_315_45;local_relief_r16m,pass,acb35da7d145d8279f122d7d19d5392440a23905656a723b67ce332caf2b78c1,469c06d2532dd73af3edf5913a69d4f0803149d95672fd59f36fb3f73d3d033a,0852c7f0fb6dcbf925fecbd7ba5a8ad695512fb331508337424486e342d117ad,False,
E001P-f5ffb5cb1dee,1017905,BNG_100KM_E4_N1,EAP-71ad6a50942e,2021,1.0,e001-terrain-v1,128,verified,pass,pass,elevation_normalized;slope_degrees;hillshade_315_45;local_relief_r16m,pass,c3c2fada5d0dbe2dd0b9221141e8b0096a811e633e1f874f49f33d356ca49d22,9c7d25aecbeadda92589d9840c43c4788dd5d83fd1936c3c6219c886b1bc567a,cedaace95b3c0186662c6624aecf396ee2b05970f7409801e043cf15f9d7c261,False,
E001P-f6add1114362,1008918,BNG_100KM_E3_N4,EAP-c590a5cb0139,2020,1.0,e001-terrain-v1,128,verified,pass,pass,elevation_normalized;slope_degrees;hillshade_315_45;local_relief_r16m,pass,e7e0beff6f5f197bb76d07b4c636fc29ffc661e3b77f0a85eacdc330470abd64,a477055511f92d29f406687c2e4c70cba090b9c48b0bab8b769efa56ba0d00a0,cd59a99acc4ca3900cdbcb58ef19efe2aebc165080dfc4a30e02ff83eab27cdd,False,
E001P-f700a62fdf9f,1007624,BNG_100KM_E3_N3,EAP-c590a5cb0139,2020,1.0,e001-terrain-v1,128,verified,pass,pass,elevation_normalized;slope_degrees;hillshade_315_45;local_relief_r16m,pass,3f508c902cddb88ea5622df2d444ff268a26b733c334d4ca908002f2d738d641,87f96cd6d3a80511322fcf2e9a5bd6a8992cd4dd97ef001f429b91700ac05877,ea31b13a7588dbfa19ca9b3e35b9873f09410591601b4a9547e280991baeb2c8,False,
E001P-f8c00621713c,1012820,BNG_100KM_E3_N5,EAP-c590a5cb0139,2020,1.0,e001-terrain-v1,128,verified,pass,pass,elevation_normalized;slope_degrees;hillshade_315_45;local_relief_r16m,pass,d3a7367f29228e969b2d8d2b54fd0771eacd17370a61a1298932163fcfbe207d,f9cdf17cfa9612bcaf51cadfe4919e13370d0fe998b85c45c8c467a6404a9ed3,f1a545e9f75c88f184e0f0ba6639f7d23de3986a7d3ac93487eec1c6b3987a01,False,
E001P-f961a41b2478,1012990,BNG_100KM_E4_N0,EAP-d85b0f0821f9,2018,1.0,e001-terrain-v1,128,verified,pass,pass,elevation_normalized;slope_degrees;hillshade_315_45;local_relief_r16m,pass,66f51c40f8118f9137a2a1889ba80c351434b25838911456a2a676bd15921a6e,a76857819dacd702acb8e014fdd7a21de37a983fed1d9314b07f16a48def5ad4,dfd7eac2d64c297a291264579e3e885b95d84a9319afe58befe678f9bcde687c,False,
E001P-f99b991c051b,1004358,BNG_100KM_E1_N0,EAP-c590a5cb0139,2020,1.0,e001-terrain-v1,128,verified,pass,pass,elevation_normalized;slope_degrees;hillshade_315_45;local_relief_r16m,pass,d52835aadcfa2b0ee487f30f838a3493df58ef217b6262a03d0d0d7e6c0bda6d,4c32d5e5aa14fbcfad56349554b6b73585b2e1dc77d1bb93670351f28618c364,d15680411b68fdd2e204a6b9b8536c8529e321ffea2eac8246402c5c2d4f6cd1,False,
E001P-fb3a568b3188,1018307,BNG_100KM_E5_N2,EAP-d85b0f0821f9,2018,1.0,e001-terrain-v1,128,verified,pass,pass,elevation_normalized;slope_degrees;hillshade_315_45;local_relief_r16m,pass,fbde225002ccccf439ddd5d05588abd35c0ed077e2c3e59cf602a22ab5cf8172,312d10fb8777fbddf205ab6252beee2bc142200ae814a325ba9ee69c1f568d4c,f33694ce2bfca7f302b6ce73170be69f515b601be0ba5da9e6462ca99d29a7eb,False,
E001P-fd832109e585,1009082,BNG_100KM_E5_N1,EAP-d3a871d4f09e,2019,1.0,e001-terrain-v1,128,verified,pass,pass,elevation_normalized;slope_degrees;hillshade_315_45;local_relief_r16m,pass,bbf9f0d7ed63776a493d642308051acdb3342372ccebeff1fe9f691efe98e363,f22d16242f148db41ce21d41d024aa42e774e6d9e83fb07bbadf7ec1019a1fb3,2510a341877e218fc0f52b84ef4ad415b1d8927510401f63058db8f2c7668c53,False,
E001P-fe0696ef5e8b,1018154,BNG_100KM_E4_N2,EAP-c590a5cb0139,2020,1.0,e001-terrain-v1,128,verified,pass,pass,elevation_normalized;slope_degrees;hillshade_315_45;local_relief_r16m,pass,cbf4825c5d80767ae2a03003f144c733a6eb4c1e254ec8d83c1ff528961bebb0,e67ab379844e2ca7cf981b2c70e13ca5de9a7c64561e9c60370781b27e10a0a1,f916586134ea32e7687f106f5fcd9bef495cb692ea314b9d6f9236a84b5c81a3,False,
E001P-fe71885ad3de,1007394,BNG_100KM_E3_N3,EAP-c590a5cb0139,2020,1.0,e001-terrain-v1,128,verified,pass,pass,elevation_normalized;slope_degrees;hillshade_315_45;local_relief_r16m,pass,d53bc71e5a957d6bf411e54e87ee16befa9c1947eb584d71e8952c30481e152e,4ab21da262a9913aae4eb7f3f4d1102fbe3f6a13ebc555b64f55d63847cfd9d5,e1d45867936141fc3e7f0277b83bfec54271b5283a33996b70cf91474fc1721a,False,
