sample_id,class_label,observation_group_id,overlap_component_id,geographic_block_id,survey_year,provenance_id,source_resolution_m,patch_size_m,processing_version,qa_status,sampling_stratum,patch_sha256,split_random,split_geographic
E001P-004c14bbcf5c,positive_bowl_barrow,E001G-c1ed32e1ca6e,,BNG_100KM_E3_N2,2020,EAP-c590a5cb0139,1.0,128,e001-terrain-v1,pass,positive_curated,260c3fd20369442988c3bb93b155fa2ba202388f753b20c52fd5d996e7f61d83,train,final_test
E001P-02cd97c70290,positive_bowl_barrow,E001G-8645998297a3,,BNG_100KM_E3_N2,2020,EAP-c590a5cb0139,1.0,128,e001-terrain-v1,pass,positive_curated,c5368215962add111618164165587963f1be46985a3a4eae34ec303e22cbf851,final_test,final_test
E001P-032894b74d2c,positive_bowl_barrow,E001G-3406a8e2e0dd,,BNG_100KM_E3_N4,2020,EAP-c590a5cb0139,1.0,128,e001-terrain-v1,pass,positive_curated,01cfccdf248ff4dccdb73fdac216c337b16814f8f97f0982ce6f69227579150f,train,train
E001P-034ad4361818,positive_bowl_barrow,E001G-be253042432e,,BNG_100KM_E3_N5,2021,EAP-71ad6a50942e,1.0,128,e001-terrain-v1,pass,positive_curated,1839049b4a054510ff3421ec5795a5cd338797d5ac418cd1a8d6da2c95de687c,train,train
E001P-0391c71dfabf,positive_bowl_barrow,E001G-d0f64c0bc53a,,BNG_100KM_E6_N1,2018,EAP-d85b0f0821f9,1.0,128,e001-terrain-v1,pass,positive_curated,1ce6419d3a8971654d785de56370d222309c92f6fc8837c8aea090c71fb083d5,train,train
E001P-03e6bb61208b,positive_bowl_barrow,E001G-5cbe9d18b7cc,,BNG_100KM_E2_N0,2019,EAP-d3a871d4f09e,1.0,128,e001-terrain-v1,pass,positive_curated,2261a4d2b5d140b8ba05841929281b5913982de3c0a6f88a1278f16c36541346,train,development
E001P-058d5d949c4c,positive_bowl_barrow,E001G-ef6d3bf97c33,,BNG_100KM_E4_N0,2021,EAP-71ad6a50942e,1.0,128,e001-terrain-v1,pass,positive_curated,e3c9a04ba7e321d4bc0d9172a80f910e174a9ad96126e3d416d823de3ec03279,train,train
E001P-06c86e74d40a,positive_bowl_barrow,E001G-ec3f9b58664d,,BNG_100KM_E2_N1,2022,EAP-a800a13742ee,1.0,128,e001-terrain-v1,pass,positive_curated,054ca1236b9d8155f31c1e333fd38fa25a34095282ca0f8ce36107d10d409d78,train,train
E001P-07f09ec5d10e,positive_bowl_barrow,E001G-811748c43f63,E001O-bfb367ad9636,BNG_100KM_E5_N0,2019,EAP-d3a871d4f09e,1.0,128,e001-terrain-v1,pass,positive_curated,59780c7dca31eac5ac00296fadcf9f797278ef3d43b4c383915c44c9e9cc7c2e,train,train
E001P-0922b5ae5836,positive_bowl_barrow,E001G-b9a16a314776,,BNG_100KM_E4_N4,2018,EAP-d85b0f0821f9,1.0,128,e001-terrain-v1,pass,positive_curated,3fe37e590e83deedfdc6856f46c4cfaf09a586789fa58353b2f1adc2906bc93f,train,train
E001P-09ba26473d2a,positive_bowl_barrow,E001G-4cb3215807c5,,BNG_100KM_E5_N1,2018,EAP-d85b0f0821f9,1.0,128,e001-terrain-v1,pass,positive_curated,3e808e5c73a15f87d4ad4f90e7af8438e5ee77adf0f2c581d062d6e9b6f4f930,train,train
E001P-09fae9b51dad,positive_bowl_barrow,E001G-ef1b05cdeb42,,BNG_100KM_E4_N5,2018,EAP-d85b0f0821f9,1.0,128,e001-terrain-v1,pass,positive_curated,10528d47c95ebeeb15d4e34610ae75fad17033d6bc4a7d1f15d5275e2daeea70,train,train
E001P-0a2f9ca4f569,positive_bowl_barrow,E001G-46ccdc698e45,,BNG_100KM_E5_N2,2019,EAP-d3a871d4f09e,1.0,128,e001-terrain-v1,pass,positive_curated,2bd623e8d786f66cde37f122651136d768c8aeb43fffe58847d720dc5ff53d8a,train,train
E001P-0a3bf5c088b1,positive_bowl_barrow,E001G-fb39246bb3b8,,BNG_100KM_E4_N0,2021,EAP-71ad6a50942e,1.0,128,e001-terrain-v1,pass,positive_curated,e77c19b129e49e9c845edf5a5c6c513f366100fae1a57904cfa6ffc220b1d9c4,train,train
E001P-0a8912b5d0ed,positive_bowl_barrow,E001G-9ea08e2a2fca,,BNG_100KM_E3_N2,2019,EAP-d3a871d4f09e,1.0,128,e001-terrain-v1,pass,positive_curated,3df91d47f54200e13555ad288a4528e7031fbb9223ab5a6a90110b1c9f67faf2,train,final_test
E001P-0ce54cd450a2,positive_bowl_barrow,E001G-4dd1d735589e,E001O-68b0520bfa4a,BNG_100KM_E2_N0,2020,EAP-c590a5cb0139,1.0,128,e001-terrain-v1,pass,positive_curated,36514cf0de9f0584cbdb8bf5e069603cebd8b9b0472dc4c989bd58b67ae40892,train,development
E001P-0d9fb24a2f72,positive_bowl_barrow,E001G-8ed85cf92dd6,,BNG_100KM_E3_N5,2021,EAP-71ad6a50942e,1.0,128,e001-terrain-v1,pass,positive_curated,d076e37e61ed101eae02975b593dd1cbb4d5a6dc73be5a4c0488efc81e65ef05,train,train
E001P-0eeea3cc07c3,positive_bowl_barrow,E001G-5bbdbf30903d,,BNG_100KM_E2_N1,2022,EAP-a800a13742ee,1.0,128,e001-terrain-v1,pass,positive_curated,744e66fe54e17048f0804cddc16398b77d91fe19036ec459bf21887ab5f00c8f,train,train
E001P-0f3564596a0f,positive_bowl_barrow,E001G-2384e602d60a,,BNG_100KM_E3_N2,2020,EAP-c590a5cb0139,1.0,128,e001-terrain-v1,pass,positive_curated,a041915678a1d093465e7997eb6beb76654fc9c62bf7a1bac20324628f7ac940,train,final_test
E001P-10e5cdeedaa8,positive_bowl_barrow,E001G-a3d5a7e7675f,,BNG_100KM_E3_N1,2021,EAP-71ad6a50942e,1.0,128,e001-terrain-v1,pass,positive_curated,0d25fa497fcc25147ea22071eb3f76affbb88b2d11de776f945428d7c2477817,train,train
E001P-10e8a158d0c4,positive_bowl_barrow,E001G-cecc60c63348,,BNG_100KM_E5_N4,2018,EAP-d85b0f0821f9,1.0,128,e001-terrain-v1,pass,positive_curated,aad11680f20e37848121802db5eafb4fc3a6e1e2ec27d9403c4238e3e74e3062,train,final_test
E001P-1107432db51f,positive_bowl_barrow,E001G-798eba2953ad,,BNG_100KM_E3_N1,2019,EAP-d3a871d4f09e,1.0,128,e001-terrain-v1,pass,positive_curated,153ebe9a26558eea164ca26685d9a949b13853570ea6ee314c3434a991f09539,train,train
E001P-130f030b649f,positive_bowl_barrow,E001G-6a4b9b5b794d,,BNG_100KM_E5_N0,2019,EAP-d3a871d4f09e,1.0,128,e001-terrain-v1,pass,positive_curated,222f699fe4863f56daaa73ba3e4ecab60a2caf05c8d2ae89bc48a14b1eeb7e20,final_test,train
E001P-13259cdbf785,positive_bowl_barrow,E001G-c1f6510805af,,BNG_100KM_E4_N3,2021,EAP-71ad6a50942e,1.0,128,e001-terrain-v1,pass,positive_curated,32a6f84b968df21796cdcea672493a8b36ed1cda7f7230c3582c757df9417674,train,train
E001P-15f40e5ee9a0,positive_bowl_barrow,E001G-f06a67ca5784,,BNG_100KM_E5_N1,2021,EAP-71ad6a50942e,1.0,128,e001-terrain-v1,pass,positive_curated,58396f4f4b4af128d0fe1900271bbba559241639b6cc39bb6ee31b15ca2f2bde,train,train
E001P-17551bc1f077,positive_bowl_barrow,E001G-77b09e448520,,BNG_100KM_E3_N0,2021,EAP-71ad6a50942e,1.0,128,e001-terrain-v1,pass,positive_curated,940c2962e9b4b455f804981eb07ae43ab3b53c44c5cb0a7786f3754661cb890d,train,train
E001P-1a00bdef6714,positive_bowl_barrow,E001G-bb9b71b424d7,,BNG_100KM_E5_N4,2020,EAP-c590a5cb0139,1.0,128,e001-terrain-v1,pass,positive_curated,b26d316ae0e27669b208be5c2afc20da2b0a588b62d5a249d25c01f87f61fd1b,train,final_test
E001P-1acd41dcaa9f,positive_bowl_barrow,E001G-3d8ed3f59a03,,BNG_100KM_E4_N2,2020,EAP-c590a5cb0139,1.0,128,e001-terrain-v1,pass,positive_curated,7d893fe9ef3f30003df2dfde1c9509e4159fec11233ad25ebd0e1c4c0652dd4b,train,train
E001P-1bba9e201f5e,positive_bowl_barrow,E001G-ca719b591f83,E001O-0157ec1605ec,BNG_100KM_E3_N4,2022,EAP-a800a13742ee,1.0,128,e001-terrain-v1,pass,positive_curated,ae2ec03d941397ecc9b3f50973374fcdae957cf83242d1af9ea02b4906721aab,train,train
E001P-1d05935be556,positive_bowl_barrow,E001G-5ea07bc2bedb,,BNG_100KM_E4_N2,2021,EAP-71ad6a50942e,1.0,128,e001-terrain-v1,pass,positive_curated,4856490940c752924cb7271e0456c27447eafbde24bfa658be72e73c45bc1db8,train,train
E001P-1dfaf16a1f91,positive_bowl_barrow,E001G-15d32ed1e7e6,,BNG_100KM_E4_N3,2020,EAP-c590a5cb0139,1.0,128,e001-terrain-v1,pass,positive_curated,15c17e9038294e5e51e75cc7f926524fbb9e4b94b75ecffa29186160a3d55a37,train,train
E001P-2068fb52a8d8,positive_bowl_barrow,E001G-4a2813850933,,BNG_100KM_E2_N1,2021,EAP-71ad6a50942e,1.0,128,e001-terrain-v1,pass,positive_curated,fc1aae7d1498f65e15cc1f9db011bed6384ea86cc3739d5fe037be40a764c9f4,train,train
E001P-21d2bc912174,positive_bowl_barrow,E001G-d3f66fa28063,,BNG_100KM_E5_N3,2017,EAP-8e32eccbc87e,1.0,128,e001-terrain-v1,pass,positive_curated,32e26fd436c6725c3866b37faeb760711bda046e44ed5b23d32934ce18d304ed,train,train
E001P-25027836e936,positive_bowl_barrow,E001G-80a69e873b15,,BNG_100KM_E4_N0,2018,EAP-d85b0f0821f9,1.0,128,e001-terrain-v1,pass,positive_curated,c7437eb7b3a5ec5cf45bc3163ae3780c0ec54be8713ea6f89cf6a967d61b977b,development,train
E001P-254bf6047f5d,positive_bowl_barrow,E001G-b93e469da5cb,,BNG_100KM_E4_N5,2018,EAP-d85b0f0821f9,1.0,128,e001-terrain-v1,pass,positive_curated,6c1b45a8cf2b9043aeed10051e140b4de6202722502fdd376cb035501724249b,train,train
E001P-256e3ab7773a,positive_bowl_barrow,E001G-b9d4336490c8,,BNG_100KM_E4_N5,2018,EAP-d85b0f0821f9,1.0,128,e001-terrain-v1,pass,positive_curated,e80ea0bfdedcf96c188ef837a6485fafcdfd9cb326fae7535cce1824d96e1acf,train,train
E001P-25e1a665183b,positive_bowl_barrow,E001G-502e81b44926,,BNG_100KM_E5_N1,2019,EAP-d3a871d4f09e,1.0,128,e001-terrain-v1,pass,positive_curated,cd98c661bf544e330e1fc84b2ac83e4323989a95d8f5547960c1bb8921b60b91,train,train
E001P-2651ce5e9a62,positive_bowl_barrow,E001G-ca4b7ba2e224,,BNG_100KM_E1_N0,2020,EAP-c590a5cb0139,1.0,128,e001-terrain-v1,pass,positive_curated,3aacb7933378edec356eccc03aef8655b1e81ef83d16c8fe235f1d66c128b34e,final_test,train
E001P-26afcc3dc112,positive_bowl_barrow,E001G-274fb4c67521,,BNG_100KM_E4_N5,2016,EAP-4f02812edece,1.0,128,e001-terrain-v1,pass,positive_curated,65b0fc2aa5d8cfe8c68356dc11d059a7de33c2eef7fc2a66a52473ff7ab713b1,train,train
E001P-26d122ea5984,positive_bowl_barrow,E001G-a4964c1ba0ec,,BNG_100KM_E3_N5,2018,EAP-d85b0f0821f9,1.0,128,e001-terrain-v1,pass,positive_curated,3f825998f9def0b84b4a4d4cb7992d7373e47ae7091e316d6078fed21ccc89bd,final_test,train
E001P-2718e6db8f18,positive_bowl_barrow,E001G-b1124e63cbf8,,BNG_100KM_E3_N0,2021,EAP-71ad6a50942e,1.0,128,e001-terrain-v1,pass,positive_curated,644a1560ba1750dda96d28fef4e9214c2f492e8f899d81619bdaad560a8e89a1,train,train
E001P-2770bd1727d5,positive_bowl_barrow,E001G-af3de42e4b8a,,BNG_100KM_E5_N2,2018,EAP-d85b0f0821f9,1.0,128,e001-terrain-v1,pass,positive_curated,119683e4fb3af411feb989d8b760b7a20ba6ff810e9a0b1a38a5d4fa05d45597,train,train
E001P-277f2234f0b6,positive_bowl_barrow,E001G-9346405b13d5,,BNG_100KM_E3_N2,2020,EAP-c590a5cb0139,1.0,128,e001-terrain-v1,pass,positive_curated,721c0e6ef4e629204094e063c7ea6defd5feb5b0c37903784b485687d577052a,final_test,final_test
E001P-291a61777d19,positive_bowl_barrow,E001G-14e6965f4cb2,,BNG_100KM_E3_N5,2021,EAP-71ad6a50942e,1.0,128,e001-terrain-v1,pass,positive_curated,4bedc1b34a687b0d2a06b44fc82c6f46468fc5d3825dc40fefe0d1522558ae39,train,train
E001P-2cb9af32abbb,positive_bowl_barrow,E001G-ee96a6833635,,BNG_100KM_E3_N5,2021,EAP-71ad6a50942e,1.0,128,e001-terrain-v1,pass,positive_curated,1e80727f733da448bc71de88a9f41e7fa659559c0c3247eb5731dfdaa0df3303,train,train
E001P-2e4fd3b6d133,positive_bowl_barrow,E001G-0bac9c835b37,,BNG_100KM_E3_N0,2021,EAP-71ad6a50942e,1.0,128,e001-terrain-v1,pass,positive_curated,8bf272308535c2cf8e7917a40e67b678e9ec4d668d9a7169e36aff734cbaf408,train,train
E001P-2e54caba2058,positive_bowl_barrow,E001G-5bfc34cec829,,BNG_100KM_E4_N3,2020,EAP-c590a5cb0139,1.0,128,e001-terrain-v1,pass,positive_curated,faa6940a848b05101165ac597b687eb96f13d8db1d4f6f2719b29d6346c39222,train,train
E001P-310412ced3d4,positive_bowl_barrow,E001G-2765a8fcae55,,BNG_100KM_E5_N2,2018,EAP-d85b0f0821f9,1.0,128,e001-terrain-v1,pass,positive_curated,0ce835031db47dada79020fbb1546a37ceacd310ea587c004112024888f672d6,train,train
E001P-31104727ee3a,positive_bowl_barrow,E001G-5e86adacdf4c,,BNG_100KM_E3_N5,2020,EAP-c590a5cb0139,1.0,128,e001-terrain-v1,pass,positive_curated,f32c64d71d6fb026ecc436f4b543c3ffdea33bd6a67d1fec75d871d5871fe762,train,train
E001P-3147b27a3ecf,positive_bowl_barrow,E001G-a28b02e3a644,,BNG_100KM_E2_N0,2021,EAP-71ad6a50942e,1.0,128,e001-terrain-v1,pass,positive_curated,f8b0b736ef4dd1f979869ad0055f61c7d13eb22c05ae2e2c1f61a720b1278aca,final_test,development
E001P-31b2f81982e0,positive_bowl_barrow,E001G-45e97e073b6d,,BNG_100KM_E2_N1,2022,EAP-a800a13742ee,1.0,128,e001-terrain-v1,pass,positive_curated,e4dfd0e9e630efc05a0b002588bcd1de79d04532c018e5a243f7fb7792cabbf2,train,train
E001P-31c28507c037,positive_bowl_barrow,E001G-4a425eb7d4c9,,BNG_100KM_E6_N2,2020,EAP-c590a5cb0139,1.0,128,e001-terrain-v1,pass,positive_curated,685a696b28742d6efd82a12adbc78dbca4ed0b3b525a8ffb7a2dc33de60f57b7,train,train
E001P-327fe36b44b4,positive_bowl_barrow,E001G-f0c7930d6878,,BNG_100KM_E4_N1,2017,EAP-8e32eccbc87e,1.0,128,e001-terrain-v1,pass,positive_curated,cb1bf58268e9679f4227b429f67b46eda45fd628d359bac7c5e1374c07a55027,final_test,train
E001P-331e36a101ea,positive_bowl_barrow,E001G-f6167c7f2718,,BNG_100KM_E4_N2,2020,EAP-c590a5cb0139,1.0,128,e001-terrain-v1,pass,positive_curated,100c3e708eede835e692face20239d2f1156361323892ebb893dbdba17e25d92,development,train
E001P-33e202f97569,positive_bowl_barrow,E001G-75de09519dfc,,BNG_100KM_E4_N5,2018,EAP-d85b0f0821f9,1.0,128,e001-terrain-v1,pass,positive_curated,ac2f73b946f0142a75ff9b532c51f57631a88217ca00fb27f64981814a569cb7,train,train
E001P-3436e9c3a0e3,positive_bowl_barrow,E001G-85e55d9c3a05,,BNG_100KM_E4_N1,2017,EAP-8e32eccbc87e,1.0,128,e001-terrain-v1,pass,positive_curated,72887eff471acbfbd5d031816a44c8a517aa8f1a58c99f9026e6676ed649a181,train,train
E001P-34772b4967d0,positive_bowl_barrow,E001G-48cbf7fa0513,E001O-312cb30204a0,BNG_100KM_E4_N5,2018,EAP-d85b0f0821f9,1.0,128,e001-terrain-v1,pass,positive_curated,3694ebdb53595e830948a2a69a3015a46b3e6e4a6c0f9e71997717048e8e70d3,development,train
E001P-357c64cd54b4,positive_bowl_barrow,E001G-84bb465ef288,,BNG_100KM_E4_N5,2018,EAP-d85b0f0821f9,1.0,128,e001-terrain-v1,pass,positive_curated,c70b9cb5cbc3c5269abe27860b1475fad84d7f2555e60d825fb2bb4823b8362f,train,train
E001P-35866883594c,positive_bowl_barrow,E001G-5ff09fcdbadd,,BNG_100KM_E4_N5,2018,EAP-d85b0f0821f9,1.0,128,e001-terrain-v1,pass,positive_curated,f1c7c0d92e310e5c38cf31fd8d79d540711b94b3153680badaac57cb12e45c1a,train,train
E001P-35892494ae4b,positive_bowl_barrow,E001G-7e6f6e41ad9c,,BNG_100KM_E4_N1,2020,EAP-c590a5cb0139,1.0,128,e001-terrain-v1,pass,positive_curated,68b907f93dcd80848b81219d723e15f2ec74c12f21a6b245551f7e84c2d11f8b,train,train
E001P-35df044d4248,positive_bowl_barrow,E001G-250157aeacde,,BNG_100KM_E4_N5,2018,EAP-d85b0f0821f9,1.0,128,e001-terrain-v1,pass,positive_curated,327c59dbe4e53b4f8d61b20613d8133aad20002249b626e36e715b35b77f5e13,development,train
E001P-35f3839a8c78,positive_bowl_barrow,E001G-75482fc67325,,BNG_100KM_E2_N0,2022,EAP-a800a13742ee,1.0,128,e001-terrain-v1,pass,positive_curated,5d624306ffe8754688e95f09e74d9e18d1f653ed0c296e2701b96da8bcfe336f,final_test,development
E001P-38adfe10bb5d,positive_bowl_barrow,E001G-dabb7425a1fc,,BNG_100KM_E6_N2,2020,EAP-c590a5cb0139,1.0,128,e001-terrain-v1,pass,positive_curated,c59aad4bdae54ba37a45d4cbe9c9e8bcd634a835d190d54f11d1c2c6a967d00d,train,train
E001P-38da87c5efd5,positive_bowl_barrow,E001G-f09e7fd58b79,,BNG_100KM_E4_N5,2009,EAP-fa2ffbdc01b2,1.0,128,e001-terrain-v1,pass,positive_curated,9abf96e801463181e972eff06cd163ce1d564124c8b7c6e43f787fb8ca1df7fb,train,train
E001P-398e3e398328,positive_bowl_barrow,E001G-f56ffa4fedf9,,BNG_100KM_E5_N1,2021,EAP-71ad6a50942e,1.0,128,e001-terrain-v1,pass,positive_curated,775dccc83af6db8b2da53995ae823b53c78337cb866deeaf4435aec7ebab1f2b,train,train
E001P-3a5d8b713a5f,positive_bowl_barrow,E001G-7fdb8286ea34,,BNG_100KM_E3_N3,2021,EAP-71ad6a50942e,1.0,128,e001-terrain-v1,pass,positive_curated,cbf11874f0a83c3faca26fc59411442da0fe52102066a16c996ed667cb0b6ee6,train,train
E001P-3f3e05b7947b,positive_bowl_barrow,E001G-736fcc024fd8,,BNG_100KM_E3_N5,2021,EAP-71ad6a50942e,1.0,128,e001-terrain-v1,pass,positive_curated,eb2fc10fab32d092c91d162bd5d730bc52dab83ef600060b80cbd42271d9bfc5,train,train
E001P-41456d2a7a43,positive_bowl_barrow,E001G-894bb050c9a3,,BNG_100KM_E4_N0,2021,EAP-71ad6a50942e,1.0,128,e001-terrain-v1,pass,positive_curated,07ffae65083b16a203b4bee7b1f2ab0b40d5be858821b91fc02c2608062ae9bd,train,train
E001P-47e46c734663,positive_bowl_barrow,E001G-5d50a131e6dd,,BNG_100KM_E5_N4,2018,EAP-d85b0f0821f9,1.0,128,e001-terrain-v1,pass,positive_curated,5a2c615d4e7ab2ec8592bc7ed2ab239e323fe3fa18c5a5689555ba71eefa2b98,train,final_test
E001P-47ff5f35a931,positive_bowl_barrow,E001G-d5b1d653aa5f,,BNG_100KM_E5_N2,2018,EAP-d85b0f0821f9,1.0,128,e001-terrain-v1,pass,positive_curated,57427e14c0ed61ce1797ecadd5ea28060fb8e3698153308e4671f20e1e0b0d76,train,train
E001P-484b9decb35a,positive_bowl_barrow,E001G-c26548eecc3c,,BNG_100KM_E2_N0,2021,EAP-71ad6a50942e,1.0,128,e001-terrain-v1,pass,positive_curated,65ecca22711e1b27861e2c81eb4af8b76221cb7094eb90df07c0fb830855bd2f,train,development
E001P-48a754407212,positive_bowl_barrow,E001G-812e2825303e,,BNG_100KM_E5_N2,2019,EAP-d3a871d4f09e,1.0,128,e001-terrain-v1,pass,positive_curated,32c0119ccbca4094da90d66056f79a0864a321d7177577bd9f6a66da9d2d7723,train,train
E001P-48ba248bd720,positive_bowl_barrow,E001G-37b889ffccf4,,BNG_100KM_E3_N1,2018,EAP-d85b0f0821f9,1.0,128,e001-terrain-v1,pass,positive_curated,4d1b2fccddbc727d7b12400100726c5baf96f40ecdb344f687bb5ac758ddcf89,train,train
E001P-48d069b3fe47,positive_bowl_barrow,E001G-a13bef006ce8,,BNG_100KM_E3_N1,2019,EAP-d3a871d4f09e,1.0,128,e001-terrain-v1,pass,positive_curated,95a86d5f1eda2d33ecdeef51f101eeb7231b5d12c5fe9d595a7db6140f19f64a,train,train
E001P-4a80187aa7a4,positive_bowl_barrow,E001G-d82922b918f2,,BNG_100KM_E3_N1,2018,EAP-d85b0f0821f9,1.0,128,e001-terrain-v1,pass,positive_curated,148c87f8e23dc935f120a1c2ba95a0598653160f9902369313833e2d05678777,train,train
E001P-4aca0288053d,positive_bowl_barrow,E001G-69f98e953c38,,BNG_100KM_E3_N2,2020,EAP-c590a5cb0139,1.0,128,e001-terrain-v1,pass,positive_curated,de54643b0367b9ad731ff01e130f9902f08f1c3aff7d9ddf0da3cdb24c3522e4,train,final_test
E001P-4c008470f424,positive_bowl_barrow,E001G-7acaaf66d519,,BNG_100KM_E5_N4,2020,EAP-c590a5cb0139,1.0,128,e001-terrain-v1,pass,positive_curated,0fb39223a93543b0d675e67655c2664066d052da59a616adae1c788b159510c2,train,final_test
E001P-4d7bd772d6f8,positive_bowl_barrow,E001G-07b3affcb6b0,,BNG_100KM_E1_N0,2021,EAP-71ad6a50942e,1.0,128,e001-terrain-v1,pass,positive_curated,51da58c69e7fff546ed8501780309ea369438c2aa4e6501a22243c5ceb46add8,train,train
E001P-4e92968f48c6,positive_bowl_barrow,E001G-87ca1deeea80,,BNG_100KM_E4_N3,2020,EAP-c590a5cb0139,1.0,128,e001-terrain-v1,pass,positive_curated,b8c755d704678599e542e9c668106315c52977a0ff0ba565be98a9e17bc9fbde,train,train
E001P-501a3f5eacbd,positive_bowl_barrow,E001G-5e0501021308,,BNG_100KM_E5_N3,2017,EAP-8e32eccbc87e,1.0,128,e001-terrain-v1,pass,positive_curated,d4d16054f1face14cfad770a35bee5330987b51d78a3bc7803d44a2b0c88f348,train,train
E001P-503f67814972,positive_bowl_barrow,E001G-ca719b591f83,E001O-0157ec1605ec,BNG_100KM_E3_N4,2022,EAP-a800a13742ee,1.0,128,e001-terrain-v1,pass,positive_curated,734493d03f0a7efb33753e019d10f867b89859942c43e1b807959b223eaa0761,train,train
E001P-51608b858a44,positive_bowl_barrow,E001G-c33db9c01546,,BNG_100KM_E5_N4,2020,EAP-c590a5cb0139,1.0,128,e001-terrain-v1,pass,positive_curated,1d38a4d3cd334f8235a4b09988c58360a8ddd84be6206c0b4ffa6f9fd3ed1e39,train,final_test
E001P-5396065ca2a8,positive_bowl_barrow,E001G-6aa0eca8a0a6,,BNG_100KM_E2_N0,2019,EAP-d3a871d4f09e,1.0,128,e001-terrain-v1,pass,positive_curated,8825b20b8e5f1f94d87694a0f431f3395b50c3d4ca54bfd7dd522d2276e684e2,train,development
E001P-540c6808d333,positive_bowl_barrow,E001G-4900b71cce99,,BNG_100KM_E4_N5,2018,EAP-d85b0f0821f9,1.0,128,e001-terrain-v1,pass,positive_curated,9178e15954cba1d4b7e67e0e61f700c30b76e9818f4a10d80c337dcbbc5e3a92,final_test,train
E001P-545862a1f88c,positive_bowl_barrow,E001G-f680a024fe1f,,BNG_100KM_E4_N3,2020,EAP-c590a5cb0139,1.0,128,e001-terrain-v1,pass,positive_curated,04a2333d04e653daf7f3cc3427a9661ad43ca903386edea42779dc3aa4401ac0,train,train
E001P-550ce30b15ca,positive_bowl_barrow,E001G-a2f1f531a247,E001O-45e9ba342c62,BNG_100KM_E6_N2,2018,EAP-d85b0f0821f9,1.0,128,e001-terrain-v1,pass,positive_curated,a3583efa13b690756e34a88f96fe845443de941d904b85c32082e3b3f3024333,train,train
E001P-5633f1afbd36,positive_bowl_barrow,E001G-62f251867b80,,BNG_100KM_E3_N5,2021,EAP-71ad6a50942e,1.0,128,e001-terrain-v1,pass,positive_curated,f18b6641e5ec49eb7589b261d8a3c16b5296b407b54d297c7e20676b6d29f7a7,train,train
E001P-56f14b915965,positive_bowl_barrow,E001G-be1faeebeb38,,BNG_100KM_E4_N1,2021,EAP-71ad6a50942e,1.0,128,e001-terrain-v1,pass,positive_curated,2f3e19ece0d7c6a9210bd05fee54256f5c3088443c3cad771dec685c156cee8e,train,train
E001P-57c10cf13230,positive_bowl_barrow,E001G-0ec6afe2ab57,,BNG_100KM_E3_N1,2019,EAP-d3a871d4f09e,1.0,128,e001-terrain-v1,pass,positive_curated,96ecfad45f6031f99ef6f277f05850a27ec0e775df14190ce23f5c85cd8badaa,train,train
E001P-585898e6c6cd,positive_bowl_barrow,E001G-882145fc2ae5,,BNG_100KM_E5_N3,2017,EAP-8e32eccbc87e,1.0,128,e001-terrain-v1,pass,positive_curated,ce1832bbb97ef88af42eacaa9f4cc3c73cd3dd75be66c70ad90c30fada8b3ef0,train,train
E001P-593eedc49bfb,positive_bowl_barrow,E001G-836af9bde0da,,BNG_100KM_E3_N2,2020,EAP-c590a5cb0139,1.0,128,e001-terrain-v1,pass,positive_curated,61aa19b931e902274767e22deabe098432da40092abafaddda247eab6f812a10,train,final_test
E001P-595c4a24e7f7,positive_bowl_barrow,E001G-0e15e84eb57d,,BNG_100KM_E3_N3,2020,EAP-c590a5cb0139,1.0,128,e001-terrain-v1,pass,positive_curated,e43f8e19f8ba88be73b6e5e109de734ecbe233e4687b04b23d32a88a4d01aad2,train,train
E001P-59dfa0fe8fcf,positive_bowl_barrow,E001G-d4db32761647,,BNG_100KM_E5_N1,2019,EAP-d3a871d4f09e,1.0,128,e001-terrain-v1,pass,positive_curated,667af7641667821191cb8a7704f2b202730b17c938105c0c6d15071a2cbaa793,train,train
E001P-5a23e7a3033b,positive_bowl_barrow,E001G-4dd1d735589e,E001O-68b0520bfa4a,BNG_100KM_E2_N0,2020,EAP-c590a5cb0139,1.0,128,e001-terrain-v1,pass,positive_curated,7b4b1d1b3a949703a119dc7ef7d8e0a91e935d05de46d75a1e7e9028259ab73d,train,development
E001P-5a6995b83b3d,positive_bowl_barrow,E001G-0dccef6e9495,,BNG_100KM_E3_N3,2020,EAP-c590a5cb0139,1.0,128,e001-terrain-v1,pass,positive_curated,f75373ce3832617c0118c3d4c8f4f6038eaf54a98c76ad39f6a1f4df2e761302,train,train
E001P-5ad89861f977,positive_bowl_barrow,E001G-af996ac503ae,,BNG_100KM_E5_N2,2018,EAP-d85b0f0821f9,1.0,128,e001-terrain-v1,pass,positive_curated,dc6ae4aa439de8c28ae20dea7406361716a96464f3209e54fd1d11ca26b7121e,train,train
E001P-5b8ddab53ee4,positive_bowl_barrow,E001G-1b778d246159,,BNG_100KM_E2_N1,2020,EAP-c590a5cb0139,1.0,128,e001-terrain-v1,pass,positive_curated,57419413afb9b3ba4c708185e9b1cb5fe1229ba2aaa8b39d7c337a4e4f57b203,train,train
E001P-5ba0a0175e44,positive_bowl_barrow,E001G-e930aaa16f2e,E001O-9a72378c429b,BNG_100KM_E3_N4,2020,EAP-c590a5cb0139,1.0,128,e001-terrain-v1,pass,positive_curated,cecd80a0e5c29b391b48fbf669ff0f488f9952ac08fafab7e9055e92fcf15e35,final_test,train
E001P-5caa2d54f38b,positive_bowl_barrow,E001G-45c20d9b9a5d,,BNG_100KM_E4_N5,2018,EAP-d85b0f0821f9,1.0,128,e001-terrain-v1,pass,positive_curated,44ca4974b85543510ecbcab756a129d906f60820b793c27fc9709c8a1cab046a,train,train
E001P-5e66b821a32e,positive_bowl_barrow,E001G-35ac9464bddb,,BNG_100KM_E3_N0,2021,EAP-71ad6a50942e,1.0,128,e001-terrain-v1,pass,positive_curated,838fb32665e40363c3c8d88807cf2c138f5be99066c04ba1b6a9fc4f10d64e56,development,train
E001P-5f26f47efa81,positive_bowl_barrow,E001G-fae889675651,,BNG_100KM_E3_N0,2021,EAP-71ad6a50942e,1.0,128,e001-terrain-v1,pass,positive_curated,94fadf5c6020a2c7c963726d556d90874f78283556d170a2c715ba28363bf480,train,train
E001P-60960295cce1,positive_bowl_barrow,E001G-2f8233561d8b,,BNG_100KM_E2_N1,2020,EAP-c590a5cb0139,1.0,128,e001-terrain-v1,pass,positive_curated,6e1d96c6d577591f47a72e58223d9ccfa0808f8dd98e48c49c995c44225153fc,train,train
E001P-60f2c68a1dea,positive_bowl_barrow,E001G-b872140bb73f,,BNG_100KM_E1_N0,2020,EAP-c590a5cb0139,1.0,128,e001-terrain-v1,pass,positive_curated,5d3ac9dd79250fe7871e9017692722a21e2e43239e03d748ee81f51af2db7ed3,final_test,train
E001P-612f6a2be1ef,positive_bowl_barrow,E001G-ffa904bf1e19,,BNG_100KM_E3_N2,2020,EAP-c590a5cb0139,1.0,128,e001-terrain-v1,pass,positive_curated,52e0e716f65688d470f3ff4436e4b4b70f60e30af7ec695702e8ffefdc64a9bc,train,final_test
E001P-63b853157e46,positive_bowl_barrow,E001G-4dd03f7d617c,,BNG_100KM_E4_N5,2018,EAP-d85b0f0821f9,1.0,128,e001-terrain-v1,pass,positive_curated,500394c31c7a430aff28a9228cc7ff9e41acc96b9ebccb40a5990d47354cf0ad,train,train
E001P-63f2d1e0f54d,positive_bowl_barrow,E001G-71c975f5c4c4,,BNG_100KM_E1_N0,2019,EAP-d3a871d4f09e,1.0,128,e001-terrain-v1,pass,positive_curated,1b401ad0b2c38aae62ed3baa6d56774cda5f217f05dfd297e71cd558d4cff88b,development,train
E001P-64649dc543eb,positive_bowl_barrow,E001G-7b40bcd05d2c,,BNG_100KM_E5_N3,2019,EAP-d3a871d4f09e,1.0,128,e001-terrain-v1,pass,positive_curated,8fb1a22d2b362175908914a104f85dc4a103a8bccba967cb7b0c3efeae6fd0a2,train,train
E001P-66b82f36c0f6,positive_bowl_barrow,E001G-bf62bdb21c16,,BNG_100KM_E5_N1,2018,EAP-d85b0f0821f9,1.0,128,e001-terrain-v1,pass,positive_curated,585ccb8402998694e7990d05d5e09a58a5dc3a332e94a2bc00570e3609595f35,final_test,train
E001P-66bc14093c0e,positive_bowl_barrow,E001G-074361565b6f,,BNG_100KM_E4_N4,2018,EAP-d85b0f0821f9,1.0,128,e001-terrain-v1,pass,positive_curated,8b6b338a1c0fa9caa8da641fb35c7ffd7ab5259b9321f93e6c80af5697368e0c,train,train
E001P-67eec1c6630f,positive_bowl_barrow,E001G-d7a55cb5863a,E001O-0134257b26f3,BNG_100KM_E2_N0,2020,EAP-c590a5cb0139,1.0,128,e001-terrain-v1,pass,positive_curated,1bdef370e544ca29c3d1578a352cc16e03ddc8bef287d118e00a4598086e893f,train,development
E001P-690b78984e71,positive_bowl_barrow,E001G-475edf6185eb,,BNG_100KM_E3_N2,2020,EAP-c590a5cb0139,1.0,128,e001-terrain-v1,pass,positive_curated,25b1fc149d7a70d0fe79461f52e414e611bb0acba5e1f8f98e3692605faa0c68,train,final_test
E001P-6b114d58a5e4,positive_bowl_barrow,E001G-d32e2a912d5b,,BNG_100KM_E4_N3,2022,EAP-a800a13742ee,1.0,128,e001-terrain-v1,pass,positive_curated,e60683d61ee41f819585ef69ddfaafd426b3918103696979d79e7028b338e51e,train,train
E001P-6dddae8dd8be,positive_bowl_barrow,E001G-d480a4f5d11c,,BNG_100KM_E5_N1,2019,EAP-d3a871d4f09e,1.0,128,e001-terrain-v1,pass,positive_curated,0e71e89967f524abcb82ca0d3c507b6357743180e88846a33091c3913b78e1c3,final_test,train
E001P-6e6dc6aeaba3,positive_bowl_barrow,E001G-888809cc4c35,,BNG_100KM_E4_N4,2018,EAP-d85b0f0821f9,1.0,128,e001-terrain-v1,pass,positive_curated,cc3fc1ba592cf5d863a0d19641454baed0cd269154daeb805a3b3c6783f183d2,train,train
E001P-6eeda8f0e090,positive_bowl_barrow,E001G-2dc1523477e4,,BNG_100KM_E2_N1,2021,EAP-71ad6a50942e,1.0,128,e001-terrain-v1,pass,positive_curated,ec2a7b52aed226205fd9cf0248ecf937347b9e7b80fe28bf5347e0886d28aa9a,train,train
E001P-6fa8fb71d2a7,positive_bowl_barrow,E001G-c7ee26eb172f,,BNG_100KM_E6_N2,2018,EAP-d85b0f0821f9,1.0,128,e001-terrain-v1,pass,positive_curated,e097d22f16b9c122930ec0217adeff0d3f674ead8f53679d2adca9d43f028dc9,train,train
E001P-705e35b18f9d,positive_bowl_barrow,E001G-0f19be53b917,,BNG_100KM_E5_N4,2020,EAP-c590a5cb0139,1.0,128,e001-terrain-v1,pass,positive_curated,a05f3557cea99dcab447e107fcbbe5a35da4fa3c0a23f789ae8c25ca4523a542,train,final_test
E001P-71180cf95f17,positive_bowl_barrow,E001G-e74f3fdd8ab4,,BNG_100KM_E5_N4,2018,EAP-d85b0f0821f9,1.0,128,e001-terrain-v1,pass,positive_curated,cf3dd27e8196e573a55cc3c494d50920a1413f978c29ce439cb090ad8d6abc40,train,final_test
E001P-71b63fbfcc4e,positive_bowl_barrow,E001G-0943635d6886,,BNG_100KM_E5_N2,2018,EAP-d85b0f0821f9,1.0,128,e001-terrain-v1,pass,positive_curated,3e45df44dac1a3dfcc9abd3270bdca4941b0e5a6919558f42f5e4d389e51f22a,train,train
E001P-71eede38f6be,positive_bowl_barrow,E001G-ad025c78ec67,,BNG_100KM_E4_N0,2021,EAP-71ad6a50942e,1.0,128,e001-terrain-v1,pass,positive_curated,650ddba6e27c2276644c9862296f7b019190b558e47c83cc4a77d57fd4f3c524,train,train
E001P-750b1717762c,positive_bowl_barrow,E001G-b956741c2c7c,,BNG_100KM_E5_N1,2019,EAP-d3a871d4f09e,1.0,128,e001-terrain-v1,pass,positive_curated,cc8d637e8a979d86b7bc8dbab925c6de6af6621061252ed6568d340ca358a5b9,train,train
E001P-76344d8fd08b,positive_bowl_barrow,E001G-61d3494a300b,,BNG_100KM_E1_N0,2019,EAP-d3a871d4f09e,1.0,128,e001-terrain-v1,pass,positive_curated,90240a67c90906929d272b4789ddd786b882dcbbe7aadfebd1af369162c39853,train,train
E001P-76ee91b25c33,positive_bowl_barrow,E001G-9b3cef34d7aa,,BNG_100KM_E3_N1,2018,EAP-d85b0f0821f9,1.0,128,e001-terrain-v1,pass,positive_curated,5e24ea2e83eedda7b47f66189a6f33d4a52a552cd6c589d473e75b02225091c7,final_test,train
E001P-7789edb5f273,positive_bowl_barrow,E001G-76549943f699,,BNG_100KM_E4_N2,2021,EAP-71ad6a50942e,1.0,128,e001-terrain-v1,pass,positive_curated,e2c28600e2128504865ab3f7b1561a52ba38a79a29f9e1e1771b80f20de85137,train,train
E001P-79e1cf88f0b3,positive_bowl_barrow,E001G-dded0514002d,,BNG_100KM_E4_N2,2021,EAP-71ad6a50942e,1.0,128,e001-terrain-v1,pass,positive_curated,01c36e19c801d41d11a3cf07e5e54d6965436cd065b8e4b98d5c773fd48155c7,final_test,train
E001P-79f5b58f9891,positive_bowl_barrow,E001G-4d8bba6c4e53,,BNG_100KM_E2_N0,2018,EAP-d85b0f0821f9,1.0,128,e001-terrain-v1,pass,positive_curated,4e67f73608c3ca0c16bfd103d9c6f35fa0ad7beff5a2d55805c8d5dbe7d0658d,train,development
E001P-7ce83bb20494,positive_bowl_barrow,E001G-3f50f12858da,,BNG_100KM_E5_N2,2019,EAP-d3a871d4f09e,1.0,128,e001-terrain-v1,pass,positive_curated,325378edd6a5bc83c56149e781b8c7c8528cf9d939259d6467bffe148cbaf557,train,train
E001P-7e28c3e6ee6c,positive_bowl_barrow,E001G-cd9ebfbda39d,,BNG_100KM_E3_N2,2020,EAP-c590a5cb0139,1.0,128,e001-terrain-v1,pass,positive_curated,ca30a3808f82b34d86f826749553b79f4640bfffe872c0011ad21211b892562f,train,final_test
E001P-7ef626876471,positive_bowl_barrow,E001G-0bc5a9b120de,,BNG_100KM_E3_N0,2021,EAP-71ad6a50942e,1.0,128,e001-terrain-v1,pass,positive_curated,e8152ea50cf0acc5650e19503057db33c842057aece398af575b2b14b94f2db1,train,train
E001P-7f15cf198a5e,positive_bowl_barrow,E001G-555a75e589d9,,BNG_100KM_E3_N2,2020,EAP-c590a5cb0139,1.0,128,e001-terrain-v1,pass,positive_curated,e51c587ca2cafd4e1adf47b318cd0a37690ba12c2c34d651e84f252accfce3f4,train,final_test
E001P-7f1a2d3e35e8,positive_bowl_barrow,E001G-2dbe527dc052,,BNG_100KM_E6_N1,2018,EAP-d85b0f0821f9,1.0,128,e001-terrain-v1,pass,positive_curated,9bda239bc52193a7745975c810dd4341036434aa9f1d09a5d9407491aff74536,train,train
E001P-7fcb5e488cac,positive_bowl_barrow,E001G-14f24856dc6b,,BNG_100KM_E5_N3,2017,EAP-8e32eccbc87e,1.0,128,e001-terrain-v1,pass,positive_curated,b421e59c432521e70f8eb532873fac0b8572a96898e37ce7c42ee00de639229b,train,train
E001P-8078c8ff9e4d,positive_bowl_barrow,E001G-36d77e5e0a54,,BNG_100KM_E4_N3,2020,EAP-c590a5cb0139,1.0,128,e001-terrain-v1,pass,positive_curated,49b40e126064e0dbfff13a0724721166cb0d3cea24974a85beae4378f5ff65b2,final_test,train
E001P-8214b5bcd75b,positive_bowl_barrow,E001G-871066ca4df3,,BNG_100KM_E6_N1,2018,EAP-d85b0f0821f9,1.0,128,e001-terrain-v1,pass,positive_curated,feb851a1f1474e0d3df4a6a2964bb7443ba28328f22bd15b4d823a94b8b523f0,train,train
E001P-8321ac95cb70,positive_bowl_barrow,E001G-537394d87b42,,BNG_100KM_E3_N2,2019,EAP-d3a871d4f09e,1.0,128,e001-terrain-v1,pass,positive_curated,35f171c8ace09c801bbb00065f094f815408d4a6d2e6f597c65e0d09df385133,train,final_test
E001P-83bdeb53a64c,positive_bowl_barrow,E001G-db68efa25410,,BNG_100KM_E3_N2,2020,EAP-c590a5cb0139,1.0,128,e001-terrain-v1,pass,positive_curated,62fe3c468db109fc17e2eecff6637998dcd0d6af2e7a0b4b35efc976f922abf1,final_test,final_test
E001P-8505ee9811d7,positive_bowl_barrow,E001G-b6f3c9ee7d3d,,BNG_100KM_E4_N0,2018,EAP-d85b0f0821f9,1.0,128,e001-terrain-v1,pass,positive_curated,87bf9a63a077850f3f7c48a75593614afcfbc1deb95496afc51fc03f97e7f986,train,train
E001P-85c921cf5c14,positive_bowl_barrow,E001G-96ff4136a9fc,,BNG_100KM_E4_N3,2022,EAP-a800a13742ee,1.0,128,e001-terrain-v1,pass,positive_curated,48f030cec900c6307bbf2b9f0e59ecacf7ed9b1859307240b2f9e1967579f869,train,train
E001P-86397d907061,positive_bowl_barrow,E001G-3b5574bb54a6,,BNG_100KM_E4_N4,2018,EAP-d85b0f0821f9,1.0,128,e001-terrain-v1,pass,positive_curated,f6990696d8cadf768fcc5376bfbcb789608f7bfd19594438b80a7fa74f03f13b,train,train
E001P-8914a8fae3e9,positive_bowl_barrow,E001G-748e92ae4832,,BNG_100KM_E5_N1,2021,EAP-71ad6a50942e,1.0,128,e001-terrain-v1,pass,positive_curated,03f663990544d7c6ba8e9fa601488e3532e1185d79e108a9cb0c0a155b98e9f6,train,train
E001P-89e1106f0180,positive_bowl_barrow,E001G-e35d2bbfeebd,,BNG_100KM_E5_N3,2018,EAP-d85b0f0821f9,1.0,128,e001-terrain-v1,pass,positive_curated,71455e0a46c6ad0c2cd483294b9a5e0ca6fa6b34e4481ce714f3512df56f3741,train,train
E001P-8a576a7aa52a,positive_bowl_barrow,E001G-691a42c4dc75,,BNG_100KM_E6_N2,2018,EAP-d85b0f0821f9,1.0,128,e001-terrain-v1,pass,positive_curated,f029aa42d6393e1954b051d29588df77e06f7b7541ac24d876cda678bd349b27,train,train
E001P-8a5f8eee2627,positive_bowl_barrow,E001G-d26c18c2941a,,BNG_100KM_E2_N1,2021,EAP-71ad6a50942e,1.0,128,e001-terrain-v1,pass,positive_curated,d638df038ba99a2374045c373f58d470d577c8de482b3458cfe4b9a5b0429f61,train,train
E001P-8a6edde9f5f0,positive_bowl_barrow,E001G-c104168fe310,,BNG_100KM_E5_N3,2019,EAP-d3a871d4f09e,1.0,128,e001-terrain-v1,pass,positive_curated,4d9af36055ca4029b6f07b1b057c377097ea0f1fac6a609b06d3fb2c85b52aaa,train,train
E001P-8bbe430082f9,positive_bowl_barrow,E001G-554bacfd5fca,,BNG_100KM_E4_N0,2018,EAP-d85b0f0821f9,1.0,128,e001-terrain-v1,pass,positive_curated,27642d4a8f0b8d98b45019c2148f4d3fd0e6978030517f495577dfa3afa0c1e3,train,train
E001P-8ea850b4b7ec,positive_bowl_barrow,E001G-0d9c30643a48,,BNG_100KM_E3_N2,2019,EAP-d3a871d4f09e,1.0,128,e001-terrain-v1,pass,positive_curated,29a2aea5f92dce2f189dd3d681238e65f80bcc24b3788960b945a454aa05b893,train,final_test
E001P-905ff0dc5816,positive_bowl_barrow,E001G-2d3337574242,,BNG_100KM_E4_N3,2020,EAP-c590a5cb0139,1.0,128,e001-terrain-v1,pass,positive_curated,af337d57768113afb1501f11ed90780d2a119f7fcce8aa80ee64c039058df06d,train,train
E001P-90b88f74492d,positive_bowl_barrow,E001G-e313ba56d366,,BNG_100KM_E4_N2,2020,EAP-c590a5cb0139,1.0,128,e001-terrain-v1,pass,positive_curated,1edf4bf8ac730e8f31d37aa2f6574888f49d910b760aff4c3e385f850a6eb567,train,train
E001P-92143d5878a3,positive_bowl_barrow,E001G-2215e5402313,,BNG_100KM_E4_N2,2020,EAP-c590a5cb0139,1.0,128,e001-terrain-v1,pass,positive_curated,db51ce1022774cd8d22ac98d41f1cfba02f7980c9e00467d8c0e0ba3b34a7878,train,train
E001P-92891941774d,positive_bowl_barrow,E001G-e03c8085ea89,,BNG_100KM_E4_N4,2018,EAP-d85b0f0821f9,1.0,128,e001-terrain-v1,pass,positive_curated,bd7cb185c1a55b654f9f3eace718def4922257059c32d62788329f7f177ff768,development,train
E001P-9373abefa18c,positive_bowl_barrow,E001G-42111c3d3f24,,BNG_100KM_E2_N0,2021,EAP-71ad6a50942e,1.0,128,e001-terrain-v1,pass,positive_curated,83d1416eef31d526641632a5b591a223a4ec0932ce999c010321ad4a0cfb895b,train,development
E001P-93c43fb91947,positive_bowl_barrow,E001G-c75ba2b6eb4b,,BNG_100KM_E4_N4,2018,EAP-d85b0f0821f9,1.0,128,e001-terrain-v1,pass,positive_curated,0126ac7b572a612805e175afcec7fc517bdfa50721f0ea9fe9e00d774da8c7d3,train,train
E001P-93f400cba9e9,positive_bowl_barrow,E001G-490e2800352b,,BNG_100KM_E5_N4,2020,EAP-c590a5cb0139,1.0,128,e001-terrain-v1,pass,positive_curated,751c52b5e8ede3a8a09b2fcf9d0dfbc7ecb745e4d44bb25152c745c79cda369c,train,final_test
E001P-944e996f6a0f,positive_bowl_barrow,E001G-9fec69fb9af6,,BNG_100KM_E3_N4,2021,EAP-71ad6a50942e,1.0,128,e001-terrain-v1,pass,positive_curated,1eee8f60a1bd9b070fd60070208e2254d7fd972d1b3ef710ca44dd147b009e7f,train,train
E001P-948e527497d6,positive_bowl_barrow,E001G-a094439c6daa,,BNG_100KM_E5_N4,2018,EAP-d85b0f0821f9,1.0,128,e001-terrain-v1,pass,positive_curated,c1a339dcdf13c800bc96a6974d9b38cec82bdb2f1a80d0911351f73b9682d132,final_test,final_test
E001P-95961326d9fb,positive_bowl_barrow,E001G-ffe2a77b5e13,,BNG_100KM_E6_N2,2018,EAP-d85b0f0821f9,1.0,128,e001-terrain-v1,pass,positive_curated,db36a9746df67d0d44a95d69458c21b0b339c1519eb649c05eb4dd0ad4ec3da7,final_test,train
E001P-96316406051d,positive_bowl_barrow,E001G-25f277fc668f,,BNG_100KM_E3_N0,2021,EAP-71ad6a50942e,1.0,128,e001-terrain-v1,pass,positive_curated,e735b2e2d9effa391b178c8f524b41ac986fa9051584ff154370380716f33005,train,train
E001P-96c4037242f3,positive_bowl_barrow,E001G-1b0e46349426,,BNG_100KM_E3_N5,2021,EAP-71ad6a50942e,1.0,128,e001-terrain-v1,pass,positive_curated,ff7b7d6322e7d328a9e6b6617fcb68f7146ffc4a9f28c12111975ae5c97bfe26,final_test,train
E001P-99d3e2abc9cd,positive_bowl_barrow,E001G-2d6b26834938,,BNG_100KM_E2_N0,2018,EAP-d85b0f0821f9,1.0,128,e001-terrain-v1,pass,positive_curated,4c001c60e2b744261feb6cdb2f3a440b5d7a954a70eebc16fe1490d290db9c48,final_test,development
E001P-9aa4160449d5,positive_bowl_barrow,E001G-6b2333aef0c1,,BNG_100KM_E4_N1,2017,EAP-8e32eccbc87e,1.0,128,e001-terrain-v1,pass,positive_curated,b13d32280bd94be59f9284757af530e6a1b994473dd1993532eb46d521c70f9c,train,train
E001P-9cfe5cb179a7,positive_bowl_barrow,E001G-0002da38060a,,BNG_100KM_E3_N1,2018,EAP-d85b0f0821f9,1.0,128,e001-terrain-v1,pass,positive_curated,84adf646fc6c984c30c94876e2d106d5fad75a8d544f6978ad03d8a8b1ac67cf,train,train
E001P-9edb40de9bb1,positive_bowl_barrow,E001G-d7a55cb5863a,E001O-0134257b26f3,BNG_100KM_E2_N0,2020,EAP-c590a5cb0139,1.0,128,e001-terrain-v1,pass,positive_curated,3f761718b9776577a38db2985741bc81caa6a966f804dafd462c2f4fb61dab96,train,development
E001P-a01e74e62a62,positive_bowl_barrow,E001G-44e8866b1e5a,,BNG_100KM_E5_N3,2018,EAP-d85b0f0821f9,1.0,128,e001-terrain-v1,pass,positive_curated,4a803c93387c9e865041224eed76d666b2e0dd8e43e8906e22fb1d317a354838,train,train
E001P-a0444b9b08e1,positive_bowl_barrow,E001G-2e0705271843,,BNG_100KM_E5_N3,2020,EAP-c590a5cb0139,1.0,128,e001-terrain-v1,pass,positive_curated,580591d62c5d8d71a3bd0ed83384b7c21a170838d2a1a4ad572c7363febffce2,train,train
E001P-a0a61ea84389,positive_bowl_barrow,E001G-00a696f67c98,,BNG_100KM_E3_N5,2021,EAP-71ad6a50942e,1.0,128,e001-terrain-v1,pass,positive_curated,b586cb7f87ac40356bb4a36a898b53717d3c5ecc96d47a0e8bcbdf6e8e0efaf7,final_test,train
E001P-a1c48e4372af,positive_bowl_barrow,E001G-644221ce9739,,BNG_100KM_E3_N5,2019,EAP-d3a871d4f09e,1.0,128,e001-terrain-v1,pass,positive_curated,3fdc0c07af219724ece644e7bfebdc2cb490c80fc3c9894ad870db444257c7bd,final_test,train
E001P-a3a09d764ae7,positive_bowl_barrow,E001G-a39ea43c2679,,BNG_100KM_E3_N3,2020,EAP-c590a5cb0139,1.0,128,e001-terrain-v1,pass,positive_curated,ff3e47981585c6a92f9eb485a6ba282a070010a032aa09c8fccac28344e0986b,train,train
E001P-a44ea7c11940,positive_bowl_barrow,E001G-07aca52a4f92,,BNG_100KM_E4_N0,2021,EAP-71ad6a50942e,1.0,128,e001-terrain-v1,pass,positive_curated,b4d3a6d7b44910eb5e7360028f90831d4c4c1243515b9d5d270d2ff246169efb,train,train
E001P-a6482e55b7ac,positive_bowl_barrow,E001G-9c4791bd994f,,BNG_100KM_E4_N1,2019,EAP-d3a871d4f09e,1.0,128,e001-terrain-v1,pass,positive_curated,57b3b0594ae243ebbac702472c013cd6d5287ebf6a0d1e731f4062cb2509c810,train,train
E001P-a686988f538b,positive_bowl_barrow,E001G-b4c6550acd98,,BNG_100KM_E3_N1,2019,EAP-d3a871d4f09e,1.0,128,e001-terrain-v1,pass,positive_curated,e41b59f6188590620839e39821d6b9f2b7ddec69b41fd8836e2478de08cae597,train,train
E001P-a6b7209b6679,positive_bowl_barrow,E001G-d5e7899e5e40,,BNG_100KM_E2_N1,2021,EAP-71ad6a50942e,1.0,128,e001-terrain-v1,pass,positive_curated,d4f5a41f3a8ed095bbb70adfc3088a7f234f0ad68eae88974538f43eb6121cfe,train,train
E001P-a93713ddc738,positive_bowl_barrow,E001G-fd7fe9b48888,,BNG_100KM_E5_N4,2018,EAP-d85b0f0821f9,1.0,128,e001-terrain-v1,pass,positive_curated,a2538a4d6876844817d01f43b6eed20d21ed22e6f0daf0ae98660ff7e3faa736,train,final_test
E001P-aa1f045560d2,positive_bowl_barrow,E001G-06140dd5ee46,,BNG_100KM_E4_N4,2021,EAP-71ad6a50942e,1.0,128,e001-terrain-v1,pass,positive_curated,91c20ae1ff2e3e887f1fa1108b7b68ec72bc047fa3950a955b578459e03ef680,train,train
E001P-ab4b8a5c2e43,positive_bowl_barrow,E001G-e6e1787c57c8,,BNG_100KM_E3_N3,2020,EAP-c590a5cb0139,1.0,128,e001-terrain-v1,pass,positive_curated,777e6d3fde588cca028c917b6c46bcb4dec2b6db140cf10dc5205b4ed11ea2f3,train,train
E001P-ab89695df8a1,positive_bowl_barrow,E001G-083011c5011c,,BNG_100KM_E4_N2,2020,EAP-c590a5cb0139,1.0,128,e001-terrain-v1,pass,positive_curated,bcdc389c08b69403f94942bb5c792df920dfef5fa2068c2b9f8455a862c0f19c,train,train
E001P-ac6f8251f22c,positive_bowl_barrow,E001G-357de4df2730,,BNG_100KM_E6_N3,2017,EAP-8e32eccbc87e,1.0,128,e001-terrain-v1,pass,positive_curated,1d96e1114517fc5036b0f9315fa1e6f0c855e539fda4b18e02b3a3c5b06d8006,train,train
E001P-acdd418210f8,positive_bowl_barrow,E001G-1de551a9ecad,,BNG_100KM_E4_N0,2021,EAP-71ad6a50942e,1.0,128,e001-terrain-v1,pass,positive_curated,f8ad8d22145e63cdd7980523b4ca61227c93e680b02df317d3fd9d721d9103bb,train,train
E001P-ad8f6b645dad,positive_bowl_barrow,E001G-9ef1fa7e63a2,,BNG_100KM_E4_N3,2020,EAP-c590a5cb0139,1.0,128,e001-terrain-v1,pass,positive_curated,3922a976cb0049d7bc4c93181403e13fa9501b004227abd5b64a102ac354fda5,train,train
E001P-adbfcccc3eaa,positive_bowl_barrow,E001G-7625697c85c0,,BNG_100KM_E6_N2,2018,EAP-d85b0f0821f9,1.0,128,e001-terrain-v1,pass,positive_curated,1e8343dc85f217d9f141e39bc94f4735cf77951efdeb9b01a873b64200511ae5,train,train
E001P-ae308d084fdf,positive_bowl_barrow,E001G-811748c43f63,E001O-bfb367ad9636,BNG_100KM_E5_N0,2019,EAP-d3a871d4f09e,1.0,128,e001-terrain-v1,pass,positive_curated,30579f943fd69b5955771aa819d07e00e2745650dcf6857bc7d83b01a3233f39,train,train
E001P-af9277ffa00d,positive_bowl_barrow,E001G-b51e4e22fade,,BNG_100KM_E2_N1,2022,EAP-a800a13742ee,1.0,128,e001-terrain-v1,pass,positive_curated,ad13c7c4b9999f827a06a50c7061511ca923284e438d89ceb853a5306194a17f,train,train
E001P-b048ffa78ee3,positive_bowl_barrow,E001G-87569b7da020,,BNG_100KM_E4_N3,2020,EAP-c590a5cb0139,1.0,128,e001-terrain-v1,pass,positive_curated,1c2fb8ffe3d698ef6e3c6c1e61f3c19c36da24e66ad409f1986681a277ca6427,train,train
E001P-b04ba3a7567e,positive_bowl_barrow,E001G-313630f1a471,,BNG_100KM_E1_N0,2019,EAP-d3a871d4f09e,1.0,128,e001-terrain-v1,pass,positive_curated,5053746a3312bb43a3b693b0a359e2bf3a9a3880efcb92ecd5f7734777d9b472,final_test,train
E001P-b1d5a1bbf5c6,positive_bowl_barrow,E001G-c0ce8bcbefeb,,BNG_100KM_E3_N1,2020,EAP-c590a5cb0139,1.0,128,e001-terrain-v1,pass,positive_curated,5f978a76e6dc5c65e45f9bb81065f8ef576cc78416edec5ad9c40447984f1303,train,train
E001P-b2e972d73ca7,positive_bowl_barrow,E001G-b45c6c609f64,,BNG_100KM_E3_N5,2021,EAP-71ad6a50942e,1.0,128,e001-terrain-v1,pass,positive_curated,84b680cf53b8e4e9df14b38c2c1c0ea17312008309337bd0d2a9da70fa81c3a3,train,train
E001P-b446bc58ac34,positive_bowl_barrow,E001G-78578e404c1c,,BNG_100KM_E4_N1,2020,EAP-c590a5cb0139,1.0,128,e001-terrain-v1,pass,positive_curated,f35b6f5cfa368be3459fc7b8f75e006384868bbcf713d1d694abd7c7314ffa39,train,train
E001P-b497d571efb3,positive_bowl_barrow,E001G-f40af4840c91,,BNG_100KM_E2_N1,2020,EAP-c590a5cb0139,1.0,128,e001-terrain-v1,pass,positive_curated,1b179e24c566f08f8b0ec1089429fb358a44e9b69c7fff08db091a6b97838b87,final_test,train
E001P-b6647b399da4,positive_bowl_barrow,E001G-c18c8f622e11,,BNG_100KM_E5_N3,2019,EAP-d3a871d4f09e,1.0,128,e001-terrain-v1,pass,positive_curated,f389fadc9bbb077ff656f8f6c3a5be53bc5e61e8019c137b1ec39ba7ca9f7fa0,train,train
E001P-b6a48db17569,positive_bowl_barrow,E001G-0378ebe272cb,,BNG_100KM_E3_N5,2021,EAP-71ad6a50942e,1.0,128,e001-terrain-v1,pass,positive_curated,19bbb1e21243fc2383ed3f41fc667790ccf37be855b794652b0793d4e7093995,final_test,train
E001P-b82277f95fd9,positive_bowl_barrow,E001G-24f902a1ea4e,,BNG_100KM_E2_N1,2022,EAP-a800a13742ee,1.0,128,e001-terrain-v1,pass,positive_curated,6ada839efcc15cdae25ad913024eed90f01ece65e1cd6766a72fd84298aea927,train,train
E001P-b9597d67e19a,positive_bowl_barrow,E001G-68e739755fe2,,BNG_100KM_E4_N0,2021,EAP-71ad6a50942e,1.0,128,e001-terrain-v1,pass,positive_curated,6c0bd7eda3729a4bd06d8d556d8f3d2b13118dbf49cd8d7fb071135a979fc4ab,train,train
E001P-ba15773afd1f,positive_bowl_barrow,E001G-3124468f390c,,BNG_100KM_E4_N2,2020,EAP-c590a5cb0139,1.0,128,e001-terrain-v1,pass,positive_curated,5cbade9099dd60847db596dec2458bdd7c817a7e70dcad0add2b98d26f1b82b4,train,train
E001P-bb42152a436b,positive_bowl_barrow,E001G-42dd34d29069,,BNG_100KM_E3_N1,2019,EAP-d3a871d4f09e,1.0,128,e001-terrain-v1,pass,positive_curated,a288a4f68bd1136f76884a4749374022200cc7a1bd82271bd6f034ae0e0dc142,train,train
E001P-bc8bda069ff9,positive_bowl_barrow,E001G-0ebccb2504e4,,BNG_100KM_E4_N2,2020,EAP-c590a5cb0139,1.0,128,e001-terrain-v1,pass,positive_curated,3d7ff9b38211fb19728760764de90ea89c572aab886752e908119646d697396e,train,train
E001P-bd24a8dc2724,positive_bowl_barrow,E001G-b3c9aa1d1999,,BNG_100KM_E3_N3,2020,EAP-c590a5cb0139,1.0,128,e001-terrain-v1,pass,positive_curated,42e196bf2ad107da9f649dce6380dfddbfdb6b2492348606b930afe16d331edd,train,train
E001P-be17ba6347d6,positive_bowl_barrow,E001G-920cb4a42206,,BNG_100KM_E5_N0,2019,EAP-d3a871d4f09e,1.0,128,e001-terrain-v1,pass,positive_curated,444b7bc9d82c6c7773a9712e0c799437a714a55505949d93e85d3bca21317016,train,train
E001P-be692e22a0c8,positive_bowl_barrow,E001G-da538fa03a22,,BNG_100KM_E3_N2,2020,EAP-c590a5cb0139,1.0,128,e001-terrain-v1,pass,positive_curated,7bd4bdc6c5dccd39c9840d9149eb6fc37fc905ed5bd02187b0a2fee92280de80,train,final_test
E001P-beb6ae3e2113,positive_bowl_barrow,E001G-ac3baa62d537,,BNG_100KM_E4_N1,2021,EAP-71ad6a50942e,1.0,128,e001-terrain-v1,pass,positive_curated,bcc22019ebea0f093d8bdbab94bb19dbe5105f2f960093673d3d2650f0bc3d44,train,train
E001P-bed970cad661,positive_bowl_barrow,E001G-6c3ba3545a5b,,BNG_100KM_E3_N0,2021,EAP-71ad6a50942e,1.0,128,e001-terrain-v1,pass,positive_curated,075052ea1cc4fc972a93e12a6552d6b1dd353de2623af415e516fb974158e971,train,train
E001P-bf91fc4d53ef,positive_bowl_barrow,E001G-68aad6314a82,,BNG_100KM_E6_N3,2017,EAP-8e32eccbc87e,1.0,128,e001-terrain-v1,pass,positive_curated,10b1c26fe46fd674cb23ee3d4cfc21016ccfc5860727abe8f4998377e242fd8d,train,train
E001P-c00465ce46b8,positive_bowl_barrow,E001G-b3a730261346,,BNG_100KM_E5_N2,2019,EAP-d3a871d4f09e,1.0,128,e001-terrain-v1,pass,positive_curated,d3af3d9b67a20501dcac1b4224f117a183a301fe858ae32ea545bfc8cc9d79a3,train,train
E001P-c13d981438dd,positive_bowl_barrow,E001G-e930aaa16f2e,E001O-9a72378c429b,BNG_100KM_E3_N4,2020,EAP-c590a5cb0139,1.0,128,e001-terrain-v1,pass,positive_curated,a4e15dbe45eef83a5b682adc2f8a92c5c6daaf707ca1d422244cd898e0dbc2b8,final_test,train
E001P-c3ce192ac386,positive_bowl_barrow,E001G-78fa92c398e5,,BNG_100KM_E4_N1,2019,EAP-d3a871d4f09e,1.0,128,e001-terrain-v1,pass,positive_curated,7e1b8cc67108607e11fa9cbd883ae8d933cec8df9fddc41e94c30de5a7c752d0,train,train
E001P-c68349bccdb7,positive_bowl_barrow,E001G-b4b90fa10db2,,BNG_100KM_E4_N4,2018,EAP-d85b0f0821f9,1.0,128,e001-terrain-v1,pass,positive_curated,cb82ca51eac3e6d0af121511ae7a1553fe4d0cccd0667867064d8d79d7e164f3,train,train
E001P-c810ebd592ef,positive_bowl_barrow,E001G-8a234eed9130,,BNG_100KM_E4_N2,2020,EAP-c590a5cb0139,1.0,128,e001-terrain-v1,pass,positive_curated,900781f2182b7571375d2f968107ed20307483a289abcc1f572277b5bdcf8e87,train,train
E001P-c94f4fa8672a,positive_bowl_barrow,E001G-1a74c1cbfd27,,BNG_100KM_E3_N3,2021,EAP-71ad6a50942e,1.0,128,e001-terrain-v1,pass,positive_curated,97d75ee129674952ecdd2227c3a9524ba7f13196b63e4df44e1026d23f11b669,train,train
E001P-c958c3e1456d,positive_bowl_barrow,E001G-21152936ff9f,,BNG_100KM_E3_N3,2021,EAP-71ad6a50942e,1.0,128,e001-terrain-v1,pass,positive_curated,baadd6736946f36395605deb1e6f6ed3219b3479c11118e1a8cfdb9df906bc3b,train,train
E001P-c9eb2082a2a7,positive_bowl_barrow,E001G-93548ad431cd,,BNG_100KM_E4_N5,2016,EAP-4f02812edece,1.0,128,e001-terrain-v1,pass,positive_curated,2864e538d169bc1d1c5269ca8444bb24bde3033cbca1e04b40c9b9d3c1c93752,train,train
E001P-ca71b78f5db2,positive_bowl_barrow,E001G-e032d6987172,,BNG_100KM_E5_N4,2020,EAP-c590a5cb0139,1.0,128,e001-terrain-v1,pass,positive_curated,a667b83d3b47b61a7179ebea642459a745499feaf8742bcdb98815681ba0972e,train,final_test
E001P-cb0eaab1509f,positive_bowl_barrow,E001G-7a3a953f8a46,,BNG_100KM_E6_N2,2019,EAP-d3a871d4f09e,1.0,128,e001-terrain-v1,pass,positive_curated,8f1033bd1d94a7a9f544592ca8cc9d4b69b427f284dba70c3ba3ed133a74a7e4,train,train
E001P-cc79e09b0c3c,positive_bowl_barrow,E001G-8d9b7807ff6b,,BNG_100KM_E2_N1,2021,EAP-71ad6a50942e,1.0,128,e001-terrain-v1,pass,positive_curated,fec61a62088f87aeef76a03dd3e3dccd5fd6f37b3fc38b09f2d00bdd0e3ca28f,train,train
E001P-d01f65e0ca55,positive_bowl_barrow,E001G-56cfdf00c536,,BNG_100KM_E3_N1,2018,EAP-d85b0f0821f9,1.0,128,e001-terrain-v1,pass,positive_curated,1089e63e3a3acb0bec8a821a72055625e6e0237d47ca2bb6148825f223732203,train,train
E001P-d05ba46eba87,positive_bowl_barrow,E001G-ac426b6b404d,,BNG_100KM_E5_N2,2018,EAP-d85b0f0821f9,1.0,128,e001-terrain-v1,pass,positive_curated,fff239cc25cee62edebc4e18f0c5d30e7dc1f1a19dda63d82b113166d14734f5,train,train
E001P-d2be901f48be,positive_bowl_barrow,E001G-f4e52a5d1046,,BNG_100KM_E4_N2,2020,EAP-c590a5cb0139,1.0,128,e001-terrain-v1,pass,positive_curated,38352908c27b36d29649c7dac6bb999903343e638dc3cfd6a5ddae32db30c888,train,train
E001P-d35e992305f2,positive_bowl_barrow,E001G-203c6b6f34b7,,BNG_100KM_E3_N3,2021,EAP-71ad6a50942e,1.0,128,e001-terrain-v1,pass,positive_curated,29a425c3ea0e64f95eb3fd5211e27231c9c5ddd787f8483323e8c6b5f3ab3bbe,final_test,train
E001P-d37b1dbeb789,positive_bowl_barrow,E001G-08bf9f6fbbe8,,BNG_100KM_E2_N0,2021,EAP-71ad6a50942e,1.0,128,e001-terrain-v1,pass,positive_curated,aa7bb6f7f44a1325f67dc0b7a476fdefbf90d21153205cfdd00d302f8b894bbc,train,development
E001P-d415159e0d4b,positive_bowl_barrow,E001G-f710e5fe5483,,BNG_100KM_E5_N1,2019,EAP-d3a871d4f09e,1.0,128,e001-terrain-v1,pass,positive_curated,4e02a6ce883622c42ae3fc76bb769fcb790ea13c2629bbd0b6d5fe5d40dc5d3a,train,train
E001P-d4cac74e4d94,positive_bowl_barrow,E001G-3487254c3497,,BNG_100KM_E3_N3,2020,EAP-c590a5cb0139,1.0,128,e001-terrain-v1,pass,positive_curated,f60b516e06032e1b528bfa6f0a0e1ac04bd57ff577d23613b48feb9adb4048ae,train,train
E001P-d535994ea44d,positive_bowl_barrow,E001G-284e54243a88,,BNG_100KM_E4_N4,2018,EAP-d85b0f0821f9,1.0,128,e001-terrain-v1,pass,positive_curated,bfc944906e1c3253a49622eaa4258b478eee0b696c813268d022b8125d730290,development,train
E001P-d5b27f85a53f,positive_bowl_barrow,E001G-fa86b5076070,,BNG_100KM_E3_N4,2018,EAP-d85b0f0821f9,1.0,128,e001-terrain-v1,pass,positive_curated,fe7afcb876aeea979b9834bcc47dee19fc7b432b69da33bc29cba3a3bd14ded2,development,train
E001P-d5f2f58d2c99,positive_bowl_barrow,E001G-1af9d00e81ff,,BNG_100KM_E6_N1,2018,EAP-d85b0f0821f9,1.0,128,e001-terrain-v1,pass,positive_curated,6a93cd9947d88317bb2fbc1f7fdeb6c65a9daf70c2faed68429e1172d37f9325,train,train
E001P-d68c620e09d5,positive_bowl_barrow,E001G-a2f1f531a247,E001O-45e9ba342c62,BNG_100KM_E6_N2,2018,EAP-d85b0f0821f9,1.0,128,e001-terrain-v1,pass,positive_curated,63efff870b93381504a903c7bf1a68a0cc9933528b05f1fe7d0635819e510b1e,train,train
E001P-d6ca6a9acbbd,positive_bowl_barrow,E001G-2724198ef737,,BNG_100KM_E3_N3,2020,EAP-c590a5cb0139,1.0,128,e001-terrain-v1,pass,positive_curated,bb6f093454958367ff54c3442b687f25db148f999a80ae38685f22dcc4473cc4,train,train
E001P-d7a1503d81f6,positive_bowl_barrow,E001G-20fd2d86df68,,BNG_100KM_E5_N4,2018,EAP-d85b0f0821f9,1.0,128,e001-terrain-v1,pass,positive_curated,99fc0a9dc31563d404fa545dbaa2dea59d6f2a8c29528b9d84b2a9850967d25f,final_test,final_test
E001P-d826a3044e26,positive_bowl_barrow,E001G-67e160c39311,,BNG_100KM_E5_N4,2020,EAP-c590a5cb0139,1.0,128,e001-terrain-v1,pass,positive_curated,0bce02a4b05dd4d5de0e2e5a891bf18d8b90c145630920f70d8479383925fae5,train,final_test
E001P-d899cac3c4d4,positive_bowl_barrow,E001G-48cbf7fa0513,E001O-312cb30204a0,BNG_100KM_E4_N5,2018,EAP-d85b0f0821f9,1.0,128,e001-terrain-v1,pass,positive_curated,cba65a5d2e1fe469b2f5b069c83c5f7762be10eadd05b53e3dfbca85d0907155,development,train
E001P-d9201e89d8a7,positive_bowl_barrow,E001G-fee62827e310,,BNG_100KM_E3_N3,2021,EAP-71ad6a50942e,1.0,128,e001-terrain-v1,pass,positive_curated,6f23d994acc01d5a178d7921b5447562cdf7489599903b20434e9f914965e745,train,train
E001P-d9f95e05d5ee,positive_bowl_barrow,E001G-29705429c5f0,,BNG_100KM_E5_N4,2020,EAP-c590a5cb0139,1.0,128,e001-terrain-v1,pass,positive_curated,9b061be7d6b4567aa5a105f5dfbc4a5822f74af016605de6706b8be8ce5fc8ec,train,final_test
E001P-db184654c6a8,positive_bowl_barrow,E001G-929d50b8dd90,,BNG_100KM_E4_N4,2018,EAP-d85b0f0821f9,1.0,128,e001-terrain-v1,pass,positive_curated,a9f7c37a04f4cd77e9d596f1903ca9bbd74c9e8f4899ad4ab78e82c4249a37aa,train,train
E001P-dbe1e64705ea,positive_bowl_barrow,E001G-f309a71368ff,,BNG_100KM_E4_N4,2018,EAP-d85b0f0821f9,1.0,128,e001-terrain-v1,pass,positive_curated,09ffcd1359d37c79fe9d759e91ca9a437f093bafbce824e0fec3d4b3b49e9654,train,train
E001P-dbe87b4fb671,positive_bowl_barrow,E001G-bbc48e7beb07,,BNG_100KM_E3_N3,2020,EAP-c590a5cb0139,1.0,128,e001-terrain-v1,pass,positive_curated,4443ce4352d9848b75486702a62dbffd7ebb025bca7d865f7629461d3d327539,final_test,train
E001P-dea11a729f77,positive_bowl_barrow,E001G-67f6e7b7b527,,BNG_100KM_E3_N2,2019,EAP-d3a871d4f09e,1.0,128,e001-terrain-v1,pass,positive_curated,90ab4802477816440deb69334dd8fce52a4c69715e20d3dc4cf2a523e4549319,train,final_test
E001P-dec8a43c6ea2,positive_bowl_barrow,E001G-bd5f9358666a,,BNG_100KM_E5_N4,2020,EAP-c590a5cb0139,1.0,128,e001-terrain-v1,pass,positive_curated,fe248150c58b68d5e222cf16b0b1beabf7db5757ce812c41255350571fef3177,train,final_test
E001P-dee6461e295b,positive_bowl_barrow,E001G-8a4202538cad,,BNG_100KM_E4_N2,2019,EAP-d3a871d4f09e,1.0,128,e001-terrain-v1,pass,positive_curated,b1078645661f597011446ea73e7e7205ea4bdd54d63b325c50872704e37f2dd5,train,train
E001P-def71080bded,positive_bowl_barrow,E001G-5488436c03fc,,BNG_100KM_E3_N1,2019,EAP-d3a871d4f09e,1.0,128,e001-terrain-v1,pass,positive_curated,11b9fd290701640d9094ec781041f42c639faa29ee7a94169ebabedadf17c579,train,train
E001P-dffc51f4d16a,positive_bowl_barrow,E001G-53dd4d0c6144,,BNG_100KM_E4_N1,2021,EAP-71ad6a50942e,1.0,128,e001-terrain-v1,pass,positive_curated,acac90191c729894f9a3946bd6563ddf1e30166321d946151261ac9224d555cd,train,train
E001P-e44dbbee465b,positive_bowl_barrow,E001G-255c7bb74d69,,BNG_100KM_E6_N3,2017,EAP-8e32eccbc87e,1.0,128,e001-terrain-v1,pass,positive_curated,bc4f2c2424f29ae62e487367f368673487e17c926c19bb9800fe7ae59fc30fc7,train,train
E001P-e49100d76695,positive_bowl_barrow,E001G-5877f20c3fee,,BNG_100KM_E2_N1,2021,EAP-71ad6a50942e,1.0,128,e001-terrain-v1,pass,positive_curated,284a2088f5e20c5b75c9717a56f9765998a8d57fc277d386019f08b3e8ea6d2d,train,train
E001P-e7c07c599135,positive_bowl_barrow,E001G-d50ecea6f9b5,,BNG_100KM_E5_N2,2018,EAP-d85b0f0821f9,1.0,128,e001-terrain-v1,pass,positive_curated,5a026c0ef876840a7c8821c85a6f9d4d721d9e934f41d72eae8748aa1d4261d6,train,train
E001P-ea8876a5aedf,positive_bowl_barrow,E001G-b73a12e8ad71,,BNG_100KM_E4_N3,2020,EAP-c590a5cb0139,1.0,128,e001-terrain-v1,pass,positive_curated,796b1587ca8d27c2e9e5cf3081be7cbc70525a841dc4ccd6499c664bb2709436,train,train
E001P-ead28cd20edd,positive_bowl_barrow,E001G-80d1d5b228dc,,BNG_100KM_E3_N1,2020,EAP-c590a5cb0139,1.0,128,e001-terrain-v1,pass,positive_curated,835fa3c84dce61f3403a0a469b4c8953d27bfc3f780ea5c1517b8ed1e3cf196b,train,train
E001P-eb882117591f,positive_bowl_barrow,E001G-79b532f38536,,BNG_100KM_E3_N4,2018,EAP-d85b0f0821f9,1.0,128,e001-terrain-v1,pass,positive_curated,5ff21ca74a0f88c8c4c336dc6d780f00cd6e6f33e03ac3ab38487d371169ab64,train,train
E001P-ec0047b39f8f,positive_bowl_barrow,E001G-2abe3fef15d3,,BNG_100KM_E2_N0,2021,EAP-71ad6a50942e,1.0,128,e001-terrain-v1,pass,positive_curated,c0808ea9fecabec5f651029a106d1934dc16b58916003290685a14aacc575002,development,development
E001P-ec892081790d,positive_bowl_barrow,E001G-a5baf67dcfa4,,BNG_100KM_E3_N3,2020,EAP-c590a5cb0139,1.0,128,e001-terrain-v1,pass,positive_curated,38601491cb3dd41012036819cbb782f83db36204ea2447e8a8b637c756f0bf63,train,train
E001P-ecb6276921f3,positive_bowl_barrow,E001G-98fc7d187add,,BNG_100KM_E1_N0,2021,EAP-71ad6a50942e,1.0,128,e001-terrain-v1,pass,positive_curated,e1f67bf1c48b3b03cee364253848d43dc61171b03ee4cee0fa39d1eeaa9a1a97,development,train
E001P-ed16f86c905c,positive_bowl_barrow,E001G-6d88ee3bec85,,BNG_100KM_E3_N1,2020,EAP-c590a5cb0139,1.0,128,e001-terrain-v1,pass,positive_curated,86d8e46d6c9b1f1d5a92be1f07f5abbc27bc6f2c958b6f3c432738cda0eabcb1,train,train
E001P-ed49aa8e90b4,positive_bowl_barrow,E001G-1b99f60c8786,,BNG_100KM_E5_N1,2019,EAP-d3a871d4f09e,1.0,128,e001-terrain-v1,pass,positive_curated,eb89653e7dbd63185f172e0238788047e613e91e2e9910a392745cfda00aa791,train,train
E001P-ee3e69ef261b,positive_bowl_barrow,E001G-57692245e43e,,BNG_100KM_E5_N2,2018,EAP-d85b0f0821f9,1.0,128,e001-terrain-v1,pass,positive_curated,ec48806c338d84b65d33c479a61513f76d7bd970c396a9ba6cb8a6fb3dee523e,train,train
E001P-f0ae7e6ae501,positive_bowl_barrow,E001G-7a407b78d0b9,,BNG_100KM_E3_N0,2021,EAP-71ad6a50942e,1.0,128,e001-terrain-v1,pass,positive_curated,d90e12677c141ca337e1413b1fb7935ca70b64da7ed3ef9d907e701d65b08ada,train,train
E001P-f1be9660d910,positive_bowl_barrow,E001G-599665855e06,,BNG_100KM_E3_N5,2021,EAP-71ad6a50942e,1.0,128,e001-terrain-v1,pass,positive_curated,41d56ffaffd740dfffdd3d718da6bf0e4cf53100d8cfd082f48738ea405beb32,development,train
E001P-f416693c10e6,positive_bowl_barrow,E001G-a57304826f0f,,BNG_100KM_E6_N1,2017,EAP-8e32eccbc87e,1.0,128,e001-terrain-v1,pass,positive_curated,469c06d2532dd73af3edf5913a69d4f0803149d95672fd59f36fb3f73d3d033a,final_test,train
E001P-f5ffb5cb1dee,positive_bowl_barrow,E001G-e1d97d0e5b7e,,BNG_100KM_E4_N1,2021,EAP-71ad6a50942e,1.0,128,e001-terrain-v1,pass,positive_curated,9c7d25aecbeadda92589d9840c43c4788dd5d83fd1936c3c6219c886b1bc567a,train,train
E001P-f6add1114362,positive_bowl_barrow,E001G-14826fc2a1fe,,BNG_100KM_E3_N4,2020,EAP-c590a5cb0139,1.0,128,e001-terrain-v1,pass,positive_curated,a477055511f92d29f406687c2e4c70cba090b9c48b0bab8b769efa56ba0d00a0,train,train
E001P-f700a62fdf9f,positive_bowl_barrow,E001G-052952c6e41b,,BNG_100KM_E3_N3,2020,EAP-c590a5cb0139,1.0,128,e001-terrain-v1,pass,positive_curated,87f96cd6d3a80511322fcf2e9a5bd6a8992cd4dd97ef001f429b91700ac05877,train,train
E001P-f8c00621713c,positive_bowl_barrow,E001G-e289366d805b,,BNG_100KM_E3_N5,2020,EAP-c590a5cb0139,1.0,128,e001-terrain-v1,pass,positive_curated,f9cdf17cfa9612bcaf51cadfe4919e13370d0fe998b85c45c8c467a6404a9ed3,train,train
E001P-f961a41b2478,positive_bowl_barrow,E001G-ca426170ce42,,BNG_100KM_E4_N0,2018,EAP-d85b0f0821f9,1.0,128,e001-terrain-v1,pass,positive_curated,a76857819dacd702acb8e014fdd7a21de37a983fed1d9314b07f16a48def5ad4,train,train
E001P-f99b991c051b,positive_bowl_barrow,E001G-55628dcca714,,BNG_100KM_E1_N0,2020,EAP-c590a5cb0139,1.0,128,e001-terrain-v1,pass,positive_curated,4c32d5e5aa14fbcfad56349554b6b73585b2e1dc77d1bb93670351f28618c364,train,train
E001P-fb3a568b3188,positive_bowl_barrow,E001G-ce210b311f02,,BNG_100KM_E5_N2,2018,EAP-d85b0f0821f9,1.0,128,e001-terrain-v1,pass,positive_curated,312d10fb8777fbddf205ab6252beee2bc142200ae814a325ba9ee69c1f568d4c,train,train
E001P-fd832109e585,positive_bowl_barrow,E001G-cb1c4854b5e7,,BNG_100KM_E5_N1,2019,EAP-d3a871d4f09e,1.0,128,e001-terrain-v1,pass,positive_curated,f22d16242f148db41ce21d41d024aa42e774e6d9e83fb07bbadf7ec1019a1fb3,development,train
E001P-fe0696ef5e8b,positive_bowl_barrow,E001G-9eeade32815f,,BNG_100KM_E4_N2,2020,EAP-c590a5cb0139,1.0,128,e001-terrain-v1,pass,positive_curated,e67ab379844e2ca7cf981b2c70e13ca5de9a7c64561e9c60370781b27e10a0a1,train,train
E001P-fe71885ad3de,positive_bowl_barrow,E001G-3626e1390e7f,,BNG_100KM_E3_N3,2020,EAP-c590a5cb0139,1.0,128,e001-terrain-v1,pass,positive_curated,4ab21da262a9913aae4eb7f3f4d1102fbe3f6a13ebc555b64f55d63847cfd9d5,train,train
E001B-cb9ddeb225ef,unlabelled_background,E001G-0e15e84eb57d,,BNG_100KM_E3_N3,2020,EAP-c590a5cb0139,1.0,128,e001-terrain-v1,pass,E001S-be0176d00600,8974fd322e12c25e508d7561b3a4644ae587874c82fca2aa0fe54dc14f13d855,train,train
E001B-32a9c508229e,unlabelled_background,E001G-be1faeebeb38,,BNG_100KM_E4_N1,2021,EAP-71ad6a50942e,1.0,128,e001-terrain-v1,pass,E001S-1b299ac6f646,d623bbfd14cad194f5444ba5f9641004991a76d916b355130a0c7438c26da64e,train,train
E001B-96e96c5bf9a5,unlabelled_background,E001G-7a3a953f8a46,,BNG_100KM_E6_N2,2019,EAP-d3a871d4f09e,1.0,128,e001-terrain-v1,pass,E001S-3c55629c9695,44b1ead27cb58f3129db6a391280da54070fb1006c31221ced5151be41ca867e,train,train
E001B-de21605df26d,unlabelled_background,E001G-d5b1d653aa5f,,BNG_100KM_E5_N2,2018,EAP-d85b0f0821f9,1.0,128,e001-terrain-v1,pass,E001S-666ee1c1772f,a614fcd36ba1cb146840d8bed743b81285358be3e6250fdf4920de0f4a639d47,train,train
E001B-ea8dfdb35f73,unlabelled_background,E001G-274fb4c67521,,BNG_100KM_E4_N5,2016,EAP-4f02812edece,1.0,128,e001-terrain-v1,pass,E001S-e279d1be0f79,b2121bf56e4c018bb948c3ae76de4639dd793093050bf2411c1fd4a488624e9b,train,train
E001B-838fa9cde7be,unlabelled_background,E001G-a57304826f0f,,BNG_100KM_E6_N1,2017,EAP-8e32eccbc87e,1.0,128,e001-terrain-v1,pass,E001S-2b8004d55b0b,e6bbbbede6c65b5badd2bbf690439eb9600e39be985be57fd85c926b0bb8e411,final_test,train
E001B-e8da7748dc8e,unlabelled_background,E001G-ca719b591f83,E001O-0157ec1605ec,BNG_100KM_E3_N4,2022,EAP-a800a13742ee,1.0,128,e001-terrain-v1,pass,E001S-2dbc035b11fd,35a0f2f1f8e3ad43223c28d3266eaf822fb93119fb5fa119c5c7997e0a6eb1b2,train,train
E001B-526ff4fbe695,unlabelled_background,E001G-f09e7fd58b79,,BNG_100KM_E4_N5,2009,EAP-fa2ffbdc01b2,1.0,128,e001-terrain-v1,pass,E001S-82a714a8d97a,3c29cda822e522271244afc35c1a096035a0bf7fb3b5b2aea5f0297f244b059f,train,train
E001B-d6a9bca258f1,unlabelled_background,E001G-7acaaf66d519,,BNG_100KM_E5_N4,2020,EAP-c590a5cb0139,1.0,128,e001-terrain-v1,pass,E001S-fca41d116b9c,55a7982ebcb832b318c4fb41e4d3ae4348400367c6269417292bfb321cfad16e,train,final_test
E001B-1e3d91532468,unlabelled_background,E001G-8a234eed9130,,BNG_100KM_E4_N2,2020,EAP-c590a5cb0139,1.0,128,e001-terrain-v1,pass,E001S-fbe7600f2fbe,fab1345ccc8d812155bea64837851e4c04cb89eb77ad4e2296939d1e0ccb2ca2,train,train
E001B-a07f09a19d4d,unlabelled_background,E001G-da538fa03a22,,BNG_100KM_E3_N2,2020,EAP-c590a5cb0139,1.0,128,e001-terrain-v1,pass,E001S-87492d753efc,1485fe3261153fc11772a76f9c9ceea54c35da73e96f04a68e4872ae578d58fa,train,final_test
E001B-13c9d17b51b6,unlabelled_background,E001G-b73a12e8ad71,,BNG_100KM_E4_N3,2020,EAP-c590a5cb0139,1.0,128,e001-terrain-v1,pass,E001S-9dc812f5bb39,5f342ce504a53d713489ee2cb961d8bde38ad8d8466853daf78e2a06e80b6382,train,train
E001B-f1d06b15b4af,unlabelled_background,E001G-4dd1d735589e,E001O-68b0520bfa4a,BNG_100KM_E2_N0,2020,EAP-c590a5cb0139,1.0,128,e001-terrain-v1,pass,E001S-b1e5d5405380,e7dc2e9dc331964c25f252385b126ee14dad6c46230603b49342ffa1590ea82f,train,development
E001B-9094f58f7445,unlabelled_background,E001G-f309a71368ff,,BNG_100KM_E4_N4,2018,EAP-d85b0f0821f9,1.0,128,e001-terrain-v1,pass,E001S-c7691a1cdedd,b16a57d43ac0c9e917acc04dbec72c32a9abb71efb2a2366187290dcc918a8d9,train,train
E001B-23f2c7527e50,unlabelled_background,E001G-b4c6550acd98,,BNG_100KM_E3_N1,2019,EAP-d3a871d4f09e,1.0,128,e001-terrain-v1,pass,E001S-d67568e5801c,3c617ffc62da28a24205578b779e9be13ec0abdce6a6cc4fe5cf0f634c378a52,train,train
E001B-ad44a8ef1b75,unlabelled_background,E001G-b45c6c609f64,,BNG_100KM_E3_N5,2021,EAP-71ad6a50942e,1.0,128,e001-terrain-v1,pass,E001S-219aa7e13445,284f1d9c4f590b44afdc94dae915086282ca14bd6e8d7658662370edaa9ce83a,train,train
E001B-63fc45e75524,unlabelled_background,E001G-554bacfd5fca,,BNG_100KM_E4_N0,2018,EAP-d85b0f0821f9,1.0,128,e001-terrain-v1,pass,E001S-6c27deebd03f,cdd102fbdaa80f5a061a14767b39777a50de1f42867ef1f0db08c3741cadf039,train,train
E001B-01dd0a05bebb,unlabelled_background,E001G-2f8233561d8b,,BNG_100KM_E2_N1,2020,EAP-c590a5cb0139,1.0,128,e001-terrain-v1,pass,E001S-e07d7d31d9eb,2e22dec03c502f3a7ff2e5747863c423596fe5b55fc70d1c4d2e1525342a7f35,train,train
E001B-677564432b28,unlabelled_background,E001G-502e81b44926,,BNG_100KM_E5_N1,2019,EAP-d3a871d4f09e,1.0,128,e001-terrain-v1,pass,E001S-5a0fb30b51bb,3242dcfbddcd5fe38c971d1a1cd0136230de00dc4aaed2dab1180fd81490f932,train,train
E001B-31696866da0a,unlabelled_background,E001G-e35d2bbfeebd,,BNG_100KM_E5_N3,2018,EAP-d85b0f0821f9,1.0,128,e001-terrain-v1,pass,E001S-3eb8d57154db,998c62d46875a5354af542147cb10f5a7d09135b0de4e5ab140a9466cde4ee5e,train,train
E001B-35e9fa7076a4,unlabelled_background,E001G-920cb4a42206,,BNG_100KM_E5_N0,2019,EAP-d3a871d4f09e,1.0,128,e001-terrain-v1,pass,E001S-daf83a923e2b,25184062e1e58e453473b1d642ca5cef7da685d21ee1a93b94e3bf5d260f8119,train,train
E001B-4511b1b345d3,unlabelled_background,E001G-07b3affcb6b0,,BNG_100KM_E1_N0,2021,EAP-71ad6a50942e,1.0,128,e001-terrain-v1,pass,E001S-d2664ae8d529,84d4824feb196c89c0ef116294d005490a55526e7fd0adae92f8d5d739120fb9,train,train
E001B-a9e67e67e706,unlabelled_background,E001G-b1124e63cbf8,,BNG_100KM_E3_N0,2021,EAP-71ad6a50942e,1.0,128,e001-terrain-v1,pass,E001S-a0768ef27472,8ae44bc67813a9877daf9ef2dd82758d28fb6a6ac422144daf4215d7272e2a65,train,train
E001B-5053e1da1187,unlabelled_background,E001G-357de4df2730,,BNG_100KM_E6_N3,2017,EAP-8e32eccbc87e,1.0,128,e001-terrain-v1,pass,E001S-cc44c4031534,7fc5d48038c8e2c319a1610283f7c6076f63eb99a5b34d993aefe1bda4134346,train,train
E001B-1b65decbe7eb,unlabelled_background,E001G-dded0514002d,,BNG_100KM_E4_N2,2021,EAP-71ad6a50942e,1.0,128,e001-terrain-v1,pass,E001S-d668d43240dd,66a3b044fe7a95397e468f1235314ead5b0946b3f565a0d8a2e9079c890733aa,final_test,train
E001B-5fc382a5b513,unlabelled_background,E001G-3124468f390c,,BNG_100KM_E4_N2,2020,EAP-c590a5cb0139,1.0,128,e001-terrain-v1,pass,E001S-186402229c25,8ffab452c2efb64f6b7bafc4328d6df514e5dd52a48d879b189ec4a3f5820496,train,train
E001B-c3b14e854cb9,unlabelled_background,E001G-836af9bde0da,,BNG_100KM_E3_N2,2020,EAP-c590a5cb0139,1.0,128,e001-terrain-v1,pass,E001S-c22bb8588fb4,8c554e46b9c1655dfbd2ef8599894df2b6a24a72231db38f0655ef2c0d9883c1,train,final_test
E001B-a6a986ea0fc5,unlabelled_background,E001G-84bb465ef288,,BNG_100KM_E4_N5,2018,EAP-d85b0f0821f9,1.0,128,e001-terrain-v1,pass,E001S-dd1002589e2c,1898f72d1365ca7e0811f3dd20459aee08291e659de7cf01be157c1e3329428c,train,train
E001B-faaf016e23a6,unlabelled_background,E001G-052952c6e41b,,BNG_100KM_E3_N3,2020,EAP-c590a5cb0139,1.0,128,e001-terrain-v1,pass,E001S-6c213fdf56a2,27c677ada04beb5291a4f9d06437d164b78fe6d54c46826ca3ad01649bf5203e,train,train
E001B-7495bf139bca,unlabelled_background,E001G-dabb7425a1fc,,BNG_100KM_E6_N2,2020,EAP-c590a5cb0139,1.0,128,e001-terrain-v1,pass,E001S-502d4e4d23ee,286a3bed4e323a90352f3cde0ead71c5788071ec420012b641cde4d883c644bc,train,train
E001B-3942496d6d35,unlabelled_background,E001G-6b2333aef0c1,,BNG_100KM_E4_N1,2017,EAP-8e32eccbc87e,1.0,128,e001-terrain-v1,pass,E001S-926a4868b313,2c4d27d65eb1748c1c4b060ff35a5fcc81b74a1a573f1a218eb00305fcd20c6a,train,train
E001B-6aa7ab338f83,unlabelled_background,E001G-1a74c1cbfd27,,BNG_100KM_E3_N3,2021,EAP-71ad6a50942e,1.0,128,e001-terrain-v1,pass,E001S-285ba200d0ee,9981e7f916db58825e2e63dda7369701826f699080332382a3b06729f7be1c6b,train,train
E001B-96ff713273a7,unlabelled_background,E001G-e6e1787c57c8,,BNG_100KM_E3_N3,2020,EAP-c590a5cb0139,1.0,128,e001-terrain-v1,pass,E001S-cd4f49fd9a2d,dc4384104b1b8ef136cd5619ebcc22e3c10302acb9ecdf02ef7f7841218156f6,train,train
E001B-9b04b2b32684,unlabelled_background,E001G-a5baf67dcfa4,,BNG_100KM_E3_N3,2020,EAP-c590a5cb0139,1.0,128,e001-terrain-v1,pass,E001S-747f07d9aea9,299fecc6ab18b23a692f7300c5d91f5911dc459f3187373f1ee01347e0deab13,train,train
E001B-277fd56a468e,unlabelled_background,E001G-736fcc024fd8,,BNG_100KM_E3_N5,2021,EAP-71ad6a50942e,1.0,128,e001-terrain-v1,pass,E001S-84f6b7f0fa8a,8009380f3d8c17eab500171918c5d22570963bdcb431fa19b7a9101f3457e87e,train,train
E001B-c6130a9f77a9,unlabelled_background,E001G-75de09519dfc,,BNG_100KM_E4_N5,2018,EAP-d85b0f0821f9,1.0,128,e001-terrain-v1,pass,E001S-82067b36ded7,a87e1cd77f2dae11ef0641825c90d26efb3b5adb7abc298022fc7cd14653bfe3,train,train
E001B-f32f8e021eee,unlabelled_background,E001G-4dd03f7d617c,,BNG_100KM_E4_N5,2018,EAP-d85b0f0821f9,1.0,128,e001-terrain-v1,pass,E001S-04e94b1bfe36,67db1d30237c6b6d620fe6442662dc03a5f733d88e05bcb3eefe9069582957d8,train,train
E001B-bcf6c201a750,unlabelled_background,E001G-203c6b6f34b7,,BNG_100KM_E3_N3,2021,EAP-71ad6a50942e,1.0,128,e001-terrain-v1,pass,E001S-f45e3e9e6768,27ed0b47cb8b9cf65cee5c242f39d166725049c6f42f6196e79fd19553743397,final_test,train
E001B-911a3a47e5ed,unlabelled_background,E001G-d50ecea6f9b5,,BNG_100KM_E5_N2,2018,EAP-d85b0f0821f9,1.0,128,e001-terrain-v1,pass,E001S-20142466db61,04d3f7fab37509e913001573b14d82614427142bd6ce19cb74c54478d0a384ea,train,train
E001B-d192efdf7c9a,unlabelled_background,E001G-8ed85cf92dd6,,BNG_100KM_E3_N5,2021,EAP-71ad6a50942e,1.0,128,e001-terrain-v1,pass,E001S-1a5f9df49fed,8bdf2a6f754b8a74fef9d3428e10c8055bf4767e407ce1601f28585432b5982a,train,train
E001B-633f985b868b,unlabelled_background,E001G-8645998297a3,,BNG_100KM_E3_N2,2020,EAP-c590a5cb0139,1.0,128,e001-terrain-v1,pass,E001S-96506d5bfc42,05c826e84411d8795f42e14456db9ab940be7036cc5e60949556def0becaa20f,final_test,final_test
E001B-2651f19d9adf,unlabelled_background,E001G-37b889ffccf4,,BNG_100KM_E3_N1,2018,EAP-d85b0f0821f9,1.0,128,e001-terrain-v1,pass,E001S-73ba424e1c44,0440701b31a19f1ca70048aa7f658c5e980b7c26f45c668d40854b46686e38cc,train,train
E001B-f91624d8e653,unlabelled_background,E001G-cd9ebfbda39d,,BNG_100KM_E3_N2,2020,EAP-c590a5cb0139,1.0,128,e001-terrain-v1,pass,E001S-31f9d47c1051,606c1173c11e82649bea91cc15bc4890803f0a4e5f475f6203a9ce09cf319934,train,final_test
E001B-07f2301e6b08,unlabelled_background,E001G-96ff4136a9fc,,BNG_100KM_E4_N3,2022,EAP-a800a13742ee,1.0,128,e001-terrain-v1,pass,E001S-02360e3662ff,3b22026e74599aa35d12305dcc8245bcd5b7816e99faa37e7fca79d714f142a1,train,train
E001B-dee3ee648e58,unlabelled_background,E001G-a13bef006ce8,,BNG_100KM_E3_N1,2019,EAP-d3a871d4f09e,1.0,128,e001-terrain-v1,pass,E001S-7cf5ed269fda,6a484c6c8cb7034aed536608543cdf9ee0b566847b8d6b03c98c7b0bde06cdfb,train,train
E001B-4df889cab4f8,unlabelled_background,E001G-2724198ef737,,BNG_100KM_E3_N3,2020,EAP-c590a5cb0139,1.0,128,e001-terrain-v1,pass,E001S-b2943242086e,c11521163eaf7819da327166429efda5c3036412775fd09010c4daadf4c7a75d,train,train
E001B-7690c0aac0f8,unlabelled_background,E001G-d5e7899e5e40,,BNG_100KM_E2_N1,2021,EAP-71ad6a50942e,1.0,128,e001-terrain-v1,pass,E001S-acdb48e4d3ad,905fcada7874385fc2e490642e50c9605169a26c27afe8de274f62f9bc511805,train,train
E001B-2dbdb68afb7f,unlabelled_background,E001G-d32e2a912d5b,,BNG_100KM_E4_N3,2022,EAP-a800a13742ee,1.0,128,e001-terrain-v1,pass,E001S-80763089c5df,b03141e4815a1b5742cb17ace87cb95c616767975d680209e20cf3fc0d127d38,train,train
E001B-6f767e721457,unlabelled_background,E001G-c7ee26eb172f,,BNG_100KM_E6_N2,2018,EAP-d85b0f0821f9,1.0,128,e001-terrain-v1,pass,E001S-1ed704ae0fcf,ebb18a12a33673a7c221a2956a8496551d8175d43f536e92745bbf036ecae400,train,train
E001B-77ea95ba1080,unlabelled_background,E001G-78fa92c398e5,,BNG_100KM_E4_N1,2019,EAP-d3a871d4f09e,1.0,128,e001-terrain-v1,pass,E001S-625fe0543764,5ebc5cae18b34d9f775487dd7558be85e9effdba3007c15cc5f082fbda0b2f06,train,train
E001B-d8bdd968dd67,unlabelled_background,E001G-c0ce8bcbefeb,,BNG_100KM_E3_N1,2020,EAP-c590a5cb0139,1.0,128,e001-terrain-v1,pass,E001S-59f1cafe7d9c,37a1c1931394ba781180caa07360f45d003799542b78a3fa3407a0c9c919c218,train,train
E001B-322f5feecc28,unlabelled_background,E001G-62f251867b80,,BNG_100KM_E3_N5,2021,EAP-71ad6a50942e,1.0,128,e001-terrain-v1,pass,E001S-328a093894cf,fe8e4c83388f1aac6622022b07d33ccbf02a9bac79f5ea7b8f64fd775ef86e26,train,train
E001B-e22c49011b92,unlabelled_background,E001G-888809cc4c35,,BNG_100KM_E4_N4,2018,EAP-d85b0f0821f9,1.0,128,e001-terrain-v1,pass,E001S-d6ac2f6aa42f,06db91df9b8746c1eb28809c5c0c62b45b1050274604c124bd36e0d936cb7052,train,train
E001B-b9bb57eda825,unlabelled_background,E001G-ad025c78ec67,,BNG_100KM_E4_N0,2021,EAP-71ad6a50942e,1.0,128,e001-terrain-v1,pass,E001S-3bf9c1787313,7698ed7583291276da8aebccc73b5cba0a418e413b5b059783dfbc96c11e50b3,train,train
E001B-d007ef643b1f,unlabelled_background,E001G-555a75e589d9,,BNG_100KM_E3_N2,2020,EAP-c590a5cb0139,1.0,128,e001-terrain-v1,pass,E001S-ee2bdce463f5,23ae0afe53bdb48c3ecb4ef5269ccffcd873fd5968a1da85f5141858de9c7263,train,final_test
E001B-89cfbb753377,unlabelled_background,E001G-0943635d6886,,BNG_100KM_E5_N2,2018,EAP-d85b0f0821f9,1.0,128,e001-terrain-v1,pass,E001S-0a4e72cea89c,0331f2cd5c7b1efd5eec8abcfb7a5d65e64401d44ca19d2a2d07be3825529e2a,train,train
E001B-2db419ec65a9,unlabelled_background,E001G-9ea08e2a2fca,,BNG_100KM_E3_N2,2019,EAP-d3a871d4f09e,1.0,128,e001-terrain-v1,pass,E001S-7a3487c821a3,d267c90f28603055aec7f7191f6c8077145008e0a15215e740fa83ff2a214af4,train,final_test
E001B-27d8cb483c73,unlabelled_background,E001G-a3d5a7e7675f,,BNG_100KM_E3_N1,2021,EAP-71ad6a50942e,1.0,128,e001-terrain-v1,pass,E001S-056d1bc21606,d9ffc22fe54f30cb29268a51f64c639641f583d04fda5ef6008d85aad5767289,train,train
E001B-128741d70a7f,unlabelled_background,E001G-87569b7da020,,BNG_100KM_E4_N3,2020,EAP-c590a5cb0139,1.0,128,e001-terrain-v1,pass,E001S-2119f92da343,c8cf5e06cc9437420e35739adc3f7b69990d8f140c74e018120d04590059e276,train,train
E001B-a18903b9acf2,unlabelled_background,E001G-d82922b918f2,,BNG_100KM_E3_N1,2018,EAP-d85b0f0821f9,1.0,128,e001-terrain-v1,pass,E001S-bb13f5162c12,a19d9b44f82639670f5f43e7fb5afc61c28bc109ad93af9e798092ac0df757a9,train,train
E001B-03e89f60028c,unlabelled_background,E001G-2dbe527dc052,,BNG_100KM_E6_N1,2018,EAP-d85b0f0821f9,1.0,128,e001-terrain-v1,pass,E001S-9e03b051d5a3,a170d6f65c5db8142fa61f6c685e849bdbd83bec2546d84ef42c0b8f7b221222,train,train
E001B-5ecb386e1d85,unlabelled_background,E001G-644221ce9739,,BNG_100KM_E3_N5,2019,EAP-d3a871d4f09e,1.0,128,e001-terrain-v1,pass,E001S-e3601e60b994,529fcdac35050c035597fcf40e648cbdcf040df2aa4be1ddb2a87c7872300430,final_test,train
E001B-f962fbdbfb00,unlabelled_background,E001G-e032d6987172,,BNG_100KM_E5_N4,2020,EAP-c590a5cb0139,1.0,128,e001-terrain-v1,pass,E001S-22a359b69636,0115d2255b1607d88157c503ca0182450266e266887a9e333a229f6896c0f218,train,final_test
E001B-710ac64d47d3,unlabelled_background,E001G-074361565b6f,,BNG_100KM_E4_N4,2018,EAP-d85b0f0821f9,1.0,128,e001-terrain-v1,pass,E001S-ed232a096ef2,bc52f86d470498298a7c9a32c94005aa1b0809ec9d4f83d774ecae96f0dd4112,train,train
E001B-404c5eb2b86c,unlabelled_background,E001G-3626e1390e7f,,BNG_100KM_E3_N3,2020,EAP-c590a5cb0139,1.0,128,e001-terrain-v1,pass,E001S-4c99b70fb718,2fdf036bc802d7081cfae369eefbd763040ffb208a0bffc20f869dbb34dd8aa5,train,train
E001B-a10da949c0c5,unlabelled_background,E001G-67f6e7b7b527,,BNG_100KM_E3_N2,2019,EAP-d3a871d4f09e,1.0,128,e001-terrain-v1,pass,E001S-99a547cadf47,491cfccfcc95b0b1e41cdbac143454c8f7108c08c1cba061d943de4ca6729235,train,final_test
E001B-f19dcdf4b3e3,unlabelled_background,E001G-9ef1fa7e63a2,,BNG_100KM_E4_N3,2020,EAP-c590a5cb0139,1.0,128,e001-terrain-v1,pass,E001S-cfbdc580bde1,42444ead0a00c7a4fa4680a4c918bdd5f0a845a2cffe748a79849e3b53682bc2,train,train
E001B-2c9291ae6ae2,unlabelled_background,E001G-af3de42e4b8a,,BNG_100KM_E5_N2,2018,EAP-d85b0f0821f9,1.0,128,e001-terrain-v1,pass,E001S-7c72c977bccc,841271bbee0fd8522959449e9bfadb89b6e1e2d10d2c72049edf7dc072da7aec,train,train
E001B-6cfead82bb1b,unlabelled_background,E001G-24f902a1ea4e,,BNG_100KM_E2_N1,2022,EAP-a800a13742ee,1.0,128,e001-terrain-v1,pass,E001S-5038d19333d3,3e3e00484d3552182db4205851548d4b0310e999d9fc65891972fc7569a3a587,train,train
E001B-f975542864ab,unlabelled_background,E001G-6aa0eca8a0a6,,BNG_100KM_E2_N0,2019,EAP-d3a871d4f09e,1.0,128,e001-terrain-v1,pass,E001S-b7b0a69cdb2d,d9be0e3415e10e907280dc2f65083223d4d30c227511817b9b705df107830253,train,development
E001B-0c10cbef8e68,unlabelled_background,E001G-812e2825303e,,BNG_100KM_E5_N2,2019,EAP-d3a871d4f09e,1.0,128,e001-terrain-v1,pass,E001S-bd57619170bf,30e5a7a32ec84ac7a4bb876a1c5e453a805eb6cbaecfac9564f27da1881c6e38,train,train
E001B-54372ca7e6fc,unlabelled_background,E001G-1b778d246159,,BNG_100KM_E2_N1,2020,EAP-c590a5cb0139,1.0,128,e001-terrain-v1,pass,E001S-e2d2e16c684a,efecf6c95d077ebbac2000ce4cb70d30cb1cbb0ec4261e628267ca41181037eb,train,train
E001B-4fe03b493751,unlabelled_background,E001G-9fec69fb9af6,,BNG_100KM_E3_N4,2021,EAP-71ad6a50942e,1.0,128,e001-terrain-v1,pass,E001S-81b791bd6350,17bdf8f5a561f883f7154f348fcc3bee58b0a54bdf7d80724080d9bd3bd1c00c,train,train
E001B-4154e4252a89,unlabelled_background,E001G-b93e469da5cb,,BNG_100KM_E4_N5,2018,EAP-d85b0f0821f9,1.0,128,e001-terrain-v1,pass,E001S-e02861b55d48,ee6f1940d2943d6d72076fef2602328cb5ee941e498e662406ff2ea6493d7688,train,train
E001B-35a76f6e2366,unlabelled_background,E001G-9eeade32815f,,BNG_100KM_E4_N2,2020,EAP-c590a5cb0139,1.0,128,e001-terrain-v1,pass,E001S-28a0ccbd3eed,ea40cdef435eb409186d7dacd3b78f22faefd945b7a06bc96c0a8ea0fbe53eba,train,train
E001B-47cc3ec59d39,unlabelled_background,E001G-36d77e5e0a54,,BNG_100KM_E4_N3,2020,EAP-c590a5cb0139,1.0,128,e001-terrain-v1,pass,E001S-0a46d0d8515f,6e3947717bf70597435558df8cac8101ebf80484f8ee5c92b7f5e2dbd5798dd2,final_test,train
E001B-f07355240e2d,unlabelled_background,E001G-2d3337574242,,BNG_100KM_E4_N3,2020,EAP-c590a5cb0139,1.0,128,e001-terrain-v1,pass,E001S-e60d1ab9e689,6bceef8291b3c920ed55d974e88592fb5dfde860ca88f3efff8d1ec43bd272f6,train,train
E001B-7c4280db3261,unlabelled_background,E001G-5cbe9d18b7cc,,BNG_100KM_E2_N0,2019,EAP-d3a871d4f09e,1.0,128,e001-terrain-v1,pass,E001S-622d92e08f9d,21e614e84b83196efbea72f2fb993db0a4a7b8c2d6828ebfe31525aba0f03558,train,development
E001B-54b137159055,unlabelled_background,E001G-c18c8f622e11,,BNG_100KM_E5_N3,2019,EAP-d3a871d4f09e,1.0,128,e001-terrain-v1,pass,E001S-36901e1dfc02,8e6319489277f1c63511f463186011934c1d043908118696f04177388c962a8d,train,train
E001B-407ae9e63a81,unlabelled_background,E001G-87ca1deeea80,,BNG_100KM_E4_N3,2020,EAP-c590a5cb0139,1.0,128,e001-terrain-v1,pass,E001S-3d11140564ef,c0ac4c63024e685ddad9117faa0e4ba64f560a0b88d0788f7d1fc5a77bf4e008,train,train
E001B-3f91d1c91d2b,unlabelled_background,E001G-e03c8085ea89,,BNG_100KM_E4_N4,2018,EAP-d85b0f0821f9,1.0,128,e001-terrain-v1,pass,E001S-866039e615b7,2883ad153fe21011cc480ff15a9b29a21bceb1b666b087228cf40ff74bf97a83,development,train
E001B-15ce4733e4f9,unlabelled_background,E001G-d7a55cb5863a,E001O-0134257b26f3,BNG_100KM_E2_N0,2020,EAP-c590a5cb0139,1.0,128,e001-terrain-v1,pass,E001S-3486acfd46cc,c45d31ebaaf18e3b3987cb3688ac1cb69bd159bf8a1853415aac71442b1c386d,train,development
E001B-d0d22829f260,unlabelled_background,E001G-e1d97d0e5b7e,,BNG_100KM_E4_N1,2021,EAP-71ad6a50942e,1.0,128,e001-terrain-v1,pass,E001S-15b0bba96c1f,674b12967d1e0d16db7535516e8263bf8a0bd46f1c709259aee2a1e2118badf4,train,train
E001B-6d4a88acf349,unlabelled_background,E001G-2e0705271843,,BNG_100KM_E5_N3,2020,EAP-c590a5cb0139,1.0,128,e001-terrain-v1,pass,E001S-a5fad79a104e,329f6c6c912a3c3cedd372cd8ea7867fe5c36fbd628ef03607050ddec99a0342,train,train
E001B-4090c50f2b68,unlabelled_background,E001G-06140dd5ee46,,BNG_100KM_E4_N4,2021,EAP-71ad6a50942e,1.0,128,e001-terrain-v1,pass,E001S-57a61c2be87e,d621c2db5679c96c93562ee6f7b31bbcdf704c5c126a04349fd36d4a9a43ffed,train,train
E001B-27e30fed5217,unlabelled_background,E001G-083011c5011c,,BNG_100KM_E4_N2,2020,EAP-c590a5cb0139,1.0,128,e001-terrain-v1,pass,E001S-f42ebbb3b3b6,49d92c30c82024bdce0c3269c9cb41478fa1565ad2eb564b585f33530d0fa06b,train,train
E001B-8c82c58f00bf,unlabelled_background,E001G-e289366d805b,,BNG_100KM_E3_N5,2020,EAP-c590a5cb0139,1.0,128,e001-terrain-v1,pass,E001S-37122bd77d1e,e04f2db5c3764fd3d58f34ce9df304949dde9ecb269bde95582a0de2a6b255fa,train,train
E001B-8d33eb105270,unlabelled_background,E001G-a2f1f531a247,E001O-45e9ba342c62,BNG_100KM_E6_N2,2018,EAP-d85b0f0821f9,1.0,128,e001-terrain-v1,pass,E001S-ee9fd7f89c30,0d0eaf7812f64f50f8fd48fa35ffe5739e766ee9c633e8368a2503934d0987e3,train,train
E001B-0634f6fb6579,unlabelled_background,E001G-c1f6510805af,,BNG_100KM_E4_N3,2021,EAP-71ad6a50942e,1.0,128,e001-terrain-v1,pass,E001S-334c351a4cdc,94a2ed8d031e8dab4867ea9723fd4a4de87051fbe9f5dce187debfd8eb85a45d,train,train
E001B-9c17fde89c57,unlabelled_background,E001G-e313ba56d366,,BNG_100KM_E4_N2,2020,EAP-c590a5cb0139,1.0,128,e001-terrain-v1,pass,E001S-18385965bca5,25c3e18ec57b143a258062b731f5ca3d8dea10d3c2214e2a1e651b72a8295171,train,train
E001B-e6ce36f76a94,unlabelled_background,E001G-15d32ed1e7e6,,BNG_100KM_E4_N3,2020,EAP-c590a5cb0139,1.0,128,e001-terrain-v1,pass,E001S-1d3324da55cd,5710aacd5e258c6b7b01e3c724d5a192758bc3b80387e51193ab3cf5ee0a5ff0,train,train
E001B-60d4d5cefb8a,unlabelled_background,E001G-f06a67ca5784,,BNG_100KM_E5_N1,2021,EAP-71ad6a50942e,1.0,128,e001-terrain-v1,pass,E001S-11e5b982bd4e,7015049671c38c1041ee106b886e289a36cd9ae26f83f9941d1c8468adf2369b,train,train
E001B-b49241d82567,unlabelled_background,E001G-5e0501021308,,BNG_100KM_E5_N3,2017,EAP-8e32eccbc87e,1.0,128,e001-terrain-v1,pass,E001S-a503b54e0eb0,6076eaac3ee19ddb57bad4d3f1980fa115b8540f1e289667fa0315aa9f34e3a9,train,train
E001B-a71702113f77,unlabelled_background,E001G-1de551a9ecad,,BNG_100KM_E4_N0,2021,EAP-71ad6a50942e,1.0,128,e001-terrain-v1,pass,E001S-fa9ed3dc4459,cc3d213b4c619ac82cf88a54877ad92660080f2c4efeaba7ad1ab76ccd5e03a7,train,train
E001B-e46018743132,unlabelled_background,E001G-250157aeacde,,BNG_100KM_E4_N5,2018,EAP-d85b0f0821f9,1.0,128,e001-terrain-v1,pass,E001S-738a6c051730,92c745f627da03cdc79ede20ac542adcead9103c175e92909d7e0d9a9125baaf,development,train
E001B-9e29f17bafa4,unlabelled_background,E001G-53dd4d0c6144,,BNG_100KM_E4_N1,2021,EAP-71ad6a50942e,1.0,128,e001-terrain-v1,pass,E001S-b9ebb0aa0e4f,6a499d5637f19cf09938cad8eee30f556510770bf0ed1be5eee3ef80b16563a6,train,train
E001B-9a1c5b9cae70,unlabelled_background,E001G-c26548eecc3c,,BNG_100KM_E2_N0,2021,EAP-71ad6a50942e,1.0,128,e001-terrain-v1,pass,E001S-3687f6db4021,e5575de6ba68a36cc2ca7561dedde7e1b64c9000535c6759515ad22faeabfbe5,train,development
E001B-481801f3f30c,unlabelled_background,E001G-75482fc67325,,BNG_100KM_E2_N0,2022,EAP-a800a13742ee,1.0,128,e001-terrain-v1,pass,E001S-1972ddd19a02,205aad3388f01378d6320d37bd391ac9bd60ca7cfc5937c2a1368fe2a2d00244,final_test,development
E001B-d4326395981c,unlabelled_background,E001G-ef6d3bf97c33,,BNG_100KM_E4_N0,2021,EAP-71ad6a50942e,1.0,128,e001-terrain-v1,pass,E001S-52656390050e,69ba5c27455acf6158c5a35759752080b7e2337cf058c2485156567ec9c45e64,train,train
E001B-dd5fb1b1cafe,unlabelled_background,E001G-7625697c85c0,,BNG_100KM_E6_N2,2018,EAP-d85b0f0821f9,1.0,128,e001-terrain-v1,pass,E001S-98bc1d041457,56cfec33d740048523a72f2df727be014170950ad521963338539c496198127f,train,train
E001B-afebc71b683f,unlabelled_background,E001G-3f50f12858da,,BNG_100KM_E5_N2,2019,EAP-d3a871d4f09e,1.0,128,e001-terrain-v1,pass,E001S-d7839ef20ec9,ba140d7749d5c86567038d52721a799dabbdc9c965c620e18a8aefd082a3c240,train,train
E001B-48544b13ced0,unlabelled_background,E001G-14f24856dc6b,,BNG_100KM_E5_N3,2017,EAP-8e32eccbc87e,1.0,128,e001-terrain-v1,pass,E001S-b2dbfa159a5e,a5d6ec7622cd6b300dd8588a94720da64ba74c097b5c306dea86ecfd2c9023f1,train,train
E001B-223509dfdd28,unlabelled_background,E001G-80a69e873b15,,BNG_100KM_E4_N0,2018,EAP-d85b0f0821f9,1.0,128,e001-terrain-v1,pass,E001S-112902506d24,1c3c970d75bcf7f7d08254d13195d00d95e3e9e30adf12f0b6f6d550ed76d514,development,train
E001B-07c6cb27d28b,unlabelled_background,E001G-bf62bdb21c16,,BNG_100KM_E5_N1,2018,EAP-d85b0f0821f9,1.0,128,e001-terrain-v1,pass,E001S-2ac6b7d6d7c7,a2786f0d85d98df0e6e1356112554468032c41c4d0a1e0734452b4561e4b72b7,final_test,train
E001B-2c32f67c1ff4,unlabelled_background,E001G-bbc48e7beb07,,BNG_100KM_E3_N3,2020,EAP-c590a5cb0139,1.0,128,e001-terrain-v1,pass,E001S-d9a94b35157e,2f34be1b3be8c2480d9c17c7283a07fe47fa2c6ec81224987fbd26e5c5184338,final_test,train
E001B-2ec2e2f02560,unlabelled_background,E001G-0d9c30643a48,,BNG_100KM_E3_N2,2019,EAP-d3a871d4f09e,1.0,128,e001-terrain-v1,pass,E001S-a60199ceacf1,2d0919222e4ac553a21688e2af52a98c55f9ff6c88463abdcd795e71c0014f8b,train,final_test
E001B-7d6978cf9fa4,unlabelled_background,E001G-0ec6afe2ab57,,BNG_100KM_E3_N1,2019,EAP-d3a871d4f09e,1.0,128,e001-terrain-v1,pass,E001S-f4d946b72ff0,6e0ab15362c0e9de56229d0308f9a97dd5dfe337cadd44b2b71f5d7939cfc1ff,train,train
E001B-7a8c94736496,unlabelled_background,E001G-6d88ee3bec85,,BNG_100KM_E3_N1,2020,EAP-c590a5cb0139,1.0,128,e001-terrain-v1,pass,E001S-b63469be137d,7611f25584305ba65926686860e996d9e3a4483590121ad754fca9ceddbb9cde,train,train
E001B-841f4138d7b0,unlabelled_background,E001G-599665855e06,,BNG_100KM_E3_N5,2021,EAP-71ad6a50942e,1.0,128,e001-terrain-v1,pass,E001S-d2b04d668447,22593bb8e6fbb3fecb73f6c0551ab3d50ad165963e107c5962db22789e9b7186,development,train
E001B-3f2a469cbfaf,unlabelled_background,E001G-284e54243a88,,BNG_100KM_E4_N4,2018,EAP-d85b0f0821f9,1.0,128,e001-terrain-v1,pass,E001S-d48fbf06ddaa,4b81d07504d2b6e2877dcf927d1f742e2831ed0f62ae5e2c13c20545fea84859,development,train
E001B-47e3bcc4d0b6,unlabelled_background,E001G-93548ad431cd,,BNG_100KM_E4_N5,2016,EAP-4f02812edece,1.0,128,e001-terrain-v1,pass,E001S-2c20d0840d37,183fa246dcaee11de5fa4293befea03089df091752a7fa36dfe23e1153a6faa9,train,train
E001B-8809da1d8477,unlabelled_background,E001G-5ff09fcdbadd,,BNG_100KM_E4_N5,2018,EAP-d85b0f0821f9,1.0,128,e001-terrain-v1,pass,E001S-a78b11e796cd,fa33026db2ef44a9ea634ffdacd6cf2db8ec18c0f3855a4434b5de2d472d8e4a,train,train
E001B-e163866d9f9c,unlabelled_background,E001G-ca4b7ba2e224,,BNG_100KM_E1_N0,2020,EAP-c590a5cb0139,1.0,128,e001-terrain-v1,pass,E001S-4d66f2b54664,0728948506a5f6e9ac17d75813dfc429e70bff6a4b9da52c3326e4838676d0b0,final_test,train
E001B-81724b516d3c,unlabelled_background,E001G-c1ed32e1ca6e,,BNG_100KM_E3_N2,2020,EAP-c590a5cb0139,1.0,128,e001-terrain-v1,pass,E001S-d8c6c78cd584,49d66af04e796ddcb4695e5eb78214bf4a01c43e8df0a1ce40bb7ca3c77225b1,train,final_test
E001B-d2c65ac66744,unlabelled_background,E001G-b9a16a314776,,BNG_100KM_E4_N4,2018,EAP-d85b0f0821f9,1.0,128,e001-terrain-v1,pass,E001S-ca894a98ac55,6dfee49b6f120dfaa8ba93442ddf2ea8d726e268d6402fd8ba5aaa24b7de0f33,train,train
E001B-97895df3db30,unlabelled_background,E001G-811748c43f63,E001O-bfb367ad9636,BNG_100KM_E5_N0,2019,EAP-d3a871d4f09e,1.0,128,e001-terrain-v1,pass,E001S-9064229372c6,cbee77d2557c20c8eb5ee82cbd0ca4da46e4b884520a75d0fa6cf8bd5c93f4f9,train,train
E001B-2d3aed7d4bc4,unlabelled_background,E001G-69f98e953c38,,BNG_100KM_E3_N2,2020,EAP-c590a5cb0139,1.0,128,e001-terrain-v1,pass,E001S-985a892d4990,9862b780c287c17986f93a84624dac2bba013247bda8adc1c3d63d941d486230,train,final_test
E001B-d4f8aaafda2f,unlabelled_background,E001G-14826fc2a1fe,,BNG_100KM_E3_N4,2020,EAP-c590a5cb0139,1.0,128,e001-terrain-v1,pass,E001S-a504013d91d2,faf1bc5fa932d7846f37d7afdb3c61a267712264f10f070f1bd51f9bed58b1bd,train,train
E001B-779dcb849dbf,unlabelled_background,E001G-bd5f9358666a,,BNG_100KM_E5_N4,2020,EAP-c590a5cb0139,1.0,128,e001-terrain-v1,pass,E001S-9d45821f08f7,c62f44dfd9c54f39f6f19eadf222493a84f8727629c776733dfd2db8cb6329e1,train,final_test
E001B-4f6667839310,unlabelled_background,E001G-5ea07bc2bedb,,BNG_100KM_E4_N2,2021,EAP-71ad6a50942e,1.0,128,e001-terrain-v1,pass,E001S-ce0033fd6913,1067dbc6de51e69c15437a2a98cb5e3bc07c1042fb4715ff949b0d6b416ef7b6,train,train
E001B-578805006802,unlabelled_background,E001G-d3f66fa28063,,BNG_100KM_E5_N3,2017,EAP-8e32eccbc87e,1.0,128,e001-terrain-v1,pass,E001S-426986aa8649,1b93e033938692e08fcf1284bfc77abdf5d2c497e4347ac7e53e27c7925d4543,train,train
E001B-c649ec007cad,unlabelled_background,E001G-4d8bba6c4e53,,BNG_100KM_E2_N0,2018,EAP-d85b0f0821f9,1.0,128,e001-terrain-v1,pass,E001S-2dedd5613635,8527cf3b9dcb6fdaa8a3609f081878a1699f5e69a4c86dd833091878d83134df,train,development
E001B-35b8c0ac034a,unlabelled_background,E001G-25f277fc668f,,BNG_100KM_E3_N0,2021,EAP-71ad6a50942e,1.0,128,e001-terrain-v1,pass,E001S-617913ff87fb,fe54366388c26932345a234469247d67c3e86828e4e5ab8afa1056255d7c6075,train,train
E001B-4ddfa8ac2665,unlabelled_background,E001G-e74f3fdd8ab4,,BNG_100KM_E5_N4,2018,EAP-d85b0f0821f9,1.0,128,e001-terrain-v1,pass,E001S-8f010312a645,609899408538455cee5a6ace1eb9c27e0cecd9f3c298d665c93f3a95553fb5e7,train,final_test
E001B-e3fe5407b3f3,unlabelled_background,E001G-871066ca4df3,,BNG_100KM_E6_N1,2018,EAP-d85b0f0821f9,1.0,128,e001-terrain-v1,pass,E001S-790a9cff7672,6859de93c54af066255ccd2611af541cd8588fe6846d089bd41e608524be3d46,train,train
E001B-0c6817be9510,unlabelled_background,E001G-f680a024fe1f,,BNG_100KM_E4_N3,2020,EAP-c590a5cb0139,1.0,128,e001-terrain-v1,pass,E001S-00accd272599,80f9af5c5e179c40b36ba9becbedff8d12e76aea2fda9630453801f05e31424f,train,train
E001B-9bb62cefd888,unlabelled_background,E001G-c33db9c01546,,BNG_100KM_E5_N4,2020,EAP-c590a5cb0139,1.0,128,e001-terrain-v1,pass,E001S-563fb611a54b,0c54974769a2251f7cf6cc9f390c8f821e3c836c79eb2f8df18abb5d6ec110fb,train,final_test
E001B-161569e36d40,unlabelled_background,E001G-0002da38060a,,BNG_100KM_E3_N1,2018,EAP-d85b0f0821f9,1.0,128,e001-terrain-v1,pass,E001S-4f5dc59e187b,396edac177453f1123a2f2c7eda29f8f7b4c4922f8449faed10aa59307e3d20b,train,train
E001B-1ed5b28fff70,unlabelled_background,E001G-79b532f38536,,BNG_100KM_E3_N4,2018,EAP-d85b0f0821f9,1.0,128,e001-terrain-v1,pass,E001S-7c8237cb9e7f,7b7acb055d7bdbcbea1b5981bee3c961e7a53b4ce7ab6903aa85a1f51fb4e52e,train,train
E001B-166ca0f15db3,unlabelled_background,E001G-42dd34d29069,,BNG_100KM_E3_N1,2019,EAP-d3a871d4f09e,1.0,128,e001-terrain-v1,pass,E001S-16d866d55001,02af37b43a68c4416b6031945012a8a6d0e8a88c1e122071d550a9687b4ded7a,train,train
E001B-ce3856578ba8,unlabelled_background,E001G-b9d4336490c8,,BNG_100KM_E4_N5,2018,EAP-d85b0f0821f9,1.0,128,e001-terrain-v1,pass,E001S-6a7e3d086b36,89dad7e6212e9534c479af8930c953a9547fabdba38d42ee48875cd5b9b6f44d,train,train
E001B-1abb7286e4d7,unlabelled_background,E001G-0dccef6e9495,,BNG_100KM_E3_N3,2020,EAP-c590a5cb0139,1.0,128,e001-terrain-v1,pass,E001S-332b3a066062,f14bea90d2cc3ec0ee038dba95612276ca38d96e123106163555de19ddc380ed,train,train
E001B-5541053c7671,unlabelled_background,E001G-68e739755fe2,,BNG_100KM_E4_N0,2021,EAP-71ad6a50942e,1.0,128,e001-terrain-v1,pass,E001S-783de3e8a55c,0bae8ab1deb2504b221c306d978c091b3e42ef16e64c872e973d0286316a71ae,train,train
E001B-760826b82768,unlabelled_background,E001G-7fdb8286ea34,,BNG_100KM_E3_N3,2021,EAP-71ad6a50942e,1.0,128,e001-terrain-v1,pass,E001S-83e0841a2e31,2e93889985bb0223c896a47fb92ec2a5dff6c4ad0dcfddb40755299685d93ffa,train,train
E001B-99b2b1ac43b5,unlabelled_background,E001G-0378ebe272cb,,BNG_100KM_E3_N5,2021,EAP-71ad6a50942e,1.0,128,e001-terrain-v1,pass,E001S-9037a27ee5af,4faefd4d04bb3a08bdd305e9af18072a41c30fe2fc7d82abdbccb7794b6d091e,final_test,train
E001B-f92cca0fc0f7,unlabelled_background,E001G-6a4b9b5b794d,,BNG_100KM_E5_N0,2019,EAP-d3a871d4f09e,1.0,128,e001-terrain-v1,pass,E001S-86941dab67e6,aaa3da50e206145bb695e8e7cdd54119e1d445e32f603406bbff1f953b2c439c,final_test,train
E001B-425c96dc3dff,unlabelled_background,E001G-a28b02e3a644,,BNG_100KM_E2_N0,2021,EAP-71ad6a50942e,1.0,128,e001-terrain-v1,pass,E001S-90eabc833fd2,66e49e99ad116c1487421404151e279f28a0853b82affcb2a16f4a929e255895,final_test,development
E001B-092afd587a4a,unlabelled_background,E001G-1af9d00e81ff,,BNG_100KM_E6_N1,2018,EAP-d85b0f0821f9,1.0,128,e001-terrain-v1,pass,E001S-f561c88b6ea3,24d3a31422fde873b6b90496659866cf4aec20573f5e7f44c93638d28a9d49d2,train,train
E001B-6f6d9e130819,unlabelled_background,E001G-3b5574bb54a6,,BNG_100KM_E4_N4,2018,EAP-d85b0f0821f9,1.0,128,e001-terrain-v1,pass,E001S-f3c9c6193fcc,5d2fd6017ecad9caf97500829fbef50c77c4b7e5da14145f2b2a88347256c8df,train,train
E001B-643730072a11,unlabelled_background,E001G-929d50b8dd90,,BNG_100KM_E4_N4,2018,EAP-d85b0f0821f9,1.0,128,e001-terrain-v1,pass,E001S-7b29a75729a4,d19d17c78b86f43aa07e6350a1286045bba9c23cde3b00886521765a4b7ec293,train,train
E001B-0b2196a20745,unlabelled_background,E001G-76549943f699,,BNG_100KM_E4_N2,2021,EAP-71ad6a50942e,1.0,128,e001-terrain-v1,pass,E001S-eba8011b2de9,d2b68a353677d1085c680b3e0974a0d27a603538e9fb2f8dc81d3f4d9e8d3fb2,train,train
E001B-ba3a88ace57a,unlabelled_background,E001G-b6f3c9ee7d3d,,BNG_100KM_E4_N0,2018,EAP-d85b0f0821f9,1.0,128,e001-terrain-v1,pass,E001S-a2643ebfb91c,59164ae0be5d8b3ca1ceb196620e28d1e6d04410e88776dcc4361ff661e6e34c,train,train
E001B-d0e1e1e56e46,unlabelled_background,E001G-2abe3fef15d3,,BNG_100KM_E2_N0,2021,EAP-71ad6a50942e,1.0,128,e001-terrain-v1,pass,E001S-95779590f453,f91ecca87ada60f867dade023d0762e2e922f30ce5729da394046c05517becb1,development,development
E001B-2d7221bb5eb4,unlabelled_background,E001G-45c20d9b9a5d,,BNG_100KM_E4_N5,2018,EAP-d85b0f0821f9,1.0,128,e001-terrain-v1,pass,E001S-c3a49799969e,a12a8210e7649866b8527c5efc928a55e2e43034f2d9299c864ef7ee57fd60fc,train,train
E001B-5fb48aeaf038,unlabelled_background,E001G-29705429c5f0,,BNG_100KM_E5_N4,2020,EAP-c590a5cb0139,1.0,128,e001-terrain-v1,pass,E001S-aec99532dcc9,abdacf6981611471839f9ed52fcc52f354e39575740e6fea5088f3581333e43c,train,final_test
E001B-e579096ff085,unlabelled_background,E001G-ee96a6833635,,BNG_100KM_E3_N5,2021,EAP-71ad6a50942e,1.0,128,e001-terrain-v1,pass,E001S-252ab3bdd8d8,ab93fe34df5ae2a11edb328a884a8c9da3508cd3914819acacaaab6e135066c0,train,train
E001B-3abcfce2741f,unlabelled_background,E001G-475edf6185eb,,BNG_100KM_E3_N2,2020,EAP-c590a5cb0139,1.0,128,e001-terrain-v1,pass,E001S-12e0bcc392a8,f4999e8354788f9faacad6766921fcf222d9a7c47bddeeba64aee401a882b127,train,final_test
E001B-7fe6225af74f,unlabelled_background,E001G-894bb050c9a3,,BNG_100KM_E4_N0,2021,EAP-71ad6a50942e,1.0,128,e001-terrain-v1,pass,E001S-3152a1fcd478,9369ecd855a51b38023645f4808ab8e51d6b82be387c82afc95adc1780e0c130,train,train
E001B-724014a48829,unlabelled_background,E001G-d26c18c2941a,,BNG_100KM_E2_N1,2021,EAP-71ad6a50942e,1.0,128,e001-terrain-v1,pass,E001S-9f210ea40033,096fb00c2c69e58749f75f4c612bd73a7902eea5722682f48c3a03fd3bc7f031,train,train
E001B-daf9d4dc10f1,unlabelled_background,E001G-6c3ba3545a5b,,BNG_100KM_E3_N0,2021,EAP-71ad6a50942e,1.0,128,e001-terrain-v1,pass,E001S-8ca1fd1136d2,a1d7c8f913a4305cc5f9e20c4e0b9986f0f5e3f1208893e101e5790c8b236d90,train,train
E001B-8d26e074dcc2,unlabelled_background,E001G-d4db32761647,,BNG_100KM_E5_N1,2019,EAP-d3a871d4f09e,1.0,128,e001-terrain-v1,pass,E001S-50fa81cfbec0,5bfcbe977a9547dd45867983e0ee5e712559d5c892312d8d7bc5ce5f812d3151,train,train
E001B-c7b76ad8a4a0,unlabelled_background,E001G-46ccdc698e45,,BNG_100KM_E5_N2,2019,EAP-d3a871d4f09e,1.0,128,e001-terrain-v1,pass,E001S-ac712f7908b2,ed75b3a62ad612b0a4ab7fcd393e044e9683e43f0a30e3fca6a6842673b82188,train,train
E001B-4da5ca0c3c42,unlabelled_background,E001G-2dc1523477e4,,BNG_100KM_E2_N1,2021,EAP-71ad6a50942e,1.0,128,e001-terrain-v1,pass,E001S-0632b026f9f0,bd04d4718c4313e7a0c15a123ba7f29c42a228deb9100c21963fed819efe4a5a,train,train
E001B-3b0de3a8f7bd,unlabelled_background,E001G-42111c3d3f24,,BNG_100KM_E2_N0,2021,EAP-71ad6a50942e,1.0,128,e001-terrain-v1,pass,E001S-8c24fb9be8d9,b6ba6c4df8072043926238afd5120b4ea2aa608aada760ca08893e03d6328eaf,train,development
E001B-6ecb37c0a4b5,unlabelled_background,E001G-fee62827e310,,BNG_100KM_E3_N3,2021,EAP-71ad6a50942e,1.0,128,e001-terrain-v1,pass,E001S-54e30674627c,c9762bd7e6e046e5c98d25913b3727fb8de068633603c5387520f3d28220d9dc,train,train
E001B-fb97096ec700,unlabelled_background,E001G-77b09e448520,,BNG_100KM_E3_N0,2021,EAP-71ad6a50942e,1.0,128,e001-terrain-v1,pass,E001S-a06077beb0c1,e94bbf0d400b4078beab18134e7755b8e6449e18a69ec7b8b5fac9547e0df738,train,train
E001B-c4e8bd4dbcc8,unlabelled_background,E001G-5e86adacdf4c,,BNG_100KM_E3_N5,2020,EAP-c590a5cb0139,1.0,128,e001-terrain-v1,pass,E001S-c39311fdff79,a74b645e55106e6484da46d0e078809581dd8eb03db7f3d216cd0627de6f2e3c,train,train
E001B-86909083179f,unlabelled_background,E001G-798eba2953ad,,BNG_100KM_E3_N1,2019,EAP-d3a871d4f09e,1.0,128,e001-terrain-v1,pass,E001S-5d770cc30fac,ecc2f5f583c0a5ca8ee961169a063ee76af6bc581f721002f152b989239d0b15,train,train
E001B-2234323973e0,unlabelled_background,E001G-e930aaa16f2e,E001O-9a72378c429b,BNG_100KM_E3_N4,2020,EAP-c590a5cb0139,1.0,128,e001-terrain-v1,pass,E001S-3c8d65cf9d6d,cdeb81f706219a386ed79bdee535d216c08cf95a3e74cdd950524243565823bc,final_test,train
E001B-6136cb81da7f,unlabelled_background,E001G-b3a730261346,,BNG_100KM_E5_N2,2019,EAP-d3a871d4f09e,1.0,128,e001-terrain-v1,pass,E001S-7d45c332555f,8dc7035f63c61916c5ddac3cc2dcaa9bf1d75ab59bf60dd97c1e7d69af5e9ce1,train,train
E001B-793b8a5ebd30,unlabelled_background,E001G-3d8ed3f59a03,,BNG_100KM_E4_N2,2020,EAP-c590a5cb0139,1.0,128,e001-terrain-v1,pass,E001S-082640b191c3,776f00c32cac4dd79ec33ad6df7ae5e7bef11f47aa77ec4083fc9dc1ea9a2371,train,train
E001B-7d594cff0f2d,unlabelled_background,E001G-f0c7930d6878,,BNG_100KM_E4_N1,2017,EAP-8e32eccbc87e,1.0,128,e001-terrain-v1,pass,E001S-c1dc8b22c664,552c01ce29ecabf6e9a20549ff6f7c0f5d8a8c822b28bec53ff6da612ce9f254,final_test,train
E001B-30edb082a6f8,unlabelled_background,E001G-0bc5a9b120de,,BNG_100KM_E3_N0,2021,EAP-71ad6a50942e,1.0,128,e001-terrain-v1,pass,E001S-f1d2fd4974e7,bee38f973dc554f236edc72d89e2afcb185a35605db2b55a3b492d3b301d8820,train,train
E001B-5c88185b1d30,unlabelled_background,E001G-e930aaa16f2e,E001O-9a72378c429b,BNG_100KM_E3_N4,2020,EAP-c590a5cb0139,1.0,128,e001-terrain-v1,pass,E001S-9ae1553d9c06,33aa1e42274394518ed124a28ce98286eab833bd5fe98897190ba9362e55c214,final_test,train
E001B-ed62ea9fecbe,unlabelled_background,E001G-b872140bb73f,,BNG_100KM_E1_N0,2020,EAP-c590a5cb0139,1.0,128,e001-terrain-v1,pass,E001S-607be45653ea,aa1fecbf4ec04711f742efa2907b7d6403929f2bdae3cf3871fb510e80e4ecb9,final_test,train
E001B-b8c4d9cd2d90,unlabelled_background,E001G-7b40bcd05d2c,,BNG_100KM_E5_N3,2019,EAP-d3a871d4f09e,1.0,128,e001-terrain-v1,pass,E001S-9ef248efdeed,c12c5866f0ea48887b763e84383c593a523c97ad54754e680ae17d5d43adef32,train,train
E001B-b1da9d3b945e,unlabelled_background,E001G-a4964c1ba0ec,,BNG_100KM_E3_N5,2018,EAP-d85b0f0821f9,1.0,128,e001-terrain-v1,pass,E001S-63a47f50f0fa,74bc621e60d0aafa6e2ad9b5f208155b6daa63110d01e67db91aaf8d442f4e53,final_test,train
E001B-ba22b4d2b1f1,unlabelled_background,E001G-ce210b311f02,,BNG_100KM_E5_N2,2018,EAP-d85b0f0821f9,1.0,128,e001-terrain-v1,pass,E001S-4fac8ccf0e67,baae5ac87086860a250cfae41361af7319c13b992a1a1350d8eb19c89e6256c9,train,train
E001B-d633cb3aafba,unlabelled_background,E001G-cecc60c63348,,BNG_100KM_E5_N4,2018,EAP-d85b0f0821f9,1.0,128,e001-terrain-v1,pass,E001S-ecbe009f87db,746b8bd084312290a1fe79f512b172c6e100e063c493055748fb03d2800a2ae0,train,final_test
E001B-b0c89f53e598,unlabelled_background,E001G-00a696f67c98,,BNG_100KM_E3_N5,2021,EAP-71ad6a50942e,1.0,128,e001-terrain-v1,pass,E001S-4b9af452a3e0,ac0ed0c0744ce04e2bef527e43844f8d5301cbecb013ddb0e82da4dd0c300b3c,final_test,train
E001B-8b8cdc12ae6f,unlabelled_background,E001G-fd7fe9b48888,,BNG_100KM_E5_N4,2018,EAP-d85b0f0821f9,1.0,128,e001-terrain-v1,pass,E001S-bb987891ad02,d84ec25d07cbdcc4576a8ac85a4bbf895323e255bf456807c46553bd47ba689d,train,final_test
E001B-b97fa2521f87,unlabelled_background,E001G-9b3cef34d7aa,,BNG_100KM_E3_N1,2018,EAP-d85b0f0821f9,1.0,128,e001-terrain-v1,pass,E001S-2475d86c3b25,b0852e3732ee5576d6a7d536db9fc85416d99a7ba524f16006e97555158b67af,final_test,train
E001B-5356dd9a27a8,unlabelled_background,E001G-691a42c4dc75,,BNG_100KM_E6_N2,2018,EAP-d85b0f0821f9,1.0,128,e001-terrain-v1,pass,E001S-e0ea1a551618,be9684adff384f8f1952b9ec7be9edd662c596014eb8d983828ce05ff197da45,train,train
E001B-533d17375079,unlabelled_background,E001G-f6167c7f2718,,BNG_100KM_E4_N2,2020,EAP-c590a5cb0139,1.0,128,e001-terrain-v1,pass,E001S-b57dc286e4ec,fc91d6b1ed4fa754332c5edcf15ea80107cfe0d5d035d939c6ab357bb3208136,development,train
E001B-f74eb9454530,unlabelled_background,E001G-08bf9f6fbbe8,,BNG_100KM_E2_N0,2021,EAP-71ad6a50942e,1.0,128,e001-terrain-v1,pass,E001S-d1b45a0c31fa,1139b69d2e3cabb986599f8bade8d654f7b4834019098610b3f8ac40c731faa6,train,development
E001B-5846f5b600bf,unlabelled_background,E001G-7a407b78d0b9,,BNG_100KM_E3_N0,2021,EAP-71ad6a50942e,1.0,128,e001-terrain-v1,pass,E001S-cd74f46b707a,499274c4f9088017b5c5f0a1bb458dedb389aabcb4cc4e42bd0e7754782155fc,train,train
E001B-e88257d8ad87,unlabelled_background,E001G-f4e52a5d1046,,BNG_100KM_E4_N2,2020,EAP-c590a5cb0139,1.0,128,e001-terrain-v1,pass,E001S-86b41ddda75e,78e70bb5e0ff5ed19882c44cf0e979a2e78982a83bc3b00b13345e25bd61cf29,train,train
E001B-d73e1b99e479,unlabelled_background,E001G-3406a8e2e0dd,,BNG_100KM_E3_N4,2020,EAP-c590a5cb0139,1.0,128,e001-terrain-v1,pass,E001S-44cc3a201295,e82797b7d332f71322cebe397238e424ca16e6840256414b0b476a36f6d20ea0,train,train
E001B-0c45a133ae7e,unlabelled_background,E001G-14e6965f4cb2,,BNG_100KM_E3_N5,2021,EAP-71ad6a50942e,1.0,128,e001-terrain-v1,pass,E001S-23dff0442f59,01e26901a9c8ea59d8eb511ba0f8251d1a693907c2ff7c95d3a7c39204ea1be6,train,train
E001B-b7ac628700fe,unlabelled_background,E001G-0f19be53b917,,BNG_100KM_E5_N4,2020,EAP-c590a5cb0139,1.0,128,e001-terrain-v1,pass,E001S-0bba758d724b,d34fb0983ba1316716346bdc866bab556bb0d8436149791f4cdfacd293e71e8e,train,final_test
E001B-57f908c4779f,unlabelled_background,E001G-ffa904bf1e19,,BNG_100KM_E3_N2,2020,EAP-c590a5cb0139,1.0,128,e001-terrain-v1,pass,E001S-9d98da035fcc,d54df0ff3e0abee96f43751b3e9c40eed0ba971d593f7fa0f61898a154ed3bec,train,final_test
E001B-ff1e5b957923,unlabelled_background,E001G-af996ac503ae,,BNG_100KM_E5_N2,2018,EAP-d85b0f0821f9,1.0,128,e001-terrain-v1,pass,E001S-9dc74069289a,95fe87bd4378fd36ee54ba4fc42b8ce8c3663a109b99861951447832a5bde628,train,train
E001B-9c739fc2e0e0,unlabelled_background,E001G-8d9b7807ff6b,,BNG_100KM_E2_N1,2021,EAP-71ad6a50942e,1.0,128,e001-terrain-v1,pass,E001S-1e6789654bc8,f90d5acf11b1950030a6c194cd8d1518086348b56359b460219f207a312280c3,train,train
E001B-4a2842417b07,unlabelled_background,E001G-5bbdbf30903d,,BNG_100KM_E2_N1,2022,EAP-a800a13742ee,1.0,128,e001-terrain-v1,pass,E001S-de6a588437f9,fe78d4b6cc12bb455f894a7cbca04ce828cc6f4f4661991bb105e1e3652e3308,train,train
E001B-f1c919c40a13,unlabelled_background,E001G-55628dcca714,,BNG_100KM_E1_N0,2020,EAP-c590a5cb0139,1.0,128,e001-terrain-v1,pass,E001S-6b210ec29267,10d8eb655f4d3bf6ead074fe72825dad207e71c9b334d6e81851e9622705afe3,train,train
E001B-eea0768c0a7b,unlabelled_background,E001G-5d50a131e6dd,,BNG_100KM_E5_N4,2018,EAP-d85b0f0821f9,1.0,128,e001-terrain-v1,pass,E001S-7f6712cf816b,b17adb80ed430cec391b3410d0a7aed409ac67def33d5167ee6c90cec57cf75e,train,final_test
E001B-24226f35ed6f,unlabelled_background,E001G-b51e4e22fade,,BNG_100KM_E2_N1,2022,EAP-a800a13742ee,1.0,128,e001-terrain-v1,pass,E001S-6c1adce22787,566a4ca6ae11581dcd7d50f55a5c1ecde0f86616e1408ff1164c1c6e01a29f22,train,train
E001B-41617b8aee82,unlabelled_background,E001G-537394d87b42,,BNG_100KM_E3_N2,2019,EAP-d3a871d4f09e,1.0,128,e001-terrain-v1,pass,E001S-6c3268b6a2f5,0ba6ca13dfd0d472abf9a851cd0017ef55f805b1da21ab32692f4756c98d99f8,train,final_test
E001B-0d551354f4c3,unlabelled_background,E001G-255c7bb74d69,,BNG_100KM_E6_N3,2017,EAP-8e32eccbc87e,1.0,128,e001-terrain-v1,pass,E001S-68cff037d039,31ea2590cbcabe4306692caed7b1c99f4c2e0daf9ca597bd0e0deee74c5992b4,train,train
E001B-97f794310e9b,unlabelled_background,E001G-2215e5402313,,BNG_100KM_E4_N2,2020,EAP-c590a5cb0139,1.0,128,e001-terrain-v1,pass,E001S-a82976a4f94c,600a8134aa5b3d0f31c2e5a214a1fcf5f7561062f1c0f9b5d978ab7704b03226,train,train
E001B-f8a2591f6e0d,unlabelled_background,E001G-0bac9c835b37,,BNG_100KM_E3_N0,2021,EAP-71ad6a50942e,1.0,128,e001-terrain-v1,pass,E001S-7463ef1beb54,8ae65b688cd6667377909733bfdb7b0ecf7dca59b97ea9c013500bf4e5026dfc,train,train
E001B-8c21510ab9f0,unlabelled_background,E001G-bb9b71b424d7,,BNG_100KM_E5_N4,2020,EAP-c590a5cb0139,1.0,128,e001-terrain-v1,pass,E001S-7280a4d38856,68bf015db6e239b12614a2925387da9fe66b8e42b65fa25908fe34b98303e423,train,final_test
E001B-1feee4aafaa3,unlabelled_background,E001G-cb1c4854b5e7,,BNG_100KM_E5_N1,2019,EAP-d3a871d4f09e,1.0,128,e001-terrain-v1,pass,E001S-2f9b7184dd6c,249efb86b88e46b7aa1d10cca63895cda5aa9cab2d75482aaba164e58f62230d,development,train
E001B-95af0fbc78ae,unlabelled_background,E001G-4a2813850933,,BNG_100KM_E2_N1,2021,EAP-71ad6a50942e,1.0,128,e001-terrain-v1,pass,E001S-8d6fe3728b7d,7903f7b1a073ff93bd9efe44bf4479f961d207a981c74895746d1982ba2f466d,train,train
E001B-e444fc0d2f21,unlabelled_background,E001G-f40af4840c91,,BNG_100KM_E2_N1,2020,EAP-c590a5cb0139,1.0,128,e001-terrain-v1,pass,E001S-e9bc5efd09a5,8cf91a678004ebf1db076c1ffdc4cb2c136b2767d452aaa1c4b2489ba91ddaf9,final_test,train
E001B-bdf252017e91,unlabelled_background,E001G-7e6f6e41ad9c,,BNG_100KM_E4_N1,2020,EAP-c590a5cb0139,1.0,128,e001-terrain-v1,pass,E001S-c97641894cbc,e64eccc47224eb6a7a339b7b01fdcb91c039128c9e9ed7e7632671704ba91488,train,train
E001B-1dd7de880a84,unlabelled_background,E001G-ac3baa62d537,,BNG_100KM_E4_N1,2021,EAP-71ad6a50942e,1.0,128,e001-terrain-v1,pass,E001S-8560a7e68dfb,96efe9d30ced4ce38606bb42dad89b86d154c07602110213df501f3db176fbd9,train,train
E001B-e3a276bcbec8,unlabelled_background,E001G-d480a4f5d11c,,BNG_100KM_E5_N1,2019,EAP-d3a871d4f09e,1.0,128,e001-terrain-v1,pass,E001S-b6ddec4a400d,2458a56997dcee6333990ef253530ea115fd1862e10fc5d0270ea100e312a148,final_test,train
E001B-bf3f590f96bf,unlabelled_background,E001G-4900b71cce99,,BNG_100KM_E4_N5,2018,EAP-d85b0f0821f9,1.0,128,e001-terrain-v1,pass,E001S-5687219df532,12746ded34dd5099530c90e4b423dc00a0de248b10da2da21f61f424782bee27,final_test,train
E001B-0569e3687164,unlabelled_background,E001G-80d1d5b228dc,,BNG_100KM_E3_N1,2020,EAP-c590a5cb0139,1.0,128,e001-terrain-v1,pass,E001S-c79a5f1eeeaa,bba335d037f5f5927a10bb0dadc55f659fb720a68a9652b3ba66ce538d3ce9f0,train,train
E001B-9b178770fb25,unlabelled_background,E001G-b956741c2c7c,,BNG_100KM_E5_N1,2019,EAP-d3a871d4f09e,1.0,128,e001-terrain-v1,pass,E001S-86c8320cefae,92034262e72bb5801c1fd6969b13ccdae180c78bd308dc884ab1ffbea4f0b7b0,train,train
E001B-a89f3905674c,unlabelled_background,E001G-811748c43f63,E001O-bfb367ad9636,BNG_100KM_E5_N0,2019,EAP-d3a871d4f09e,1.0,128,e001-terrain-v1,pass,E001S-c7187c2ef4c7,29f791fe69e6d15f9f39f6700c8a415f3bdbbd375d83463ad79dc885c175e446,train,train
E001B-312ecf68497d,unlabelled_background,E001G-5877f20c3fee,,BNG_100KM_E2_N1,2021,EAP-71ad6a50942e,1.0,128,e001-terrain-v1,pass,E001S-a8265e110df0,387c6411eef40216acc4488aeb20d7779c8fecf25402b70183b28a2e48d5ecf8,train,train
E001B-3867236bf50a,unlabelled_background,E001G-fa86b5076070,,BNG_100KM_E3_N4,2018,EAP-d85b0f0821f9,1.0,128,e001-terrain-v1,pass,E001S-cfebf4467b28,0965ed90b4e6faa643bfe64ac3ef2138b282e285db8e9d5a91b87e828d10dea2,development,train
E001B-5802d1073675,unlabelled_background,E001G-313630f1a471,,BNG_100KM_E1_N0,2019,EAP-d3a871d4f09e,1.0,128,e001-terrain-v1,pass,E001S-9ee101d3a51f,aa7d48be0ea267a345b7dbd6dbf2c5ff973b2fdbad34657ac811892576b5d781,final_test,train
E001B-9071b5bd8f1d,unlabelled_background,E001G-ef1b05cdeb42,,BNG_100KM_E4_N5,2018,EAP-d85b0f0821f9,1.0,128,e001-terrain-v1,pass,E001S-f15550d936e2,8921c804fc2b15f1838b0b149ca1655526d4a0bf2dd9f32584397a022f681bf6,train,train
E001B-78fe0a69fb09,unlabelled_background,E001G-2765a8fcae55,,BNG_100KM_E5_N2,2018,EAP-d85b0f0821f9,1.0,128,e001-terrain-v1,pass,E001S-f98803b49619,bbd845ebcc1e9414421fb7190309ef427f0008f6d3d7b074c95dda61d3766c0d,train,train
E001B-1ff69d2f940b,unlabelled_background,E001G-f710e5fe5483,,BNG_100KM_E5_N1,2019,EAP-d3a871d4f09e,1.0,128,e001-terrain-v1,pass,E001S-ee906d9b046a,ade0a4ce9819383356814d99e8c961baacd096498ffb2954dc46e4b85e4d28db,train,train
E001B-dfbf34a6f7c4,unlabelled_background,E001G-a39ea43c2679,,BNG_100KM_E3_N3,2020,EAP-c590a5cb0139,1.0,128,e001-terrain-v1,pass,E001S-219534a2651c,3de187b386f041a5e1eb1f48d026bcbc0e03fcc91d8a1ed4d49a35b77211f766,train,train
E001B-263524be3473,unlabelled_background,E001G-fb39246bb3b8,,BNG_100KM_E4_N0,2021,EAP-71ad6a50942e,1.0,128,e001-terrain-v1,pass,E001S-0293d9bf88d0,c942bce2b5c04a0b2c4c971c4fe343f929e7ccc3ce4016076ba017b6bf96f253,train,train
E001B-104942d59447,unlabelled_background,E001G-882145fc2ae5,,BNG_100KM_E5_N3,2017,EAP-8e32eccbc87e,1.0,128,e001-terrain-v1,pass,E001S-fc2128e422d0,f31c050136e478122e9964bd70c66d79edda629c7e595f28b7d08d48a590a5e7,train,train
E001B-61e797ac0681,unlabelled_background,E001G-b4b90fa10db2,,BNG_100KM_E4_N4,2018,EAP-d85b0f0821f9,1.0,128,e001-terrain-v1,pass,E001S-48876ac2a70c,485be79ac47da1f259f1f20d0572b3565474f7497f742fdd7d78f5c85385531b,train,train
E001B-188ca46fde73,unlabelled_background,E001G-748e92ae4832,,BNG_100KM_E5_N1,2021,EAP-71ad6a50942e,1.0,128,e001-terrain-v1,pass,E001S-324ef90e4b7a,614231c932de0ec0b63e73b9444ebb80afd06274743725acea2141dcc531d27d,train,train
E001B-c62016e2f029,unlabelled_background,E001G-71c975f5c4c4,,BNG_100KM_E1_N0,2019,EAP-d3a871d4f09e,1.0,128,e001-terrain-v1,pass,E001S-0729949bf085,aaadedec027900a4cf0ecfef669699a42e54c304e6d881f1cac12d1ccbd3fdf3,development,train
E001B-34401608dc52,unlabelled_background,E001G-98fc7d187add,,BNG_100KM_E1_N0,2021,EAP-71ad6a50942e,1.0,128,e001-terrain-v1,pass,E001S-69a2d4352e7b,ad7336408beb2d055f1192d2a0904a2c3bac581e07ab6d589cd599bb20c0b45e,development,train
E001B-3aa0f9079dd9,unlabelled_background,E001G-78578e404c1c,,BNG_100KM_E4_N1,2020,EAP-c590a5cb0139,1.0,128,e001-terrain-v1,pass,E001S-2fd5ba7dd51c,72963072014e67c81e76c47cf3971a4aae5ebc801d0e09ae57d68c06830619d5,train,train
E001B-ea50f2b27326,unlabelled_background,E001G-db68efa25410,,BNG_100KM_E3_N2,2020,EAP-c590a5cb0139,1.0,128,e001-terrain-v1,pass,E001S-75444ac414ef,10b4d10f998c8175b9dcc3a9322abbb38e0167ca8806d5ef7840de3665b8488a,final_test,final_test
E001B-af4eb9bd5ce1,unlabelled_background,E001G-07aca52a4f92,,BNG_100KM_E4_N0,2021,EAP-71ad6a50942e,1.0,128,e001-terrain-v1,pass,E001S-3470f3c83314,7d6d1894a59c67dbe0e4bdc4d022956fc8c9469f336fcf0819695b29aab8e61e,train,train
E001B-3996c8e88069,unlabelled_background,E001G-21152936ff9f,,BNG_100KM_E3_N3,2021,EAP-71ad6a50942e,1.0,128,e001-terrain-v1,pass,E001S-e917f0daf845,3ac8be87db3f21b276c8e4be154919acba45d83a9ee09aec2e81af9870241ee1,train,train
E001B-00c00a6841b3,unlabelled_background,E001G-ca719b591f83,E001O-0157ec1605ec,BNG_100KM_E3_N4,2022,EAP-a800a13742ee,1.0,128,e001-terrain-v1,pass,E001S-b2ff7a6785e0,985728b72b20053686220f63c03b3bcf55bd66175676d5f50161b313c01882f1,train,train
E001B-ec7f4169eccb,unlabelled_background,E001G-490e2800352b,,BNG_100KM_E5_N4,2020,EAP-c590a5cb0139,1.0,128,e001-terrain-v1,pass,E001S-044db6466bb9,0d2bc7718e8800ef1855a4c8e54efe6701528c3421122f77ee16f753a5b2bab8,train,final_test
E001B-24e488634157,unlabelled_background,E001G-1b0e46349426,,BNG_100KM_E3_N5,2021,EAP-71ad6a50942e,1.0,128,e001-terrain-v1,pass,E001S-c5202855ebc3,85e3e205685a37e4bb89cf666bee9e76ac2e24f82693f1839b55ca17faf562d5,final_test,train
E001B-09b9b4d7e27c,unlabelled_background,E001G-f56ffa4fedf9,,BNG_100KM_E5_N1,2021,EAP-71ad6a50942e,1.0,128,e001-terrain-v1,pass,E001S-33e90e0e11f8,bcecfe7c25a71dd33603e57c69d36273d63de523bc1a866104e3c51c88c3392e,train,train
E001B-0463b2488992,unlabelled_background,E001G-67e160c39311,,BNG_100KM_E5_N4,2020,EAP-c590a5cb0139,1.0,128,e001-terrain-v1,pass,E001S-57b7e9eeddd3,bba14b64e6b124313a98961bf9393798ceb934d0fc0590e12ad2329252d3baa6,train,final_test
E001B-aed5e685fb73,unlabelled_background,E001G-8a4202538cad,,BNG_100KM_E4_N2,2019,EAP-d3a871d4f09e,1.0,128,e001-terrain-v1,pass,E001S-2e24bad24a3c,fc359bc5da5b6007d04516db5e48bf0dd93f370718d0e8bb368638e8d91c63ca,train,train
E001B-852d0e403333,unlabelled_background,E001G-44e8866b1e5a,,BNG_100KM_E5_N3,2018,EAP-d85b0f0821f9,1.0,128,e001-terrain-v1,pass,E001S-1094fef1b2f1,7977ebd23078aeab6faa04fae7ace6d975c07a8b2beb9846240b6e54e5116278,train,train
E001B-2deb25d20699,unlabelled_background,E001G-0ebccb2504e4,,BNG_100KM_E4_N2,2020,EAP-c590a5cb0139,1.0,128,e001-terrain-v1,pass,E001S-ce5132b44aaf,5e5271693746e1ffb1fd2aaaada8cf2531e662534e089af0e680007e8d96f403,train,train
E001B-6d646fbe97bd,unlabelled_background,E001G-85e55d9c3a05,,BNG_100KM_E4_N1,2017,EAP-8e32eccbc87e,1.0,128,e001-terrain-v1,pass,E001S-7ab53e837ea2,a82a04559f6c83e2e34b175d9e6f0ef58e55ec396b43c59bd57fb3164c1389cc,train,train
E001B-591f5b01ca98,unlabelled_background,E001G-b3c9aa1d1999,,BNG_100KM_E3_N3,2020,EAP-c590a5cb0139,1.0,128,e001-terrain-v1,pass,E001S-fba89771c1e6,1546cea90a26f2ee96480432ec32b3627affc6b6e81014a2f3a51829f79da205,train,train
E001B-55e9ffd93f58,unlabelled_background,E001G-9c4791bd994f,,BNG_100KM_E4_N1,2019,EAP-d3a871d4f09e,1.0,128,e001-terrain-v1,pass,E001S-2013d7073fae,b3f067e041183897138e4d9ceb01ee73f106c68302bd3e1da79682a769521a03,train,train
E001B-b4bcf33a5d44,unlabelled_background,E001G-a2f1f531a247,E001O-45e9ba342c62,BNG_100KM_E6_N2,2018,EAP-d85b0f0821f9,1.0,128,e001-terrain-v1,pass,E001S-5c2ca20fb45a,d32f5c75bd2483f022b84e360b749c63cb306dd96d00a3d5ad9d18232a444423,train,train
E001B-d7035afbfeb3,unlabelled_background,E001G-61d3494a300b,,BNG_100KM_E1_N0,2019,EAP-d3a871d4f09e,1.0,128,e001-terrain-v1,pass,E001S-10cebf86e963,980a7c6b55daab44fcd02c25de065c25a01f42d3b96f74bb0d5f7e58a29b22bb,train,train
E001B-781e4612fb01,unlabelled_background,E001G-be253042432e,,BNG_100KM_E3_N5,2021,EAP-71ad6a50942e,1.0,128,e001-terrain-v1,pass,E001S-8f7acc5c5ea1,5ae110140a3973cfcb8af8a785836633e9cbb5248cc8da9ce82d4053c33845c5,train,train
E001B-9d6d8fcef18f,unlabelled_background,E001G-5488436c03fc,,BNG_100KM_E3_N1,2019,EAP-d3a871d4f09e,1.0,128,e001-terrain-v1,pass,E001S-6d2bdc2653d2,351fbb3f1ce5106e61e5064cd005869b937b25a1663ddcf206c4b16e2dddd9a4,train,train
E001B-20a2e36c3a13,unlabelled_background,E001G-a094439c6daa,,BNG_100KM_E5_N4,2018,EAP-d85b0f0821f9,1.0,128,e001-terrain-v1,pass,E001S-8a2b1ae950ad,30df32fcfc802d656d74a627728763435153f0bc44d35c13d4214ffba749b998,final_test,final_test
E001B-542623758471,unlabelled_background,E001G-9346405b13d5,,BNG_100KM_E3_N2,2020,EAP-c590a5cb0139,1.0,128,e001-terrain-v1,pass,E001S-8986f680e6b5,690859d5006e67130270e8374a139b27c46bc9bb6b23b819b8968f842169340f,final_test,final_test
E001B-c4f7363e7029,unlabelled_background,E001G-d0f64c0bc53a,,BNG_100KM_E6_N1,2018,EAP-d85b0f0821f9,1.0,128,e001-terrain-v1,pass,E001S-ff1f9cf23498,f6fc1d840aacc6a901405f272c890f0b7cde4f785e9e13563fc950af88f977a3,train,train
E001B-b1c455ea6125,unlabelled_background,E001G-ca426170ce42,,BNG_100KM_E4_N0,2018,EAP-d85b0f0821f9,1.0,128,e001-terrain-v1,pass,E001S-c53d7f0a47d8,60ac209af5d032f0a1787187f7c1bc53c107de84da5e1b6f727e468cb6e01cf2,train,train
E001B-105f73388fb3,unlabelled_background,E001G-ec3f9b58664d,,BNG_100KM_E2_N1,2022,EAP-a800a13742ee,1.0,128,e001-terrain-v1,pass,E001S-5e520b2b549d,44ebd9c1366e9b7c9c4fa64224aaf21f249199b5fc2e1d03da4210dbe4904904,train,train
E001B-3a229568f372,unlabelled_background,E001G-45e97e073b6d,,BNG_100KM_E2_N1,2022,EAP-a800a13742ee,1.0,128,e001-terrain-v1,pass,E001S-662cbd366044,4759953d476acb17d6a98a70acfd86ebb7ae9f142e94e44b5377d532a1c9a9e0,train,train
E001B-3629c8adf8e6,unlabelled_background,E001G-4a425eb7d4c9,,BNG_100KM_E6_N2,2020,EAP-c590a5cb0139,1.0,128,e001-terrain-v1,pass,E001S-a251b17ab788,ac96511cd1122fdbee403a17e69f9a82d62a3fe9b5107a6af9639d26d007fc53,train,train
E001B-df43aff84564,unlabelled_background,E001G-4cb3215807c5,,BNG_100KM_E5_N1,2018,EAP-d85b0f0821f9,1.0,128,e001-terrain-v1,pass,E001S-376cc5de4406,b58fcd573fc806e49e4ddfe5c99eddcb56acab286396db15b403c5c97b4e7380,train,train
E001B-d69334704c47,unlabelled_background,E001G-35ac9464bddb,,BNG_100KM_E3_N0,2021,EAP-71ad6a50942e,1.0,128,e001-terrain-v1,pass,E001S-124c4a0b46e2,5fa362e1e4cc2c5b911301e8252850a6b00a6a1e88efdea3f511494317a4c303,development,train
E001B-5caadb013589,unlabelled_background,E001G-2384e602d60a,,BNG_100KM_E3_N2,2020,EAP-c590a5cb0139,1.0,128,e001-terrain-v1,pass,E001S-10c237a97be9,6556e57624c67d59da98f83d31e86a83474e6c37a692fe08994354155c8f8137,train,final_test
E001B-4eb185d349c2,unlabelled_background,E001G-48cbf7fa0513,E001O-312cb30204a0,BNG_100KM_E4_N5,2018,EAP-d85b0f0821f9,1.0,128,e001-terrain-v1,pass,E001S-0bf5f4a72b17,0f5c2e4a37a78c85a5a455eb11e3aa2e45649f2205381834e857a377808ebb6d,development,train
E001B-b1774cb6123e,unlabelled_background,E001G-5bfc34cec829,,BNG_100KM_E4_N3,2020,EAP-c590a5cb0139,1.0,128,e001-terrain-v1,pass,E001S-36d5e7015135,e0dfe90ff58196e6e8c22ac0678ae1a4c2b5bb0e3801943697e770edd08391e1,train,train
E001B-35c8269c812b,unlabelled_background,E001G-3487254c3497,,BNG_100KM_E3_N3,2020,EAP-c590a5cb0139,1.0,128,e001-terrain-v1,pass,E001S-03030d245c9d,5ce5a41adc5f18ffc37c5ba734b18e5d2a78eb46f0c9d7d95526304b3a309841,train,train
E001B-468e36c10a13,unlabelled_background,E001G-56cfdf00c536,,BNG_100KM_E3_N1,2018,EAP-d85b0f0821f9,1.0,128,e001-terrain-v1,pass,E001S-915e1078d1f2,55297612159b56ed12cd2a425ac787e576f31cd56cec41b8224a97d75ac1b545,train,train
E001B-3ea6bdb82875,unlabelled_background,E001G-4dd1d735589e,E001O-68b0520bfa4a,BNG_100KM_E2_N0,2020,EAP-c590a5cb0139,1.0,128,e001-terrain-v1,pass,E001S-f83d0e7084d5,f276ad470473311acab9e2349ba977451fac061dbf26d640a49454f22c536236,train,development
E001B-f37e47c6d942,unlabelled_background,E001G-ac426b6b404d,,BNG_100KM_E5_N2,2018,EAP-d85b0f0821f9,1.0,128,e001-terrain-v1,pass,E001S-c6719e8a3ef4,73218c0d36026e51a2fb21b4bffd0f27afdad1654ace14899e7e8ba9bb78bca7,train,train
E001B-f79c8ea29ab0,unlabelled_background,E001G-fae889675651,,BNG_100KM_E3_N0,2021,EAP-71ad6a50942e,1.0,128,e001-terrain-v1,pass,E001S-fe49bb2721b6,762b3fe0b9917a8a711a5b925da33ae8f975317f2163ac1f3887126e5044e5b8,train,train
E001B-c8aaaf777b09,unlabelled_background,E001G-ffe2a77b5e13,,BNG_100KM_E6_N2,2018,EAP-d85b0f0821f9,1.0,128,e001-terrain-v1,pass,E001S-8ca331624bbc,9a0387b985a4d2062efc619786ba8b38669918bc1ebe35e22fbcc5798e95fa01,final_test,train
E001B-cd00010742ac,unlabelled_background,E001G-2d6b26834938,,BNG_100KM_E2_N0,2018,EAP-d85b0f0821f9,1.0,128,e001-terrain-v1,pass,E001S-d7ff16acffd3,fbb88489258fe6ea4b5fca23a1abe124f24b14022f25400e0f4184f502e0e42b,final_test,development
E001B-71d15181d353,unlabelled_background,E001G-57692245e43e,,BNG_100KM_E5_N2,2018,EAP-d85b0f0821f9,1.0,128,e001-terrain-v1,pass,E001S-a29343750eb6,9cf2b934946c5dae68af6c45b10670dc6a34c166ff825d3b53d9ef0dd5e44742,train,train
E001B-d5d02c50f3b6,unlabelled_background,E001G-68aad6314a82,,BNG_100KM_E6_N3,2017,EAP-8e32eccbc87e,1.0,128,e001-terrain-v1,pass,E001S-22e7308addb5,0b2fc4cf73b472525e28b1925f419eccaaff24f07e1cb2b2736f63cb084c0e14,train,train
E001B-bdf93281ee1b,unlabelled_background,E001G-c104168fe310,,BNG_100KM_E5_N3,2019,EAP-d3a871d4f09e,1.0,128,e001-terrain-v1,pass,E001S-84234cba4268,e0c50734c3f43dd091c38b086e461528b04ff9041531e2399807fa9afe3ed4f9,train,train
E001B-e29b5f50e5b0,unlabelled_background,E001G-1b99f60c8786,,BNG_100KM_E5_N1,2019,EAP-d3a871d4f09e,1.0,128,e001-terrain-v1,pass,E001S-e5be0e9bc7e6,6688bec8d03110296e66e4654ec50dd12b6defa9e018282756a0c6482544ba82,train,train
E001B-d0cca5d23e3c,unlabelled_background,E001G-20fd2d86df68,,BNG_100KM_E5_N4,2018,EAP-d85b0f0821f9,1.0,128,e001-terrain-v1,pass,E001S-2970302c0628,e491b85e538d5b18aa5e7d79b4150705f71cabd2c9f7d53ae380b5cc904e3c83,final_test,final_test
E001B-11994372abb9,unlabelled_background,E001G-c75ba2b6eb4b,,BNG_100KM_E4_N4,2018,EAP-d85b0f0821f9,1.0,128,e001-terrain-v1,pass,E001S-e01e48710d7f,eb2e54d6870d2f83863f55c43d0cfec5213137093b91f2d86902701a81c76e59,train,train
E001B-4fd741999678,unlabelled_background,E001G-48cbf7fa0513,E001O-312cb30204a0,BNG_100KM_E4_N5,2018,EAP-d85b0f0821f9,1.0,128,e001-terrain-v1,pass,E001S-ad80a0dc4169,cd6c2ad2ad6c10671fe019a42c52afcc2857aed391b6865696ed5b8081df67ee,development,train
E001B-40a6b020d095,unlabelled_background,E001G-d7a55cb5863a,E001O-0134257b26f3,BNG_100KM_E2_N0,2020,EAP-c590a5cb0139,1.0,128,e001-terrain-v1,pass,E001S-6760702a636f,fbb862cfcf78afc9e23b795899545e7b2847a105a264562933b8f989b8f264ee,train,development
