list_entry,review_status,bowl_barrow_identity,single_monument,upstanding_earthwork,geometry_qa,terrain_coverage,terrain_provenance,geographic_group_id,exclusion_reason,evidence_codes,reviewer_notes,review_date,source_access_date,source_last_edit_at,capture_scale,terrain_year,source_resolution_m,survey_program,second_review_required
1011284,accepted,yes,yes,yes,pass,pass,pass,BNG_100KM_E4_N5,,identity:explicit_bowl_barrow;monument:single_supported;relief:upstanding_supported,"Passed full-entry, geometry, coverage, and provenance gates.",2026-08-27,2026-08-27,2026-08-27T05:59:25.097000+00:00,1:10000,2018,1,National LIDAR Programme,false
1017917,needs_terrain_review,yes,yes,yes,pass,pass,needs_review,BNG_100KM_E6_N3,terrain_provenance_confounded,identity:explicit_bowl_barrow;monument:single_supported;relief:upstanding_supported,Terrain provenance requires review: terrain_provenance_confounded.,2026-08-27,2026-08-27,2026-08-27T05:59:25.097000+00:00,1:10000,UNAVAILABLE,UNAVAILABLE,UNAVAILABLE,true
1007788,accepted,yes,yes,yes,pass,pass,pass,BNG_100KM_E4_N0,,identity:explicit_bowl_barrow;monument:single_supported;relief:upstanding_supported,"Passed full-entry, geometry, coverage, and provenance gates.",2026-08-27,2026-08-27,2026-08-27T05:59:25.097000+00:00,1:10000,2021,1,National LIDAR Programme,false
1016281,accepted,yes,yes,yes,pass,pass,pass,BNG_100KM_E3_N0,,identity:explicit_bowl_barrow;monument:single_supported;relief:upstanding_supported,"Passed full-entry, geometry, coverage, and provenance gates.",2026-08-27,2026-08-27,2026-08-27T05:59:25.097000+00:00,1:10000,2021,1,National LIDAR Programme,false
1019247,accepted,yes,yes,yes,pass,pass,pass,BNG_100KM_E5_N0,,identity:explicit_bowl_barrow;monument:single_supported;relief:upstanding_supported,"Passed full-entry, geometry, coverage, and provenance gates.",2026-08-27,2026-08-27,2026-08-27T05:59:25.097000+00:00,1:10000,2019,1,National LIDAR Programme,false
1017964,accepted,yes,yes,yes,pass,pass,pass,BNG_100KM_E2_N0,,identity:explicit_bowl_barrow;monument:single_supported;relief:upstanding_supported,"Passed full-entry, geometry, coverage, and provenance gates.",2026-08-27,2026-08-27,2026-08-27T05:59:25.097000+00:00,1:10000,2021,1,National LIDAR Programme,false
1014684,accepted,yes,yes,yes,pass,pass,pass,BNG_100KM_E4_N2,,identity:explicit_bowl_barrow;monument:single_supported;relief:upstanding_supported,"Passed full-entry, geometry, coverage, and provenance gates.",2026-08-27,2026-08-27,2026-08-27T05:59:25.097000+00:00,1:10000,2021,1,National LIDAR Programme,false
1021307,accepted,yes,yes,yes,pass,pass,pass,BNG_100KM_E5_N3,,identity:explicit_bowl_barrow;monument:single_supported;relief:upstanding_supported,"Passed full-entry, geometry, coverage, and provenance gates.",2026-08-27,2026-08-27,2026-08-27T05:59:25.097000+00:00,1:10000,2020,1,National LIDAR Programme,false
1007342,accepted,yes,yes,yes,pass,pass,pass,BNG_100KM_E3_N2,,identity:explicit_bowl_barrow;monument:single_supported;relief:upstanding_supported,"Passed full-entry, geometry, coverage, and provenance gates.",2026-08-27,2026-08-27,2026-08-27T05:59:25.097000+00:00,1:10000,2020,1,National LIDAR Programme,false
1007624,accepted,yes,yes,yes,pass,pass,pass,BNG_100KM_E3_N3,,identity:explicit_bowl_barrow;monument:single_supported;relief:upstanding_supported,"Passed full-entry, geometry, coverage, and provenance gates.",2026-08-27,2026-08-27,2026-08-27T05:59:25.097000+00:00,1:10000,2020,1,National LIDAR Programme,true
1007604,accepted,yes,yes,yes,pass,pass,pass,BNG_100KM_E3_N5,,identity:explicit_bowl_barrow;monument:single_supported;relief:upstanding_supported,"Passed full-entry, geometry, coverage, and provenance gates.",2026-08-27,2026-08-27,2026-08-27T05:59:25.097000+00:00,1:10000,2021,1,National LIDAR Programme,false
1015120,accepted,yes,yes,yes,pass,pass,pass,BNG_100KM_E5_N1,,identity:explicit_bowl_barrow;monument:single_supported;relief:upstanding_supported,"Passed full-entry, geometry, coverage, and provenance gates.",2026-08-27,2026-08-27,2026-08-27T05:59:25.097000+00:00,1:10000,2019,1,National LIDAR Programme,false
1012334,accepted,yes,yes,yes,pass,pass,pass,BNG_100KM_E6_N1,,identity:explicit_bowl_barrow;monument:single_supported;relief:upstanding_supported,"Passed full-entry, geometry, coverage, and provenance gates.",2026-08-27,2026-08-27,2026-08-27T05:59:25.097000+00:00,1:10000,2018,1,National LIDAR Programme,false
1015790,accepted,yes,yes,yes,pass,pass,pass,BNG_100KM_E4_N1,,identity:explicit_bowl_barrow;monument:single_supported;relief:upstanding_supported,"Passed full-entry, geometry, coverage, and provenance gates.",2026-08-27,2026-08-27,2026-08-27T05:59:25.097000+00:00,1:10000,2017,1,National LIDAR Programme,false
1015259,accepted,yes,yes,yes,pass,pass,pass,BNG_100KM_E5_N2,,identity:explicit_bowl_barrow;monument:single_supported;relief:upstanding_supported,"Passed full-entry, geometry, coverage, and provenance gates.",2026-08-27,2026-08-27,2026-08-27T05:59:25.097000+00:00,1:10000,2018,1,National LIDAR Programme,false
1008908,accepted,yes,yes,yes,pass,pass,pass,BNG_100KM_E3_N4,,identity:explicit_bowl_barrow;monument:single_supported;relief:upstanding_supported,"Passed full-entry, geometry, coverage, and provenance gates.",2026-08-27,2026-08-27,2026-08-27T05:59:25.097000+00:00,1:10000,2018,1,National LIDAR Programme,false
1016212,rejected,yes,yes,no,not_reviewed,not_reviewed,not_reviewed,BNG_100KM_E2_N1,no_upstanding_relief,identity:explicit_bowl_barrow;monument:single_supported;relief:levelled,Details do not support surviving upstanding relief.,2026-08-27,2026-08-27,2026-08-27T05:59:25.097000+00:00,1:10000,UNAVAILABLE,UNAVAILABLE,UNAVAILABLE,false
1007738,accepted,yes,yes,yes,pass,pass,pass,BNG_100KM_E5_N4,,identity:explicit_bowl_barrow;monument:single_supported;relief:upstanding_supported,"Passed full-entry, geometry, coverage, and provenance gates.",2026-08-27,2026-08-27,2026-08-27T05:59:25.097000+00:00,1:10000,2018,1,National LIDAR Programme,false
1008060,accepted,yes,yes,yes,pass,pass,pass,BNG_100KM_E4_N3,,identity:explicit_bowl_barrow;monument:single_supported;relief:upstanding_supported,"Passed full-entry, geometry, coverage, and provenance gates.",2026-08-27,2026-08-27,2026-08-27T05:59:25.097000+00:00,1:10000,2020,1,National LIDAR Programme,false
1013707,needs_terrain_review,yes,yes,yes,pass,pass,needs_review,BNG_100KM_E4_N4,terrain_provenance_confounded,identity:explicit_bowl_barrow;monument:single_supported;relief:upstanding_supported,Terrain provenance requires review: terrain_provenance_confounded.,2026-08-27,2026-08-27,2026-08-27T05:59:25.097000+00:00,1:10000,UNAVAILABLE,UNAVAILABLE,UNAVAILABLE,false
1016107,accepted,yes,yes,yes,pass,pass,pass,BNG_100KM_E1_N0,,identity:explicit_bowl_barrow;monument:single_supported;relief:upstanding_supported,"Passed full-entry, geometry, coverage, and provenance gates.",2026-08-27,2026-08-27,2026-08-27T05:59:25.097000+00:00,1:10000,2019,1,National LIDAR Programme,false
1008509,accepted,yes,yes,yes,pass,pass,pass,BNG_100KM_E6_N2,,identity:explicit_bowl_barrow;monument:single_supported;relief:upstanding_supported,"Passed full-entry, geometry, coverage, and provenance gates.",2026-08-27,2026-08-27,2026-08-27T05:59:25.097000+00:00,1:10000,2018,1,National LIDAR Programme,false
1011521,accepted,yes,yes,yes,pass,pass,pass,BNG_100KM_E3_N1,,identity:explicit_bowl_barrow;monument:single_supported;relief:upstanding_supported,"Passed full-entry, geometry, coverage, and provenance gates.",2026-08-27,2026-08-27,2026-08-27T05:59:25.097000+00:00,1:10000,2019,1,National LIDAR Programme,false
1011833,accepted,yes,yes,yes,pass,pass,pass,BNG_100KM_E4_N5,,identity:explicit_bowl_barrow;monument:single_supported;relief:upstanding_supported,"Passed full-entry, geometry, coverage, and provenance gates.",2026-08-27,2026-08-27,2026-08-27T05:59:25.097000+00:00,1:10000,2018,1,National LIDAR Programme,false
1013563,accepted,yes,yes,yes,pass,pass,pass,BNG_100KM_E6_N3,,identity:explicit_bowl_barrow;monument:single_supported;relief:upstanding_supported,"Passed full-entry, geometry, coverage, and provenance gates.",2026-08-27,2026-08-27,2026-08-27T05:59:25.097000+00:00,1:10000,2017,1,National LIDAR Programme,false
1012990,accepted,yes,yes,yes,pass,pass,pass,BNG_100KM_E4_N0,,identity:explicit_bowl_barrow;monument:single_supported;relief:upstanding_supported,"Passed full-entry, geometry, coverage, and provenance gates.",2026-08-27,2026-08-27,2026-08-27T05:59:25.097000+00:00,1:10000,2018,1,National LIDAR Programme,true
1015894,uncertain,yes,yes,uncertain,not_reviewed,not_reviewed,not_reviewed,BNG_100KM_E3_N0,insufficient_evidence,identity:explicit_bowl_barrow;monument:single_supported;relief:insufficient_evidence,Surviving upstanding morphology is not explicit enough.,2026-08-27,2026-08-27,2026-08-27T05:59:25.097000+00:00,1:10000,UNAVAILABLE,UNAVAILABLE,UNAVAILABLE,false
1009105,needs_terrain_review,yes,yes,yes,pass,pass,needs_review,BNG_100KM_E5_N0,terrain_provenance_confounded,identity:explicit_bowl_barrow;monument:single_supported;relief:upstanding_supported,Terrain provenance requires review: terrain_provenance_confounded.,2026-08-27,2026-08-27,2026-08-27T05:59:25.097000+00:00,1:10000,UNAVAILABLE,UNAVAILABLE,UNAVAILABLE,false
1020068,accepted,yes,yes,yes,pass,pass,pass,BNG_100KM_E2_N0,,identity:explicit_bowl_barrow;monument:single_supported;relief:upstanding_supported,"Passed full-entry, geometry, coverage, and provenance gates.",2026-08-27,2026-08-27,2026-08-27T05:59:25.097000+00:00,1:10000,2021,1,National LIDAR Programme,false
1015592,accepted,yes,yes,yes,pass,pass,pass,BNG_100KM_E4_N2,,identity:explicit_bowl_barrow;monument:single_supported;relief:upstanding_supported,"Passed full-entry, geometry, coverage, and provenance gates.",2026-08-27,2026-08-27,2026-08-27T05:59:25.097000+00:00,1:10000,2020,1,National LIDAR Programme,false
1021316,accepted,yes,yes,yes,pass,pass,pass,BNG_100KM_E5_N3,,identity:explicit_bowl_barrow;monument:single_supported;relief:upstanding_supported,"Passed full-entry, geometry, coverage, and provenance gates.",2026-08-27,2026-08-27,2026-08-27T05:59:25.097000+00:00,1:10000,2019,1,National LIDAR Programme,false
1016665,accepted,yes,yes,yes,pass,pass,pass,BNG_100KM_E3_N2,,identity:explicit_bowl_barrow;monument:single_supported;relief:upstanding_supported,"Passed full-entry, geometry, coverage, and provenance gates.",2026-08-27,2026-08-27,2026-08-27T05:59:25.097000+00:00,1:10000,2020,1,National LIDAR Programme,false
1007396,accepted,yes,yes,yes,pass,pass,pass,BNG_100KM_E3_N3,,identity:explicit_bowl_barrow;monument:single_supported;relief:upstanding_supported,"Passed full-entry, geometry, coverage, and provenance gates.",2026-08-27,2026-08-27,2026-08-27T05:59:25.097000+00:00,1:10000,2020,1,National LIDAR Programme,false
1015864,needs_terrain_review,yes,yes,yes,pass,pass,needs_review,BNG_100KM_E3_N5,terrain_provenance_confounded,identity:explicit_bowl_barrow;monument:single_supported;relief:upstanding_supported,Terrain provenance requires review: terrain_provenance_confounded.,2026-08-27,2026-08-27,2026-08-27T05:59:25.097000+00:00,1:10000,UNAVAILABLE,UNAVAILABLE,UNAVAILABLE,false
1007877,accepted,yes,yes,yes,pass,pass,pass,BNG_100KM_E5_N1,,identity:explicit_bowl_barrow;monument:single_supported;relief:upstanding_supported,"Passed full-entry, geometry, coverage, and provenance gates.",2026-08-27,2026-08-27,2026-08-27T05:59:25.097000+00:00,1:10000,2021,1,National LIDAR Programme,false
1012269,rejected,no,uncertain,uncertain,not_reviewed,not_reviewed,not_reviewed,BNG_100KM_E6_N1,not_bowl_barrow,identity:not_explicit,Official entry does not explicitly support bowl-barrow identity.,2026-08-27,2026-08-27,2026-08-27T05:59:25.097000+00:00,1:10000,UNAVAILABLE,UNAVAILABLE,UNAVAILABLE,false
1017905,accepted,yes,yes,yes,pass,pass,pass,BNG_100KM_E4_N1,,identity:explicit_bowl_barrow;monument:single_supported;relief:upstanding_supported,"Passed full-entry, geometry, coverage, and provenance gates.",2026-08-27,2026-08-27,2026-08-27T05:59:25.097000+00:00,1:10000,2021,1,National LIDAR Programme,false
1008189,accepted,yes,yes,yes,pass,pass,pass,BNG_100KM_E5_N2,,identity:explicit_bowl_barrow;monument:single_supported;relief:upstanding_supported,"Passed full-entry, geometry, coverage, and provenance gates.",2026-08-27,2026-08-27,2026-08-27T05:59:25.097000+00:00,1:10000,2018,1,National LIDAR Programme,false
1008904,needs_terrain_review,yes,yes,yes,pass,pass,needs_review,BNG_100KM_E3_N4,terrain_provenance_confounded,identity:explicit_bowl_barrow;monument:single_supported;relief:upstanding_supported,Terrain provenance requires review: terrain_provenance_confounded.,2026-08-27,2026-08-27,2026-08-27T05:59:25.097000+00:00,1:10000,UNAVAILABLE,UNAVAILABLE,UNAVAILABLE,true
1016229,accepted,yes,yes,yes,pass,pass,pass,BNG_100KM_E2_N1,,identity:explicit_bowl_barrow;monument:single_supported;relief:upstanding_supported,"Passed full-entry, geometry, coverage, and provenance gates.",2026-08-27,2026-08-27,2026-08-27T05:59:25.097000+00:00,1:10000,2020,1,National LIDAR Programme,false
1007742,accepted,yes,yes,yes,pass,pass,pass,BNG_100KM_E5_N4,,identity:explicit_bowl_barrow;monument:single_supported;relief:upstanding_supported,"Passed full-entry, geometry, coverage, and provenance gates.",2026-08-27,2026-08-27,2026-08-27T05:59:25.097000+00:00,1:10000,2020,1,National LIDAR Programme,false
1012058,accepted,yes,yes,yes,pass,pass,pass,BNG_100KM_E4_N3,,identity:explicit_bowl_barrow;monument:single_supported;relief:upstanding_supported,"Passed full-entry, geometry, coverage, and provenance gates.",2026-08-27,2026-08-27,2026-08-27T05:59:25.097000+00:00,1:10000,2020,1,National LIDAR Programme,true
1012089,accepted,yes,yes,yes,pass,pass,pass,BNG_100KM_E4_N4,,identity:explicit_bowl_barrow;monument:single_supported;relief:upstanding_supported,"Passed full-entry, geometry, coverage, and provenance gates.",2026-08-27,2026-08-27,2026-08-27T05:59:25.097000+00:00,1:10000,2018,1,National LIDAR Programme,false
1016060,accepted,yes,yes,yes,pass,pass,pass,BNG_100KM_E1_N0,,identity:explicit_bowl_barrow;monument:single_supported;relief:upstanding_supported,"Passed full-entry, geometry, coverage, and provenance gates.",2026-08-27,2026-08-27,2026-08-27T05:59:25.097000+00:00,1:10000,2020,1,National LIDAR Programme,false
1008688,accepted,yes,yes,yes,pass,pass,pass,BNG_100KM_E6_N2,,identity:explicit_bowl_barrow;monument:single_supported;relief:upstanding_supported,"Passed full-entry, geometry, coverage, and provenance gates.",2026-08-27,2026-08-27,2026-08-27T05:59:25.097000+00:00,1:10000,2020,1,National LIDAR Programme,false
1014846,accepted,yes,yes,yes,pass,pass,pass,BNG_100KM_E3_N1,,identity:explicit_bowl_barrow;monument:single_supported;relief:upstanding_supported,"Passed full-entry, geometry, coverage, and provenance gates.",2026-08-27,2026-08-27,2026-08-27T05:59:25.097000+00:00,1:10000,2018,1,National LIDAR Programme,false
1011975,accepted,yes,yes,yes,pass,pass,pass,BNG_100KM_E4_N5,,identity:explicit_bowl_barrow;monument:single_supported;relief:upstanding_supported,"Passed full-entry, geometry, coverage, and provenance gates.",2026-08-27,2026-08-27,2026-08-27T05:59:25.097000+00:00,1:10000,2016,0.5,EA Composite source survey,false
1013585,accepted,yes,yes,yes,pass,pass,pass,BNG_100KM_E6_N3,,identity:explicit_bowl_barrow;monument:single_supported;relief:upstanding_supported,"Passed full-entry, geometry, coverage, and provenance gates.",2026-08-27,2026-08-27,2026-08-27T05:59:25.097000+00:00,1:10000,2017,1,National LIDAR Programme,false
1015375,uncertain,yes,yes,uncertain,not_reviewed,not_reviewed,not_reviewed,BNG_100KM_E4_N0,insufficient_evidence,identity:explicit_bowl_barrow;monument:single_supported;relief:insufficient_evidence,Surviving upstanding morphology is not explicit enough.,2026-08-27,2026-08-27,2026-08-27T05:59:25.097000+00:00,1:10000,UNAVAILABLE,UNAVAILABLE,UNAVAILABLE,false
1003226,accepted,yes,yes,yes,pass,pass,pass,BNG_100KM_E3_N0,,identity:explicit_bowl_barrow;monument:single_supported;relief:upstanding_supported,"Passed full-entry, geometry, coverage, and provenance gates.",2026-08-27,2026-08-27,2026-08-27T05:59:25.097000+00:00,1:10000,2021,1,National LIDAR Programme,false
1009078,accepted,yes,yes,yes,pass,pass,pass,BNG_100KM_E5_N0,,identity:explicit_bowl_barrow;monument:single_supported;relief:upstanding_supported,"Passed full-entry, geometry, coverage, and provenance gates.",2026-08-27,2026-08-27,2026-08-27T05:59:25.097000+00:00,1:10000,2019,1,National LIDAR Programme,false
1010636,accepted,yes,yes,yes,pass,pass,pass,BNG_100KM_E2_N0,,identity:explicit_bowl_barrow;monument:single_supported;relief:upstanding_supported,"Passed full-entry, geometry, coverage, and provenance gates.",2026-08-27,2026-08-27,2026-08-27T05:59:25.097000+00:00,1:10000,2020,1,National LIDAR Programme,false
1016837,accepted,yes,yes,yes,pass,pass,pass,BNG_100KM_E4_N2,,identity:explicit_bowl_barrow;monument:single_supported;relief:upstanding_supported,"Passed full-entry, geometry, coverage, and provenance gates.",2026-08-27,2026-08-27,2026-08-27T05:59:25.097000+00:00,1:10000,2020,1,National LIDAR Programme,false
1010557,accepted,yes,yes,yes,pass,pass,pass,BNG_100KM_E5_N3,,identity:explicit_bowl_barrow;monument:single_supported;relief:upstanding_supported,"Passed full-entry, geometry, coverage, and provenance gates.",2026-08-27,2026-08-27,2026-08-27T05:59:25.097000+00:00,1:10000,2018,1,National LIDAR Programme,false
1014540,accepted,yes,yes,yes,pass,pass,pass,BNG_100KM_E3_N2,,identity:explicit_bowl_barrow;monument:single_supported;relief:upstanding_supported,"Passed full-entry, geometry, coverage, and provenance gates.",2026-08-27,2026-08-27,2026-08-27T05:59:25.097000+00:00,1:10000,2020,1,National LIDAR Programme,false
1007400,accepted,yes,yes,yes,pass,pass,pass,BNG_100KM_E3_N3,,identity:explicit_bowl_barrow;monument:single_supported;relief:upstanding_supported,"Passed full-entry, geometry, coverage, and provenance gates.",2026-08-27,2026-08-27,2026-08-27T05:59:25.097000+00:00,1:10000,2020,1,National LIDAR Programme,false
1011517,accepted,yes,yes,yes,pass,pass,pass,BNG_100KM_E3_N5,,identity:explicit_bowl_barrow;monument:single_supported;relief:upstanding_supported,"Passed full-entry, geometry, coverage, and provenance gates.",2026-08-27,2026-08-27,2026-08-27T05:59:25.097000+00:00,1:10000,2021,1,National LIDAR Programme,false
1013146,accepted,yes,yes,yes,pass,pass,pass,BNG_100KM_E5_N1,,identity:explicit_bowl_barrow;monument:single_supported;relief:upstanding_supported,"Passed full-entry, geometry, coverage, and provenance gates.",2026-08-27,2026-08-27,2026-08-27T05:59:25.097000+00:00,1:10000,2019,1,National LIDAR Programme,false
1012335,needs_terrain_review,yes,yes,yes,pass,pass,needs_review,BNG_100KM_E6_N1,terrain_provenance_confounded,identity:explicit_bowl_barrow;monument:single_supported;relief:upstanding_supported,Terrain provenance requires review: terrain_provenance_confounded.,2026-08-27,2026-08-27,2026-08-27T05:59:25.097000+00:00,1:10000,UNAVAILABLE,UNAVAILABLE,UNAVAILABLE,false
1012977,accepted,yes,yes,yes,pass,pass,pass,BNG_100KM_E4_N1,,identity:explicit_bowl_barrow;monument:single_supported;relief:upstanding_supported,"Passed full-entry, geometry, coverage, and provenance gates.",2026-08-27,2026-08-27,2026-08-27T05:59:25.097000+00:00,1:10000,2021,1,National LIDAR Programme,false
1011719,accepted,yes,yes,yes,pass,pass,pass,BNG_100KM_E5_N2,,identity:explicit_bowl_barrow;monument:single_supported;relief:upstanding_supported,"Passed full-entry, geometry, coverage, and provenance gates.",2026-08-27,2026-08-27,2026-08-27T05:59:25.097000+00:00,1:10000,2019,1,National LIDAR Programme,false
1008918,accepted,yes,yes,yes,pass,pass,pass,BNG_100KM_E3_N4,,identity:explicit_bowl_barrow;monument:single_supported;relief:upstanding_supported,"Passed full-entry, geometry, coverage, and provenance gates.",2026-08-27,2026-08-27,2026-08-27T05:59:25.097000+00:00,1:10000,2020,1,National LIDAR Programme,false
1016222,accepted,yes,yes,yes,pass,pass,pass,BNG_100KM_E2_N1,,identity:explicit_bowl_barrow;monument:single_supported;relief:upstanding_supported,"Passed full-entry, geometry, coverage, and provenance gates.",2026-08-27,2026-08-27,2026-08-27T05:59:25.097000+00:00,1:10000,2021,1,National LIDAR Programme,false
1009346,accepted,yes,yes,yes,pass,pass,pass,BNG_100KM_E5_N4,,identity:explicit_bowl_barrow;monument:single_supported;relief:upstanding_supported,"Passed full-entry, geometry, coverage, and provenance gates.",2026-08-27,2026-08-27,2026-08-27T05:59:25.097000+00:00,1:10000,2020,1,National LIDAR Programme,false
1008540,accepted,yes,yes,yes,pass,pass,pass,BNG_100KM_E4_N3,,identity:explicit_bowl_barrow;monument:single_supported;relief:upstanding_supported,"Passed full-entry, geometry, coverage, and provenance gates.",2026-08-27,2026-08-27,2026-08-27T05:59:25.097000+00:00,1:10000,2022,1,National LIDAR Programme,false
1007515,uncertain,yes,yes,uncertain,not_reviewed,not_reviewed,not_reviewed,BNG_100KM_E4_N4,insufficient_evidence,identity:explicit_bowl_barrow;monument:single_supported;relief:insufficient_evidence,Surviving upstanding morphology is not explicit enough.,2026-08-27,2026-08-27,2026-08-27T05:59:25.097000+00:00,1:10000,UNAVAILABLE,UNAVAILABLE,UNAVAILABLE,false
1017349,accepted,yes,yes,yes,pass,pass,pass,BNG_100KM_E1_N0,,identity:explicit_bowl_barrow;monument:single_supported;relief:upstanding_supported,"Passed full-entry, geometry, coverage, and provenance gates.",2026-08-27,2026-08-27,2026-08-27T05:59:25.097000+00:00,1:10000,2019,1,National LIDAR Programme,false
1008697,uncertain,yes,yes,uncertain,not_reviewed,not_reviewed,not_reviewed,BNG_100KM_E6_N2,insufficient_evidence,identity:explicit_bowl_barrow;monument:single_supported;relief:insufficient_evidence,Surviving upstanding morphology is not explicit enough.,2026-08-27,2026-08-27,2026-08-27T05:59:25.097000+00:00,1:10000,UNAVAILABLE,UNAVAILABLE,UNAVAILABLE,false
1009801,accepted,yes,yes,yes,pass,pass,pass,BNG_100KM_E3_N1,,identity:explicit_bowl_barrow;monument:single_supported;relief:upstanding_supported,"Passed full-entry, geometry, coverage, and provenance gates.",2026-08-27,2026-08-27,2026-08-27T05:59:25.097000+00:00,1:10000,2018,1,National LIDAR Programme,false
1011279,accepted,yes,yes,yes,pass,pass,pass,BNG_100KM_E4_N5,,identity:explicit_bowl_barrow;monument:single_supported;relief:upstanding_supported,"Passed full-entry, geometry, coverage, and provenance gates.",2026-08-27,2026-08-27,2026-08-27T05:59:25.097000+00:00,1:10000,2018,1,National LIDAR Programme,false
1013586,accepted,yes,yes,yes,pass,pass,pass,BNG_100KM_E6_N3,,identity:explicit_bowl_barrow;monument:single_supported;relief:upstanding_supported,"Passed full-entry, geometry, coverage, and provenance gates.",2026-08-27,2026-08-27,2026-08-27T05:59:25.097000+00:00,1:10000,2017,1,National LIDAR Programme,false
1014298,uncertain,yes,yes,uncertain,not_reviewed,not_reviewed,not_reviewed,BNG_100KM_E4_N0,insufficient_evidence,identity:explicit_bowl_barrow;monument:single_supported;relief:insufficient_evidence,Surviving upstanding morphology is not explicit enough.,2026-08-27,2026-08-27,2026-08-27T05:59:25.097000+00:00,1:10000,UNAVAILABLE,UNAVAILABLE,UNAVAILABLE,false
1015370,uncertain,yes,yes,uncertain,not_reviewed,not_reviewed,not_reviewed,BNG_100KM_E3_N0,insufficient_evidence,identity:explicit_bowl_barrow;monument:single_supported;relief:insufficient_evidence,Surviving upstanding morphology is not explicit enough.,2026-08-27,2026-08-27,2026-08-27T05:59:25.097000+00:00,1:10000,UNAVAILABLE,UNAVAILABLE,UNAVAILABLE,false
1007893,needs_terrain_review,yes,yes,yes,pass,pass,needs_review,BNG_100KM_E5_N0,terrain_provenance_confounded,identity:explicit_bowl_barrow;monument:single_supported;relief:upstanding_supported,Terrain provenance requires review: terrain_provenance_confounded.,2026-08-27,2026-08-27,2026-08-27T05:59:25.097000+00:00,1:10000,UNAVAILABLE,UNAVAILABLE,UNAVAILABLE,false
1004476,accepted,yes,yes,yes,pass,pass,pass,BNG_100KM_E2_N0,,identity:explicit_bowl_barrow;monument:single_supported;relief:upstanding_supported,"Passed full-entry, geometry, coverage, and provenance gates.",2026-08-27,2026-08-27,2026-08-27T05:59:25.097000+00:00,1:10000,2018,1,National LIDAR Programme,false
1017076,accepted,yes,yes,yes,pass,pass,pass,BNG_100KM_E4_N2,,identity:explicit_bowl_barrow;monument:single_supported;relief:upstanding_supported,"Passed full-entry, geometry, coverage, and provenance gates.",2026-08-27,2026-08-27,2026-08-27T05:59:25.097000+00:00,1:10000,2020,1,National LIDAR Programme,false
1010561,accepted,yes,yes,yes,pass,pass,pass,BNG_100KM_E5_N3,,identity:explicit_bowl_barrow;monument:single_supported;relief:upstanding_supported,"Passed full-entry, geometry, coverage, and provenance gates.",2026-08-27,2026-08-27,2026-08-27T05:59:25.097000+00:00,1:10000,2018,1,National LIDAR Programme,false
1017084,accepted,yes,yes,yes,pass,pass,pass,BNG_100KM_E3_N2,,identity:explicit_bowl_barrow;monument:single_supported;relief:upstanding_supported,"Passed full-entry, geometry, coverage, and provenance gates.",2026-08-27,2026-08-27,2026-08-27T05:59:25.097000+00:00,1:10000,2019,1,National LIDAR Programme,false
1007640,accepted,yes,yes,yes,pass,pass,pass,BNG_100KM_E3_N3,,identity:explicit_bowl_barrow;monument:single_supported;relief:upstanding_supported,"Passed full-entry, geometry, coverage, and provenance gates.",2026-08-27,2026-08-27,2026-08-27T05:59:25.097000+00:00,1:10000,2020,1,National LIDAR Programme,false
1014584,accepted,yes,yes,yes,pass,pass,pass,BNG_100KM_E3_N5,,identity:explicit_bowl_barrow;monument:single_supported;relief:upstanding_supported,"Passed full-entry, geometry, coverage, and provenance gates.",2026-08-27,2026-08-27,2026-08-27T05:59:25.097000+00:00,1:10000,2019,1,National LIDAR Programme,false
1008051,accepted,yes,yes,yes,pass,pass,pass,BNG_100KM_E5_N1,,identity:explicit_bowl_barrow;monument:single_supported;relief:upstanding_supported,"Passed full-entry, geometry, coverage, and provenance gates.",2026-08-27,2026-08-27,2026-08-27T05:59:25.097000+00:00,1:10000,2019,1,National LIDAR Programme,false
1012143,needs_terrain_review,yes,yes,yes,pass,pass,needs_review,BNG_100KM_E6_N1,terrain_provenance_confounded,identity:explicit_bowl_barrow;monument:single_supported;relief:upstanding_supported,Terrain provenance requires review: terrain_provenance_confounded.,2026-08-27,2026-08-27,2026-08-27T05:59:25.097000+00:00,1:10000,UNAVAILABLE,UNAVAILABLE,UNAVAILABLE,false
1012131,rejected,yes,yes,no,not_reviewed,not_reviewed,not_reviewed,BNG_100KM_E4_N1,no_upstanding_relief,identity:explicit_bowl_barrow;monument:single_supported;relief:levelled,Details do not support surviving upstanding relief.,2026-08-27,2026-08-27,2026-08-27T05:59:25.097000+00:00,1:10000,UNAVAILABLE,UNAVAILABLE,UNAVAILABLE,false
1018044,accepted,yes,yes,yes,pass,pass,pass,BNG_100KM_E5_N2,,identity:explicit_bowl_barrow;monument:single_supported;relief:upstanding_supported,"Passed full-entry, geometry, coverage, and provenance gates.",2026-08-27,2026-08-27,2026-08-27T05:59:25.097000+00:00,1:10000,2018,1,National LIDAR Programme,false
1010446,rejected,no,uncertain,uncertain,not_reviewed,not_reviewed,not_reviewed,BNG_100KM_E3_N4,not_bowl_barrow,identity:not_explicit,Official entry does not explicitly support bowl-barrow identity.,2026-08-27,2026-08-27,2026-08-27T05:59:25.097000+00:00,1:10000,UNAVAILABLE,UNAVAILABLE,UNAVAILABLE,false
1019254,accepted,yes,yes,yes,pass,pass,pass,BNG_100KM_E2_N1,,identity:explicit_bowl_barrow;monument:single_supported;relief:upstanding_supported,"Passed full-entry, geometry, coverage, and provenance gates.",2026-08-27,2026-08-27,2026-08-27T05:59:25.097000+00:00,1:10000,2020,1,National LIDAR Programme,false
1008136,accepted,yes,yes,yes,pass,pass,pass,BNG_100KM_E5_N4,,identity:explicit_bowl_barrow;monument:single_supported;relief:upstanding_supported,"Passed full-entry, geometry, coverage, and provenance gates.",2026-08-27,2026-08-27,2026-08-27T05:59:25.097000+00:00,1:10000,2020,1,National LIDAR Programme,false
1011858,rejected,no,yes,yes,not_reviewed,not_reviewed,not_reviewed,BNG_100KM_E4_N3,cairn,identity:explicit_bowl_barrow;type:described_as_cairn,Details identify the scheduled feature as a cairn.,2026-08-27,2026-08-27,2026-08-27T05:59:25.097000+00:00,1:10000,UNAVAILABLE,UNAVAILABLE,UNAVAILABLE,false
1008923,accepted,yes,yes,yes,pass,pass,pass,BNG_100KM_E4_N4,,identity:explicit_bowl_barrow;monument:single_supported;relief:upstanding_supported,"Passed full-entry, geometry, coverage, and provenance gates.",2026-08-27,2026-08-27,2026-08-27T05:59:25.097000+00:00,1:10000,2018,1,National LIDAR Programme,false
1016061,needs_terrain_review,yes,yes,yes,pass,pass,needs_review,BNG_100KM_E1_N0,terrain_provenance_confounded,identity:explicit_bowl_barrow;monument:single_supported;relief:upstanding_supported,Terrain provenance requires review: terrain_provenance_confounded.,2026-08-27,2026-08-27,2026-08-27T05:59:25.097000+00:00,1:10000,UNAVAILABLE,UNAVAILABLE,UNAVAILABLE,false
1007354,accepted,yes,yes,yes,pass,pass,pass,BNG_100KM_E6_N2,,identity:explicit_bowl_barrow;monument:single_supported;relief:upstanding_supported,"Passed full-entry, geometry, coverage, and provenance gates.",2026-08-27,2026-08-27,2026-08-27T05:59:25.097000+00:00,1:10000,2018,1,National LIDAR Programme,true
1009768,accepted,yes,yes,yes,pass,pass,pass,BNG_100KM_E3_N1,,identity:explicit_bowl_barrow;monument:single_supported;relief:upstanding_supported,"Passed full-entry, geometry, coverage, and provenance gates.",2026-08-27,2026-08-27,2026-08-27T05:59:25.097000+00:00,1:10000,2019,1,National LIDAR Programme,false
1011274,accepted,yes,yes,yes,pass,pass,pass,BNG_100KM_E4_N5,,identity:explicit_bowl_barrow;monument:single_supported;relief:upstanding_supported,"Passed full-entry, geometry, coverage, and provenance gates.",2026-08-27,2026-08-27,2026-08-27T05:59:25.097000+00:00,1:10000,2018,1,National LIDAR Programme,false
1013584,needs_terrain_review,yes,yes,yes,pass,pass,needs_review,BNG_100KM_E6_N3,terrain_provenance_confounded,identity:explicit_bowl_barrow;monument:single_supported;relief:upstanding_supported,Terrain provenance requires review: terrain_provenance_confounded.,2026-08-27,2026-08-27,2026-08-27T05:59:25.097000+00:00,1:10000,UNAVAILABLE,UNAVAILABLE,UNAVAILABLE,false
1016009,accepted,yes,yes,yes,pass,pass,pass,BNG_100KM_E4_N0,,identity:explicit_bowl_barrow;monument:single_supported;relief:upstanding_supported,"Passed full-entry, geometry, coverage, and provenance gates.",2026-08-27,2026-08-27,2026-08-27T05:59:25.097000+00:00,1:10000,2021,1,National LIDAR Programme,false
1020734,accepted,yes,yes,yes,pass,pass,pass,BNG_100KM_E3_N0,,identity:explicit_bowl_barrow;monument:single_supported;relief:upstanding_supported,"Passed full-entry, geometry, coverage, and provenance gates.",2026-08-27,2026-08-27,2026-08-27T05:59:25.097000+00:00,1:10000,2021,1,National LIDAR Programme,false
1016683,needs_terrain_review,yes,yes,yes,pass,pass,needs_review,BNG_100KM_E5_N0,terrain_provenance_confounded,identity:explicit_bowl_barrow;monument:single_supported;relief:upstanding_supported,Terrain provenance requires review: terrain_provenance_confounded.,2026-08-27,2026-08-27,2026-08-27T05:59:25.097000+00:00,1:10000,UNAVAILABLE,UNAVAILABLE,UNAVAILABLE,false
1010643,accepted,yes,yes,yes,pass,pass,pass,BNG_100KM_E2_N0,,identity:explicit_bowl_barrow;monument:single_supported;relief:upstanding_supported,"Passed full-entry, geometry, coverage, and provenance gates.",2026-08-27,2026-08-27,2026-08-27T05:59:25.097000+00:00,1:10000,2020,1,National LIDAR Programme,true
1016845,accepted,yes,yes,yes,pass,pass,pass,BNG_100KM_E4_N2,,identity:explicit_bowl_barrow;monument:single_supported;relief:upstanding_supported,"Passed full-entry, geometry, coverage, and provenance gates.",2026-08-27,2026-08-27,2026-08-27T05:59:25.097000+00:00,1:10000,2021,1,National LIDAR Programme,false
1021304,needs_terrain_review,yes,yes,yes,pass,pass,needs_review,BNG_100KM_E5_N3,terrain_provenance_confounded,identity:explicit_bowl_barrow;monument:single_supported;relief:upstanding_supported,Terrain provenance requires review: terrain_provenance_confounded.,2026-08-27,2026-08-27,2026-08-27T05:59:25.097000+00:00,1:10000,UNAVAILABLE,UNAVAILABLE,UNAVAILABLE,false
1007340,accepted,yes,yes,yes,pass,pass,pass,BNG_100KM_E3_N2,,identity:explicit_bowl_barrow;monument:single_supported;relief:upstanding_supported,"Passed full-entry, geometry, coverage, and provenance gates.",2026-08-27,2026-08-27,2026-08-27T05:59:25.097000+00:00,1:10000,2020,1,National LIDAR Programme,false
1007631,accepted,yes,yes,yes,pass,pass,pass,BNG_100KM_E3_N3,,identity:explicit_bowl_barrow;monument:single_supported;relief:upstanding_supported,"Passed full-entry, geometry, coverage, and provenance gates.",2026-08-27,2026-08-27,2026-08-27T05:59:25.097000+00:00,1:10000,2021,1,National LIDAR Programme,false
1018531,accepted,yes,yes,yes,pass,pass,pass,BNG_100KM_E3_N5,,identity:explicit_bowl_barrow;monument:single_supported;relief:upstanding_supported,"Passed full-entry, geometry, coverage, and provenance gates.",2026-08-27,2026-08-27,2026-08-27T05:59:25.097000+00:00,1:10000,2018,1,National LIDAR Programme,false
1013883,accepted,yes,yes,yes,pass,pass,pass,BNG_100KM_E5_N1,,identity:explicit_bowl_barrow;monument:single_supported;relief:upstanding_supported,"Passed full-entry, geometry, coverage, and provenance gates.",2026-08-27,2026-08-27,2026-08-27T05:59:25.097000+00:00,1:10000,2018,1,National LIDAR Programme,false
1009019,accepted,yes,yes,yes,pass,pass,pass,BNG_100KM_E6_N1,,identity:explicit_bowl_barrow;monument:single_supported;relief:upstanding_supported,"Passed full-entry, geometry, coverage, and provenance gates.",2026-08-27,2026-08-27,2026-08-27T05:59:25.097000+00:00,1:10000,2017,1,National LIDAR Programme,false
1012301,accepted,yes,yes,yes,pass,pass,pass,BNG_100KM_E4_N1,,identity:explicit_bowl_barrow;monument:single_supported;relief:upstanding_supported,"Passed full-entry, geometry, coverage, and provenance gates.",2026-08-27,2026-08-27,2026-08-27T05:59:25.097000+00:00,1:10000,2021,1,National LIDAR Programme,false
1431695,uncertain,yes,yes,uncertain,not_reviewed,not_reviewed,not_reviewed,BNG_100KM_E5_N2,insufficient_evidence,identity:explicit_bowl_barrow;monument:single_supported;relief:insufficient_evidence,Surviving upstanding morphology is not explicit enough.,2026-08-27,2026-08-27,2026-08-27T05:59:25.097000+00:00,1:2500,UNAVAILABLE,UNAVAILABLE,UNAVAILABLE,false
1008911,accepted,yes,yes,yes,pass,pass,pass,BNG_100KM_E3_N4,,identity:explicit_bowl_barrow;monument:single_supported;relief:upstanding_supported,"Passed full-entry, geometry, coverage, and provenance gates.",2026-08-27,2026-08-27,2026-08-27T05:59:25.097000+00:00,1:10000,2022,1,National LIDAR Programme,false
1016648,accepted,yes,yes,yes,pass,pass,pass,BNG_100KM_E2_N1,,identity:explicit_bowl_barrow;monument:single_supported;relief:upstanding_supported,"Passed full-entry, geometry, coverage, and provenance gates.",2026-08-27,2026-08-27,2026-08-27T05:59:25.097000+00:00,1:10000,2021,1,National LIDAR Programme,false
1008132,accepted,yes,yes,yes,pass,pass,pass,BNG_100KM_E5_N4,,identity:explicit_bowl_barrow;monument:single_supported;relief:upstanding_supported,"Passed full-entry, geometry, coverage, and provenance gates.",2026-08-27,2026-08-27,2026-08-27T05:59:25.097000+00:00,1:10000,2020,1,National LIDAR Programme,false
1009441,needs_terrain_review,yes,yes,yes,pass,pass,needs_review,BNG_100KM_E4_N3,terrain_provenance_confounded,identity:explicit_bowl_barrow;monument:single_supported;relief:upstanding_supported,Terrain provenance requires review: terrain_provenance_confounded.,2026-08-27,2026-08-27,2026-08-27T05:59:25.097000+00:00,1:10000,UNAVAILABLE,UNAVAILABLE,UNAVAILABLE,true
1013863,accepted,yes,yes,yes,pass,pass,pass,BNG_100KM_E4_N4,,identity:explicit_bowl_barrow;monument:single_supported;relief:upstanding_supported,"Passed full-entry, geometry, coverage, and provenance gates.",2026-08-27,2026-08-27,2026-08-27T05:59:25.097000+00:00,1:10000,2018,1,National LIDAR Programme,false
1016105,needs_terrain_review,yes,yes,yes,pass,pass,needs_review,BNG_100KM_E1_N0,terrain_provenance_confounded,identity:explicit_bowl_barrow;monument:single_supported;relief:upstanding_supported,Terrain provenance requires review: terrain_provenance_confounded.,2026-08-27,2026-08-27,2026-08-27T05:59:25.097000+00:00,1:10000,UNAVAILABLE,UNAVAILABLE,UNAVAILABLE,false
1013435,accepted,yes,yes,yes,pass,pass,pass,BNG_100KM_E6_N2,,identity:explicit_bowl_barrow;monument:single_supported;relief:upstanding_supported,"Passed full-entry, geometry, coverage, and provenance gates.",2026-08-27,2026-08-27,2026-08-27T05:59:25.097000+00:00,1:10000,2018,1,National LIDAR Programme,true
1010405,accepted,yes,yes,yes,pass,pass,pass,BNG_100KM_E3_N1,,identity:explicit_bowl_barrow;monument:single_supported;relief:upstanding_supported,"Passed full-entry, geometry, coverage, and provenance gates.",2026-08-27,2026-08-27,2026-08-27T05:59:25.097000+00:00,1:10000,2018,1,National LIDAR Programme,false
1011272,accepted,yes,yes,yes,pass,pass,pass,BNG_100KM_E4_N5,,identity:explicit_bowl_barrow;monument:single_supported;relief:upstanding_supported,"Passed full-entry, geometry, coverage, and provenance gates.",2026-08-27,2026-08-27,2026-08-27T05:59:25.097000+00:00,1:10000,2018,1,National LIDAR Programme,false
1012716,needs_terrain_review,yes,yes,yes,pass,pass,needs_review,BNG_100KM_E4_N0,terrain_provenance_confounded,identity:explicit_bowl_barrow;monument:single_supported;relief:upstanding_supported,Terrain provenance requires review: terrain_provenance_confounded.,2026-08-27,2026-08-27,2026-08-27T05:59:25.097000+00:00,1:10000,UNAVAILABLE,UNAVAILABLE,UNAVAILABLE,false
1011988,uncertain,yes,yes,uncertain,not_reviewed,not_reviewed,not_reviewed,BNG_100KM_E3_N0,insufficient_evidence,identity:explicit_bowl_barrow;monument:single_supported;relief:insufficient_evidence,Surviving upstanding morphology is not explicit enough.,2026-08-27,2026-08-27,2026-08-27T05:59:25.097000+00:00,1:10000,UNAVAILABLE,UNAVAILABLE,UNAVAILABLE,true
1007892,needs_terrain_review,yes,yes,yes,pass,pass,needs_review,BNG_100KM_E5_N0,terrain_provenance_confounded,identity:explicit_bowl_barrow;monument:single_supported;relief:upstanding_supported,Terrain provenance requires review: terrain_provenance_confounded.,2026-08-27,2026-08-27,2026-08-27T05:59:25.097000+00:00,1:10000,UNAVAILABLE,UNAVAILABLE,UNAVAILABLE,false
1020572,needs_terrain_review,yes,yes,yes,pass,pass,needs_review,BNG_100KM_E2_N0,terrain_provenance_confounded,identity:explicit_bowl_barrow;monument:single_supported;relief:upstanding_supported,Terrain provenance requires review: terrain_provenance_confounded.,2026-08-27,2026-08-27,2026-08-27T05:59:25.097000+00:00,1:10000,UNAVAILABLE,UNAVAILABLE,UNAVAILABLE,false
1013287,accepted,yes,yes,yes,pass,pass,pass,BNG_100KM_E4_N2,,identity:explicit_bowl_barrow;monument:single_supported;relief:upstanding_supported,"Passed full-entry, geometry, coverage, and provenance gates.",2026-08-27,2026-08-27,2026-08-27T05:59:25.097000+00:00,1:10000,2020,1,National LIDAR Programme,false
1013897,rejected,yes,yes,no,not_reviewed,not_reviewed,not_reviewed,BNG_100KM_E5_N3,cropmark_only,identity:explicit_bowl_barrow;monument:single_supported;relief:cropmark_only,Details support cropmark evidence only.,2026-08-27,2026-08-27,2026-08-27T05:59:25.097000+00:00,1:10000,UNAVAILABLE,UNAVAILABLE,UNAVAILABLE,false
1008625,accepted,yes,yes,yes,pass,pass,pass,BNG_100KM_E3_N2,,identity:explicit_bowl_barrow;monument:single_supported;relief:upstanding_supported,"Passed full-entry, geometry, coverage, and provenance gates.",2026-08-27,2026-08-27,2026-08-27T05:59:25.097000+00:00,1:10000,2019,1,National LIDAR Programme,false
1007383,accepted,yes,yes,yes,pass,pass,pass,BNG_100KM_E3_N3,,identity:explicit_bowl_barrow;monument:single_supported;relief:upstanding_supported,"Passed full-entry, geometry, coverage, and provenance gates.",2026-08-27,2026-08-27,2026-08-27T05:59:25.097000+00:00,1:10000,2020,1,National LIDAR Programme,false
1013390,accepted,yes,yes,yes,pass,pass,pass,BNG_100KM_E3_N5,,identity:explicit_bowl_barrow;monument:single_supported;relief:upstanding_supported,"Passed full-entry, geometry, coverage, and provenance gates.",2026-08-27,2026-08-27,2026-08-27T05:59:25.097000+00:00,1:10000,2020,1,National LIDAR Programme,false
1007986,accepted,yes,yes,yes,pass,pass,pass,BNG_100KM_E5_N1,,identity:explicit_bowl_barrow;monument:single_supported;relief:upstanding_supported,"Passed full-entry, geometry, coverage, and provenance gates.",2026-08-27,2026-08-27,2026-08-27T05:59:25.097000+00:00,1:10000,2018,1,National LIDAR Programme,false
1012351,needs_terrain_review,yes,yes,yes,pass,pass,needs_review,BNG_100KM_E6_N1,terrain_provenance_confounded,identity:explicit_bowl_barrow;monument:single_supported;relief:upstanding_supported,Terrain provenance requires review: terrain_provenance_confounded.,2026-08-27,2026-08-27,2026-08-27T05:59:25.097000+00:00,1:10000,UNAVAILABLE,UNAVAILABLE,UNAVAILABLE,false
1009026,accepted,yes,yes,yes,pass,pass,pass,BNG_100KM_E4_N1,,identity:explicit_bowl_barrow;monument:single_supported;relief:upstanding_supported,"Passed full-entry, geometry, coverage, and provenance gates.",2026-08-27,2026-08-27,2026-08-27T05:59:25.097000+00:00,1:10000,2020,1,National LIDAR Programme,false
1009249,accepted,yes,yes,yes,pass,pass,pass,BNG_100KM_E5_N2,,identity:explicit_bowl_barrow;monument:single_supported;relief:upstanding_supported,"Passed full-entry, geometry, coverage, and provenance gates.",2026-08-27,2026-08-27,2026-08-27T05:59:25.097000+00:00,1:10000,2019,1,National LIDAR Programme,false
1008903,needs_terrain_review,yes,yes,yes,pass,pass,needs_review,BNG_100KM_E3_N4,terrain_provenance_confounded,identity:explicit_bowl_barrow;monument:single_supported;relief:upstanding_supported,Terrain provenance requires review: terrain_provenance_confounded.,2026-08-27,2026-08-27,2026-08-27T05:59:25.097000+00:00,1:10000,UNAVAILABLE,UNAVAILABLE,UNAVAILABLE,true
1017976,needs_terrain_review,yes,yes,yes,pass,pass,needs_review,BNG_100KM_E2_N1,terrain_provenance_confounded,identity:explicit_bowl_barrow;monument:single_supported;relief:upstanding_supported,Terrain provenance requires review: terrain_provenance_confounded.,2026-08-27,2026-08-27,2026-08-27T05:59:25.097000+00:00,1:10000,UNAVAILABLE,UNAVAILABLE,UNAVAILABLE,false
1008134,accepted,yes,yes,yes,pass,pass,pass,BNG_100KM_E5_N4,,identity:explicit_bowl_barrow;monument:single_supported;relief:upstanding_supported,"Passed full-entry, geometry, coverage, and provenance gates.",2026-08-27,2026-08-27,2026-08-27T05:59:25.097000+00:00,1:10000,2020,1,National LIDAR Programme,false
1008938,accepted,yes,yes,yes,pass,pass,pass,BNG_100KM_E4_N3,,identity:explicit_bowl_barrow;monument:single_supported;relief:upstanding_supported,"Passed full-entry, geometry, coverage, and provenance gates.",2026-08-27,2026-08-27,2026-08-27T05:59:25.097000+00:00,1:10000,2020,1,National LIDAR Programme,false
1012835,accepted,yes,yes,yes,pass,pass,pass,BNG_100KM_E4_N4,,identity:explicit_bowl_barrow;monument:single_supported;relief:upstanding_supported,"Passed full-entry, geometry, coverage, and provenance gates.",2026-08-27,2026-08-27,2026-08-27T05:59:25.097000+00:00,1:10000,2018,1,National LIDAR Programme,true
1007305,accepted,yes,yes,yes,pass,pass,pass,BNG_100KM_E1_N0,,identity:explicit_bowl_barrow;monument:single_supported;relief:upstanding_supported,"Passed full-entry, geometry, coverage, and provenance gates.",2026-08-27,2026-08-27,2026-08-27T05:59:25.097000+00:00,1:2500,2020,1,National LIDAR Programme,false
1008526,accepted,yes,yes,yes,pass,pass,pass,BNG_100KM_E6_N2,,identity:explicit_bowl_barrow;monument:single_supported;relief:upstanding_supported,"Passed full-entry, geometry, coverage, and provenance gates.",2026-08-27,2026-08-27,2026-08-27T05:59:25.097000+00:00,1:10000,2018,1,National LIDAR Programme,false
1002472,accepted,yes,yes,yes,pass,pass,pass,BNG_100KM_E3_N1,,identity:explicit_bowl_barrow;monument:single_supported;relief:upstanding_supported,"Passed full-entry, geometry, coverage, and provenance gates.",2026-08-27,2026-08-27,2026-08-27T05:59:25.097000+00:00,1:2500,2020,1,National LIDAR Programme,true
1011276,accepted,yes,yes,yes,pass,pass,pass,BNG_100KM_E4_N5,,identity:explicit_bowl_barrow;monument:single_supported;relief:upstanding_supported,"Passed full-entry, geometry, coverage, and provenance gates.",2026-08-27,2026-08-27,2026-08-27T05:59:25.097000+00:00,1:10000,2018,1,National LIDAR Programme,false
1018414,uncertain,yes,yes,uncertain,not_reviewed,not_reviewed,not_reviewed,BNG_100KM_E4_N0,insufficient_evidence,identity:explicit_bowl_barrow;monument:single_supported;relief:insufficient_evidence,Surviving upstanding morphology is not explicit enough.,2026-08-27,2026-08-27,2026-08-27T05:59:25.097000+00:00,1:10000,UNAVAILABLE,UNAVAILABLE,UNAVAILABLE,false
1008022,accepted,yes,yes,yes,pass,pass,pass,BNG_100KM_E3_N0,,identity:explicit_bowl_barrow;monument:single_supported;relief:upstanding_supported,"Passed full-entry, geometry, coverage, and provenance gates.",2026-08-27,2026-08-27,2026-08-27T05:59:25.097000+00:00,1:10000,2021,1,National LIDAR Programme,false
1009076,needs_terrain_review,yes,yes,yes,pass,pass,needs_review,BNG_100KM_E5_N0,terrain_provenance_confounded,identity:explicit_bowl_barrow;monument:single_supported;relief:upstanding_supported,Terrain provenance requires review: terrain_provenance_confounded.,2026-08-27,2026-08-27,2026-08-27T05:59:25.097000+00:00,1:10000,UNAVAILABLE,UNAVAILABLE,UNAVAILABLE,false
1010634,accepted,yes,yes,yes,pass,pass,pass,BNG_100KM_E2_N0,,identity:explicit_bowl_barrow;monument:single_supported;relief:upstanding_supported,"Passed full-entry, geometry, coverage, and provenance gates.",2026-08-27,2026-08-27,2026-08-27T05:59:25.097000+00:00,1:10000,2020,1,National LIDAR Programme,false
1009429,uncertain,yes,yes,uncertain,not_reviewed,not_reviewed,not_reviewed,BNG_100KM_E4_N2,insufficient_evidence,identity:explicit_bowl_barrow;monument:single_supported;relief:insufficient_evidence,Surviving upstanding morphology is not explicit enough.,2026-08-27,2026-08-27,2026-08-27T05:59:25.097000+00:00,1:10000,UNAVAILABLE,UNAVAILABLE,UNAVAILABLE,false
1020210,accepted,yes,yes,yes,pass,pass,pass,BNG_100KM_E5_N3,,identity:explicit_bowl_barrow;monument:single_supported;relief:upstanding_supported,"Passed full-entry, geometry, coverage, and provenance gates.",2026-08-27,2026-08-27,2026-08-27T05:59:25.097000+00:00,1:10000,2017,1,National LIDAR Programme,false
1007334,rejected,yes,yes,no,not_reviewed,not_reviewed,not_reviewed,BNG_100KM_E3_N2,no_upstanding_relief,identity:explicit_bowl_barrow;monument:single_supported;relief:levelled,Details do not support surviving upstanding relief.,2026-08-27,2026-08-27,2026-08-27T05:59:25.097000+00:00,1:10000,UNAVAILABLE,UNAVAILABLE,UNAVAILABLE,false
1007394,accepted,yes,yes,yes,pass,pass,pass,BNG_100KM_E3_N3,,identity:explicit_bowl_barrow;monument:single_supported;relief:upstanding_supported,"Passed full-entry, geometry, coverage, and provenance gates.",2026-08-27,2026-08-27,2026-08-27T05:59:25.097000+00:00,1:10000,2020,1,National LIDAR Programme,false
1013389,accepted,yes,yes,yes,pass,pass,pass,BNG_100KM_E3_N5,,identity:explicit_bowl_barrow;monument:single_supported;relief:upstanding_supported,"Passed full-entry, geometry, coverage, and provenance gates.",2026-08-27,2026-08-27,2026-08-27T05:59:25.097000+00:00,1:10000,2021,1,National LIDAR Programme,false
1018895,rejected,yes,yes,no,not_reviewed,not_reviewed,not_reviewed,BNG_100KM_E5_N1,no_upstanding_relief,identity:explicit_bowl_barrow;monument:single_supported;relief:levelled,Details do not support surviving upstanding relief.,2026-08-27,2026-08-27,2026-08-27T05:59:25.097000+00:00,1:10000,UNAVAILABLE,UNAVAILABLE,UNAVAILABLE,true
1012337,uncertain,yes,yes,uncertain,not_reviewed,not_reviewed,not_reviewed,BNG_100KM_E6_N1,insufficient_evidence,identity:explicit_bowl_barrow;monument:single_supported;relief:insufficient_evidence,Surviving upstanding morphology is not explicit enough.,2026-08-27,2026-08-27,2026-08-27T05:59:25.097000+00:00,1:10000,UNAVAILABLE,UNAVAILABLE,UNAVAILABLE,true
1013114,accepted,yes,yes,yes,pass,pass,pass,BNG_100KM_E4_N1,,identity:explicit_bowl_barrow;monument:single_supported;relief:upstanding_supported,"Passed full-entry, geometry, coverage, and provenance gates.",2026-08-27,2026-08-27,2026-08-27T05:59:25.097000+00:00,1:10000,2020,1,National LIDAR Programme,false
1018045,accepted,yes,yes,yes,pass,pass,pass,BNG_100KM_E5_N2,,identity:explicit_bowl_barrow;monument:single_supported;relief:upstanding_supported,"Passed full-entry, geometry, coverage, and provenance gates.",2026-08-27,2026-08-27,2026-08-27T05:59:25.097000+00:00,1:10000,2018,1,National LIDAR Programme,false
1009114,accepted,yes,yes,yes,pass,pass,pass,BNG_100KM_E3_N4,,identity:explicit_bowl_barrow;monument:single_supported;relief:upstanding_supported,"Passed full-entry, geometry, coverage, and provenance gates.",2026-08-27,2026-08-27,2026-08-27T05:59:25.097000+00:00,1:10000,2020,1,National LIDAR Programme,false
1021063,accepted,yes,yes,yes,pass,pass,pass,BNG_100KM_E2_N1,,identity:explicit_bowl_barrow;monument:single_supported;relief:upstanding_supported,"Passed full-entry, geometry, coverage, and provenance gates.",2026-08-27,2026-08-27,2026-08-27T05:59:25.097000+00:00,1:10000,2022,1,National LIDAR Programme,true
1007731,accepted,yes,yes,yes,pass,pass,pass,BNG_100KM_E5_N4,,identity:explicit_bowl_barrow;monument:single_supported;relief:upstanding_supported,"Passed full-entry, geometry, coverage, and provenance gates.",2026-08-27,2026-08-27,2026-08-27T05:59:25.097000+00:00,1:10000,2018,1,National LIDAR Programme,false
1010104,accepted,yes,yes,yes,pass,pass,pass,BNG_100KM_E4_N3,,identity:explicit_bowl_barrow;monument:single_supported;relief:upstanding_supported,"Passed full-entry, geometry, coverage, and provenance gates.",2026-08-27,2026-08-27,2026-08-27T05:59:25.097000+00:00,1:10000,2020,1,National LIDAR Programme,false
1020951,rejected,yes,yes,yes,pass,fail,not_reviewed,BNG_100KM_E4_N4,terrain_no_1m_coverage,identity:explicit_bowl_barrow;monument:single_supported;relief:upstanding_supported,Terrain coverage QA failed: terrain_no_1m_coverage.,2026-08-27,2026-08-27,2026-08-27T05:59:25.097000+00:00,1:10000,UNAVAILABLE,UNAVAILABLE,UNAVAILABLE,false
1004330,needs_terrain_review,yes,yes,yes,pass,pass,needs_review,BNG_100KM_E1_N0,terrain_provenance_confounded,identity:explicit_bowl_barrow;monument:single_supported;relief:upstanding_supported,Terrain provenance requires review: terrain_provenance_confounded.,2026-08-27,2026-08-27,2026-08-27T05:59:25.097000+00:00,1:10000,UNAVAILABLE,UNAVAILABLE,UNAVAILABLE,false
1011438,needs_terrain_review,yes,yes,yes,pass,pass,needs_review,BNG_100KM_E6_N2,terrain_provenance_confounded,identity:explicit_bowl_barrow;monument:single_supported;relief:upstanding_supported,Terrain provenance requires review: terrain_provenance_confounded.,2026-08-27,2026-08-27,2026-08-27T05:59:25.097000+00:00,1:10000,UNAVAILABLE,UNAVAILABLE,UNAVAILABLE,true
1013790,accepted,yes,yes,yes,pass,pass,pass,BNG_100KM_E3_N1,,identity:explicit_bowl_barrow;monument:single_supported;relief:upstanding_supported,"Passed full-entry, geometry, coverage, and provenance gates.",2026-08-27,2026-08-27,2026-08-27T05:59:25.097000+00:00,1:10000,2018,1,National LIDAR Programme,false
1011282,accepted,yes,yes,yes,pass,pass,pass,BNG_100KM_E4_N5,,identity:explicit_bowl_barrow;monument:single_supported;relief:upstanding_supported,"Passed full-entry, geometry, coverage, and provenance gates.",2026-08-27,2026-08-27,2026-08-27T05:59:25.097000+00:00,1:10000,2018,1,National LIDAR Programme,false
1010010,accepted,yes,yes,yes,pass,pass,pass,BNG_100KM_E4_N0,,identity:explicit_bowl_barrow;monument:single_supported;relief:upstanding_supported,"Passed full-entry, geometry, coverage, and provenance gates.",2026-08-27,2026-08-27,2026-08-27T05:59:25.097000+00:00,1:10000,2021,1,National LIDAR Programme,false
1017269,uncertain,yes,yes,uncertain,not_reviewed,not_reviewed,not_reviewed,BNG_100KM_E3_N0,insufficient_evidence,identity:explicit_bowl_barrow;monument:single_supported;relief:insufficient_evidence,Surviving upstanding morphology is not explicit enough.,2026-08-27,2026-08-27,2026-08-27T05:59:25.097000+00:00,1:10000,UNAVAILABLE,UNAVAILABLE,UNAVAILABLE,false
1013406,accepted,yes,yes,yes,pass,pass,pass,BNG_100KM_E5_N0,,identity:explicit_bowl_barrow;monument:single_supported;relief:upstanding_supported,"Passed full-entry, geometry, coverage, and provenance gates.",2026-08-27,2026-08-27,2026-08-27T05:59:25.097000+00:00,1:10000,2019,1,National LIDAR Programme,false
1010645,accepted,yes,yes,yes,pass,pass,pass,BNG_100KM_E2_N0,,identity:explicit_bowl_barrow;monument:single_supported;relief:upstanding_supported,"Passed full-entry, geometry, coverage, and provenance gates.",2026-08-27,2026-08-27,2026-08-27T05:59:25.097000+00:00,1:10000,2020,1,National LIDAR Programme,false
1012632,rejected,yes,yes,no,not_reviewed,not_reviewed,not_reviewed,BNG_100KM_E4_N2,no_upstanding_relief,identity:explicit_bowl_barrow;monument:single_supported;relief:levelled,Details do not support surviving upstanding relief.,2026-08-27,2026-08-27,2026-08-27T05:59:25.097000+00:00,1:10000,UNAVAILABLE,UNAVAILABLE,UNAVAILABLE,true
1020211,accepted,yes,yes,yes,pass,pass,pass,BNG_100KM_E5_N3,,identity:explicit_bowl_barrow;monument:single_supported;relief:upstanding_supported,"Passed full-entry, geometry, coverage, and provenance gates.",2026-08-27,2026-08-27,2026-08-27T05:59:25.097000+00:00,1:10000,2017,1,National LIDAR Programme,false
1010314,accepted,yes,yes,yes,pass,pass,pass,BNG_100KM_E3_N2,,identity:explicit_bowl_barrow;monument:single_supported;relief:upstanding_supported,"Passed full-entry, geometry, coverage, and provenance gates.",2026-08-27,2026-08-27,2026-08-27T05:59:25.097000+00:00,1:10000,2020,1,National LIDAR Programme,false
1008299,accepted,yes,yes,yes,pass,pass,pass,BNG_100KM_E3_N3,,identity:explicit_bowl_barrow;monument:single_supported;relief:upstanding_supported,"Passed full-entry, geometry, coverage, and provenance gates.",2026-08-27,2026-08-27,2026-08-27T05:59:25.097000+00:00,1:10000,2020,1,National LIDAR Programme,false
1007588,accepted,yes,yes,yes,pass,pass,pass,BNG_100KM_E3_N5,,identity:explicit_bowl_barrow;monument:single_supported;relief:upstanding_supported,"Passed full-entry, geometry, coverage, and provenance gates.",2026-08-27,2026-08-27,2026-08-27T05:59:25.097000+00:00,1:10000,2021,1,National LIDAR Programme,false
1009007,needs_terrain_review,yes,yes,yes,pass,pass,needs_review,BNG_100KM_E5_N1,terrain_provenance_confounded,identity:explicit_bowl_barrow;monument:single_supported;relief:upstanding_supported,Terrain provenance requires review: terrain_provenance_confounded.,2026-08-27,2026-08-27,2026-08-27T05:59:25.097000+00:00,1:10000,UNAVAILABLE,UNAVAILABLE,UNAVAILABLE,false
1012336,needs_terrain_review,yes,yes,yes,pass,pass,needs_review,BNG_100KM_E6_N1,terrain_provenance_confounded,identity:explicit_bowl_barrow;monument:single_supported;relief:upstanding_supported,Terrain provenance requires review: terrain_provenance_confounded.,2026-08-27,2026-08-27,2026-08-27T05:59:25.097000+00:00,1:10000,UNAVAILABLE,UNAVAILABLE,UNAVAILABLE,false
1010109,accepted,yes,yes,yes,pass,pass,pass,BNG_100KM_E4_N1,,identity:explicit_bowl_barrow;monument:single_supported;relief:upstanding_supported,"Passed full-entry, geometry, coverage, and provenance gates.",2026-08-27,2026-08-27,2026-08-27T05:59:25.097000+00:00,1:10000,2019,1,National LIDAR Programme,false
1018097,accepted,yes,yes,yes,pass,pass,pass,BNG_100KM_E5_N2,,identity:explicit_bowl_barrow;monument:single_supported;relief:upstanding_supported,"Passed full-entry, geometry, coverage, and provenance gates.",2026-08-27,2026-08-27,2026-08-27T05:59:25.097000+00:00,1:10000,2018,1,National LIDAR Programme,false
1009115,accepted,yes,yes,yes,pass,pass,pass,BNG_100KM_E3_N4,,identity:explicit_bowl_barrow;monument:single_supported;relief:upstanding_supported,"Passed full-entry, geometry, coverage, and provenance gates.",2026-08-27,2026-08-27,2026-08-27T05:59:25.097000+00:00,1:10000,2020,1,National LIDAR Programme,false
1016209,accepted,yes,yes,yes,pass,pass,pass,BNG_100KM_E2_N1,,identity:explicit_bowl_barrow;monument:single_supported;relief:upstanding_supported,"Passed full-entry, geometry, coverage, and provenance gates.",2026-08-27,2026-08-27,2026-08-27T05:59:25.097000+00:00,1:10000,2020,1,National LIDAR Programme,false
1007734,accepted,yes,yes,yes,pass,pass,pass,BNG_100KM_E5_N4,,identity:explicit_bowl_barrow;monument:single_supported;relief:upstanding_supported,"Passed full-entry, geometry, coverage, and provenance gates.",2026-08-27,2026-08-27,2026-08-27T05:59:25.097000+00:00,1:10000,2018,1,National LIDAR Programme,false
1010381,accepted,yes,yes,yes,pass,pass,pass,BNG_100KM_E4_N3,,identity:explicit_bowl_barrow;monument:single_supported;relief:upstanding_supported,"Passed full-entry, geometry, coverage, and provenance gates.",2026-08-27,2026-08-27,2026-08-27T05:59:25.097000+00:00,1:10000,2020,1,National LIDAR Programme,false
1013858,accepted,yes,yes,yes,pass,pass,pass,BNG_100KM_E4_N4,,identity:explicit_bowl_barrow;monument:single_supported;relief:upstanding_supported,"Passed full-entry, geometry, coverage, and provenance gates.",2026-08-27,2026-08-27,2026-08-27T05:59:25.097000+00:00,1:10000,2018,1,National LIDAR Programme,false
1016443,needs_terrain_review,yes,yes,yes,pass,pass,needs_review,BNG_100KM_E1_N0,terrain_provenance_confounded,identity:explicit_bowl_barrow;monument:single_supported;relief:upstanding_supported,Terrain provenance requires review: terrain_provenance_confounded.,2026-08-27,2026-08-27,2026-08-27T05:59:25.097000+00:00,1:10000,UNAVAILABLE,UNAVAILABLE,UNAVAILABLE,true
1008504,uncertain,yes,yes,uncertain,not_reviewed,not_reviewed,not_reviewed,BNG_100KM_E6_N2,insufficient_evidence,identity:explicit_bowl_barrow;monument:single_supported;relief:insufficient_evidence,Surviving upstanding morphology is not explicit enough.,2026-08-27,2026-08-27,2026-08-27T05:59:25.097000+00:00,1:10000,UNAVAILABLE,UNAVAILABLE,UNAVAILABLE,false
1016298,accepted,yes,yes,yes,pass,pass,pass,BNG_100KM_E3_N1,,identity:explicit_bowl_barrow;monument:single_supported;relief:upstanding_supported,"Passed full-entry, geometry, coverage, and provenance gates.",2026-08-27,2026-08-27,2026-08-27T05:59:25.097000+00:00,1:10000,2021,1,National LIDAR Programme,false
1011275,accepted,yes,yes,yes,pass,pass,pass,BNG_100KM_E4_N5,,identity:explicit_bowl_barrow;monument:single_supported;relief:upstanding_supported,"Passed full-entry, geometry, coverage, and provenance gates.",2026-08-27,2026-08-27,2026-08-27T05:59:25.097000+00:00,1:10000,2018,1,National LIDAR Programme,false
1012719,accepted,yes,yes,yes,pass,pass,pass,BNG_100KM_E4_N0,,identity:explicit_bowl_barrow;monument:single_supported;relief:upstanding_supported,"Passed full-entry, geometry, coverage, and provenance gates.",2026-08-27,2026-08-27,2026-08-27T05:59:25.097000+00:00,1:10000,2021,1,National LIDAR Programme,false
1008025,accepted,yes,yes,yes,pass,pass,pass,BNG_100KM_E3_N0,,identity:explicit_bowl_barrow;monument:single_supported;relief:upstanding_supported,"Passed full-entry, geometry, coverage, and provenance gates.",2026-08-27,2026-08-27,2026-08-27T05:59:25.097000+00:00,1:10000,2021,1,National LIDAR Programme,false
1009104,needs_terrain_review,yes,yes,yes,pass,pass,needs_review,BNG_100KM_E5_N0,terrain_provenance_confounded,identity:explicit_bowl_barrow;monument:single_supported;relief:upstanding_supported,Terrain provenance requires review: terrain_provenance_confounded.,2026-08-27,2026-08-27,2026-08-27T05:59:25.097000+00:00,1:10000,UNAVAILABLE,UNAVAILABLE,UNAVAILABLE,false
1017967,accepted,yes,yes,yes,pass,pass,pass,BNG_100KM_E2_N0,,identity:explicit_bowl_barrow;monument:single_supported;relief:upstanding_supported,"Passed full-entry, geometry, coverage, and provenance gates.",2026-08-27,2026-08-27,2026-08-27T05:59:25.097000+00:00,1:10000,2021,1,National LIDAR Programme,false
1014562,accepted,yes,yes,yes,pass,pass,pass,BNG_100KM_E4_N2,,identity:explicit_bowl_barrow;monument:single_supported;relief:upstanding_supported,"Passed full-entry, geometry, coverage, and provenance gates.",2026-08-27,2026-08-27,2026-08-27T05:59:25.097000+00:00,1:10000,2020,1,National LIDAR Programme,false
1013893,uncertain,yes,yes,uncertain,not_reviewed,not_reviewed,not_reviewed,BNG_100KM_E5_N3,insufficient_evidence,identity:explicit_bowl_barrow;monument:single_supported;relief:insufficient_evidence,Surviving upstanding morphology is not explicit enough.,2026-08-27,2026-08-27,2026-08-27T05:59:25.097000+00:00,1:10000,UNAVAILABLE,UNAVAILABLE,UNAVAILABLE,false
1010316,accepted,yes,yes,yes,pass,pass,pass,BNG_100KM_E3_N2,,identity:explicit_bowl_barrow;monument:single_supported;relief:upstanding_supported,"Passed full-entry, geometry, coverage, and provenance gates.",2026-08-27,2026-08-27,2026-08-27T05:59:25.097000+00:00,1:10000,2020,1,National LIDAR Programme,false
1011121,accepted,yes,yes,yes,pass,pass,pass,BNG_100KM_E3_N3,,identity:explicit_bowl_barrow;monument:single_supported;relief:upstanding_supported,"Passed full-entry, geometry, coverage, and provenance gates.",2026-08-27,2026-08-27,2026-08-27T05:59:25.097000+00:00,1:10000,2021,1,National LIDAR Programme,false
1008660,accepted,yes,yes,yes,pass,pass,pass,BNG_100KM_E3_N5,,identity:explicit_bowl_barrow;monument:single_supported;relief:upstanding_supported,"Passed full-entry, geometry, coverage, and provenance gates.",2026-08-27,2026-08-27,2026-08-27T05:59:25.097000+00:00,1:10000,2021,1,National LIDAR Programme,false
1014951,needs_terrain_review,yes,yes,yes,pass,pass,needs_review,BNG_100KM_E5_N1,terrain_provenance_confounded,identity:explicit_bowl_barrow;monument:single_supported;relief:upstanding_supported,Terrain provenance requires review: terrain_provenance_confounded.,2026-08-27,2026-08-27,2026-08-27T05:59:25.097000+00:00,1:10000,UNAVAILABLE,UNAVAILABLE,UNAVAILABLE,false
1012259,rejected,no,uncertain,uncertain,not_reviewed,not_reviewed,not_reviewed,BNG_100KM_E6_N1,not_bowl_barrow,identity:not_explicit,Official entry does not explicitly support bowl-barrow identity.,2026-08-27,2026-08-27,2026-08-27T05:59:25.097000+00:00,1:10000,UNAVAILABLE,UNAVAILABLE,UNAVAILABLE,false
1010145,accepted,yes,yes,yes,pass,pass,pass,BNG_100KM_E4_N1,,identity:explicit_bowl_barrow;monument:single_supported;relief:upstanding_supported,"Passed full-entry, geometry, coverage, and provenance gates.",2026-08-27,2026-08-27,2026-08-27T05:59:25.097000+00:00,1:10000,2019,1,National LIDAR Programme,false
1431696,uncertain,yes,yes,uncertain,not_reviewed,not_reviewed,not_reviewed,BNG_100KM_E5_N2,insufficient_evidence,identity:explicit_bowl_barrow;monument:single_supported;relief:insufficient_evidence,Surviving upstanding morphology is not explicit enough.,2026-08-27,2026-08-27,2026-08-27T05:59:25.097000+00:00,1:10000,UNAVAILABLE,UNAVAILABLE,UNAVAILABLE,false
1008909,accepted,yes,yes,yes,pass,pass,pass,BNG_100KM_E3_N4,,identity:explicit_bowl_barrow;monument:single_supported;relief:upstanding_supported,"Passed full-entry, geometry, coverage, and provenance gates.",2026-08-27,2026-08-27,2026-08-27T05:59:25.097000+00:00,1:10000,2018,1,National LIDAR Programme,false
1016971,accepted,yes,yes,yes,pass,pass,pass,BNG_100KM_E2_N1,,identity:explicit_bowl_barrow;monument:single_supported;relief:upstanding_supported,"Passed full-entry, geometry, coverage, and provenance gates.",2026-08-27,2026-08-27,2026-08-27T05:59:25.097000+00:00,1:10000,2021,1,National LIDAR Programme,false
1013990,accepted,yes,yes,yes,pass,pass,pass,BNG_100KM_E5_N4,,identity:explicit_bowl_barrow;monument:single_supported;relief:upstanding_supported,"Passed full-entry, geometry, coverage, and provenance gates.",2026-08-27,2026-08-27,2026-08-27T05:59:25.097000+00:00,1:10000,2018,1,National LIDAR Programme,false
1013648,accepted,yes,yes,yes,pass,pass,pass,BNG_100KM_E4_N3,,identity:explicit_bowl_barrow;monument:single_supported;relief:upstanding_supported,"Passed full-entry, geometry, coverage, and provenance gates.",2026-08-27,2026-08-27,2026-08-27T05:59:25.097000+00:00,1:10000,2020,1,National LIDAR Programme,false
1007496,uncertain,yes,yes,uncertain,not_reviewed,not_reviewed,not_reviewed,BNG_100KM_E4_N4,insufficient_evidence,identity:explicit_bowl_barrow;monument:single_supported;relief:insufficient_evidence,Surviving upstanding morphology is not explicit enough.,2026-08-27,2026-08-27,2026-08-27T05:59:25.097000+00:00,1:10000,UNAVAILABLE,UNAVAILABLE,UNAVAILABLE,false
1003105,accepted,yes,yes,yes,pass,pass,pass,BNG_100KM_E1_N0,,identity:explicit_bowl_barrow;monument:single_supported;relief:upstanding_supported,"Passed full-entry, geometry, coverage, and provenance gates.",2026-08-27,2026-08-27,2026-08-27T05:59:25.097000+00:00,1:2500,2021,1,National LIDAR Programme,false
1017577,accepted,yes,yes,yes,pass,pass,pass,BNG_100KM_E6_N2,,identity:explicit_bowl_barrow;monument:single_supported;relief:upstanding_supported,"Passed full-entry, geometry, coverage, and provenance gates.",2026-08-27,2026-08-27,2026-08-27T05:59:25.097000+00:00,1:10000,2019,1,National LIDAR Programme,false
1010420,accepted,yes,yes,yes,pass,pass,pass,BNG_100KM_E3_N1,,identity:explicit_bowl_barrow;monument:single_supported;relief:upstanding_supported,"Passed full-entry, geometry, coverage, and provenance gates.",2026-08-27,2026-08-27,2026-08-27T05:59:25.097000+00:00,1:10000,2018,1,National LIDAR Programme,false
1015435,accepted,yes,yes,yes,pass,pass,pass,BNG_100KM_E4_N5,,identity:explicit_bowl_barrow;monument:single_supported;relief:upstanding_supported,"Passed full-entry, geometry, coverage, and provenance gates.",2026-08-27,2026-08-27,2026-08-27T05:59:25.097000+00:00,1:10000,2018,1,National LIDAR Programme,false
1018487,accepted,yes,yes,yes,pass,pass,pass,BNG_100KM_E4_N0,,identity:explicit_bowl_barrow;monument:single_supported;relief:upstanding_supported,"Passed full-entry, geometry, coverage, and provenance gates.",2026-08-27,2026-08-27,2026-08-27T05:59:25.097000+00:00,1:10000,2018,1,National LIDAR Programme,false
1015337,accepted,yes,yes,yes,pass,pass,pass,BNG_100KM_E3_N0,,identity:explicit_bowl_barrow;monument:single_supported;relief:upstanding_supported,"Passed full-entry, geometry, coverage, and provenance gates.",2026-08-27,2026-08-27,2026-08-27T05:59:25.097000+00:00,1:10000,2021,1,National LIDAR Programme,false
1007876,needs_terrain_review,yes,yes,yes,pass,pass,needs_review,BNG_100KM_E5_N0,terrain_provenance_confounded,identity:explicit_bowl_barrow;monument:single_supported;relief:upstanding_supported,Terrain provenance requires review: terrain_provenance_confounded.,2026-08-27,2026-08-27,2026-08-27T05:59:25.097000+00:00,1:10000,UNAVAILABLE,UNAVAILABLE,UNAVAILABLE,false
1020476,accepted,yes,yes,yes,pass,pass,pass,BNG_100KM_E2_N0,,identity:explicit_bowl_barrow;monument:single_supported;relief:upstanding_supported,"Passed full-entry, geometry, coverage, and provenance gates.",2026-08-27,2026-08-27,2026-08-27T05:59:25.097000+00:00,1:10000,2021,1,National LIDAR Programme,false
1018154,accepted,yes,yes,yes,pass,pass,pass,BNG_100KM_E4_N2,,identity:explicit_bowl_barrow;monument:single_supported;relief:upstanding_supported,"Passed full-entry, geometry, coverage, and provenance gates.",2026-08-27,2026-08-27,2026-08-27T05:59:25.097000+00:00,1:10000,2020,1,National LIDAR Programme,false
1021311,needs_terrain_review,yes,yes,yes,pass,pass,needs_review,BNG_100KM_E5_N3,terrain_provenance_confounded,identity:explicit_bowl_barrow;monument:single_supported;relief:upstanding_supported,Terrain provenance requires review: terrain_provenance_confounded.,2026-08-27,2026-08-27,2026-08-27T05:59:25.097000+00:00,1:10000,UNAVAILABLE,UNAVAILABLE,UNAVAILABLE,false
1016825,accepted,yes,yes,yes,pass,pass,pass,BNG_100KM_E3_N2,,identity:explicit_bowl_barrow;monument:single_supported;relief:upstanding_supported,"Passed full-entry, geometry, coverage, and provenance gates.",2026-08-27,2026-08-27,2026-08-27T05:59:25.097000+00:00,1:10000,2020,1,National LIDAR Programme,false
1007632,accepted,yes,yes,yes,pass,pass,pass,BNG_100KM_E3_N3,,identity:explicit_bowl_barrow;monument:single_supported;relief:upstanding_supported,"Passed full-entry, geometry, coverage, and provenance gates.",2026-08-27,2026-08-27,2026-08-27T05:59:25.097000+00:00,1:10000,2021,1,National LIDAR Programme,false
1015732,needs_terrain_review,yes,yes,yes,pass,pass,needs_review,BNG_100KM_E3_N5,terrain_provenance_confounded,identity:explicit_bowl_barrow;monument:single_supported;relief:upstanding_supported,Terrain provenance requires review: terrain_provenance_confounded.,2026-08-27,2026-08-27,2026-08-27T05:59:25.097000+00:00,1:10000,UNAVAILABLE,UNAVAILABLE,UNAVAILABLE,true
1009082,accepted,yes,yes,yes,pass,pass,pass,BNG_100KM_E5_N1,,identity:explicit_bowl_barrow;monument:single_supported;relief:upstanding_supported,"Passed full-entry, geometry, coverage, and provenance gates.",2026-08-27,2026-08-27,2026-08-27T05:59:25.097000+00:00,1:10000,2019,1,National LIDAR Programme,true
1013144,accepted,yes,yes,yes,pass,pass,pass,BNG_100KM_E6_N1,,identity:explicit_bowl_barrow;monument:single_supported;relief:upstanding_supported,"Passed full-entry, geometry, coverage, and provenance gates.",2026-08-27,2026-08-27,2026-08-27T05:59:25.097000+00:00,1:10000,2018,1,National LIDAR Programme,false
1012036,rejected,yes,yes,no,not_reviewed,not_reviewed,not_reviewed,BNG_100KM_E4_N1,no_upstanding_relief,identity:explicit_bowl_barrow;monument:single_supported;relief:levelled,Details do not support surviving upstanding relief.,2026-08-27,2026-08-27,2026-08-27T05:59:25.097000+00:00,1:10000,UNAVAILABLE,UNAVAILABLE,UNAVAILABLE,false
1018307,accepted,yes,yes,yes,pass,pass,pass,BNG_100KM_E5_N2,,identity:explicit_bowl_barrow;monument:single_supported;relief:upstanding_supported,"Passed full-entry, geometry, coverage, and provenance gates.",2026-08-27,2026-08-27,2026-08-27T05:59:25.097000+00:00,1:10000,2018,1,National LIDAR Programme,false
1008910,accepted,yes,yes,yes,pass,pass,pass,BNG_100KM_E3_N4,,identity:explicit_bowl_barrow;monument:single_supported;relief:upstanding_supported,"Passed full-entry, geometry, coverage, and provenance gates.",2026-08-27,2026-08-27,2026-08-27T05:59:25.097000+00:00,1:10000,2022,1,National LIDAR Programme,false
1021231,accepted,yes,yes,yes,pass,pass,pass,BNG_100KM_E2_N1,,identity:explicit_bowl_barrow;monument:single_supported;relief:upstanding_supported,"Passed full-entry, geometry, coverage, and provenance gates.",2026-08-27,2026-08-27,2026-08-27T05:59:25.097000+00:00,1:10000,2022,1,National LIDAR Programme,false
1008137,accepted,yes,yes,yes,pass,pass,pass,BNG_100KM_E5_N4,,identity:explicit_bowl_barrow;monument:single_supported;relief:upstanding_supported,"Passed full-entry, geometry, coverage, and provenance gates.",2026-08-27,2026-08-27,2026-08-27T05:59:25.097000+00:00,1:10000,2020,1,National LIDAR Programme,false
1008004,accepted,yes,yes,yes,pass,pass,pass,BNG_100KM_E4_N3,,identity:explicit_bowl_barrow;monument:single_supported;relief:upstanding_supported,"Passed full-entry, geometry, coverage, and provenance gates.",2026-08-27,2026-08-27,2026-08-27T05:59:25.097000+00:00,1:10000,2020,1,National LIDAR Programme,false
1018255,accepted,yes,yes,yes,pass,pass,pass,BNG_100KM_E4_N4,,identity:explicit_bowl_barrow;monument:single_supported;relief:upstanding_supported,"Passed full-entry, geometry, coverage, and provenance gates.",2026-08-27,2026-08-27,2026-08-27T05:59:25.097000+00:00,1:10000,2021,1,National LIDAR Programme,false
1016164,accepted,yes,yes,yes,pass,pass,pass,BNG_100KM_E1_N0,,identity:explicit_bowl_barrow;monument:single_supported;relief:upstanding_supported,"Passed full-entry, geometry, coverage, and provenance gates.",2026-08-27,2026-08-27,2026-08-27T05:59:25.097000+00:00,1:10000,2019,1,National LIDAR Programme,false
1008485,needs_terrain_review,yes,yes,yes,pass,pass,needs_review,BNG_100KM_E6_N2,terrain_provenance_confounded,identity:explicit_bowl_barrow;monument:single_supported;relief:upstanding_supported,Terrain provenance requires review: terrain_provenance_confounded.,2026-08-27,2026-08-27,2026-08-27T05:59:25.097000+00:00,1:10000,UNAVAILABLE,UNAVAILABLE,UNAVAILABLE,true
1017071,accepted,yes,yes,yes,pass,pass,pass,BNG_100KM_E3_N1,,identity:explicit_bowl_barrow;monument:single_supported;relief:upstanding_supported,"Passed full-entry, geometry, coverage, and provenance gates.",2026-08-27,2026-08-27,2026-08-27T05:59:25.097000+00:00,1:10000,2020,1,National LIDAR Programme,false
1011268,accepted,yes,yes,yes,pass,pass,pass,BNG_100KM_E4_N5,,identity:explicit_bowl_barrow;monument:single_supported;relief:upstanding_supported,"Passed full-entry, geometry, coverage, and provenance gates.",2026-08-27,2026-08-27,2026-08-27T05:59:25.097000+00:00,1:10000,2018,1,National LIDAR Programme,false
1010716,accepted,yes,yes,yes,pass,pass,pass,BNG_100KM_E4_N0,,identity:explicit_bowl_barrow;monument:single_supported;relief:upstanding_supported,"Passed full-entry, geometry, coverage, and provenance gates.",2026-08-27,2026-08-27,2026-08-27T05:59:25.097000+00:00,1:10000,2021,1,National LIDAR Programme,false
1015365,accepted,yes,yes,yes,pass,pass,pass,BNG_100KM_E3_N0,,identity:explicit_bowl_barrow;monument:single_supported;relief:upstanding_supported,"Passed full-entry, geometry, coverage, and provenance gates.",2026-08-27,2026-08-27,2026-08-27T05:59:25.097000+00:00,1:10000,2021,1,National LIDAR Programme,true
1009479,accepted,yes,yes,yes,pass,pass,pass,BNG_100KM_E5_N0,,identity:explicit_bowl_barrow;monument:single_supported;relief:upstanding_supported,"Passed full-entry, geometry, coverage, and provenance gates.",2026-08-27,2026-08-27,2026-08-27T05:59:25.097000+00:00,1:10000,2019,1,National LIDAR Programme,true
1005451,accepted,yes,yes,yes,pass,pass,pass,BNG_100KM_E2_N0,,identity:explicit_bowl_barrow;monument:single_supported;relief:upstanding_supported,"Passed full-entry, geometry, coverage, and provenance gates.",2026-08-27,2026-08-27,2026-08-27T05:59:25.097000+00:00,1:10000,2018,1,National LIDAR Programme,false
1018160,accepted,yes,yes,yes,pass,pass,pass,BNG_100KM_E4_N2,,identity:explicit_bowl_barrow;monument:single_supported;relief:upstanding_supported,"Passed full-entry, geometry, coverage, and provenance gates.",2026-08-27,2026-08-27,2026-08-27T05:59:25.097000+00:00,1:10000,2020,1,National LIDAR Programme,true
1021129,accepted,yes,yes,yes,pass,pass,pass,BNG_100KM_E5_N3,,identity:explicit_bowl_barrow;monument:single_supported;relief:upstanding_supported,"Passed full-entry, geometry, coverage, and provenance gates.",2026-08-27,2026-08-27,2026-08-27T05:59:25.097000+00:00,1:10000,2017,1,National LIDAR Programme,false
1016874,accepted,yes,yes,yes,pass,pass,pass,BNG_100KM_E3_N2,,identity:explicit_bowl_barrow;monument:single_supported;relief:upstanding_supported,"Passed full-entry, geometry, coverage, and provenance gates.",2026-08-27,2026-08-27,2026-08-27T05:59:25.097000+00:00,1:10000,2019,1,National LIDAR Programme,false
1007384,accepted,yes,yes,yes,pass,pass,pass,BNG_100KM_E3_N3,,identity:explicit_bowl_barrow;monument:single_supported;relief:upstanding_supported,"Passed full-entry, geometry, coverage, and provenance gates.",2026-08-27,2026-08-27,2026-08-27T05:59:25.097000+00:00,1:10000,2020,1,National LIDAR Programme,false
1008235,accepted,yes,yes,yes,pass,pass,pass,BNG_100KM_E3_N5,,identity:explicit_bowl_barrow;monument:single_supported;relief:upstanding_supported,"Passed full-entry, geometry, coverage, and provenance gates.",2026-08-27,2026-08-27,2026-08-27T05:59:25.097000+00:00,1:10000,2021,1,National LIDAR Programme,false
1009480,accepted,yes,yes,yes,pass,pass,pass,BNG_100KM_E5_N1,,identity:explicit_bowl_barrow;monument:single_supported;relief:upstanding_supported,"Passed full-entry, geometry, coverage, and provenance gates.",2026-08-27,2026-08-27,2026-08-27T05:59:25.097000+00:00,1:10000,2021,1,National LIDAR Programme,false
1017618,rejected,no,uncertain,uncertain,not_reviewed,not_reviewed,not_reviewed,BNG_100KM_E6_N1,not_bowl_barrow,identity:not_explicit,Official entry does not explicitly support bowl-barrow identity.,2026-08-27,2026-08-27,2026-08-27T05:59:25.097000+00:00,1:10000,UNAVAILABLE,UNAVAILABLE,UNAVAILABLE,false
1010108,rejected,yes,yes,no,not_reviewed,not_reviewed,not_reviewed,BNG_100KM_E4_N1,no_upstanding_relief,identity:explicit_bowl_barrow;monument:single_supported;relief:levelled,Details do not support surviving upstanding relief.,2026-08-27,2026-08-27,2026-08-27T05:59:25.097000+00:00,1:10000,UNAVAILABLE,UNAVAILABLE,UNAVAILABLE,false
1018041,accepted,yes,yes,yes,pass,pass,pass,BNG_100KM_E5_N2,,identity:explicit_bowl_barrow;monument:single_supported;relief:upstanding_supported,"Passed full-entry, geometry, coverage, and provenance gates.",2026-08-27,2026-08-27,2026-08-27T05:59:25.097000+00:00,1:10000,2018,1,National LIDAR Programme,false
1008912,accepted,yes,yes,yes,pass,pass,pass,BNG_100KM_E3_N4,,identity:explicit_bowl_barrow;monument:single_supported;relief:upstanding_supported,"Passed full-entry, geometry, coverage, and provenance gates.",2026-08-27,2026-08-27,2026-08-27T05:59:25.097000+00:00,1:10000,2021,1,National LIDAR Programme,false
1018525,accepted,yes,yes,yes,pass,pass,pass,BNG_100KM_E2_N1,,identity:explicit_bowl_barrow;monument:single_supported;relief:upstanding_supported,"Passed full-entry, geometry, coverage, and provenance gates.",2026-08-27,2026-08-27,2026-08-27T05:59:25.097000+00:00,1:10000,2021,1,National LIDAR Programme,false
1007745,accepted,yes,yes,yes,pass,pass,pass,BNG_100KM_E5_N4,,identity:explicit_bowl_barrow;monument:single_supported;relief:upstanding_supported,"Passed full-entry, geometry, coverage, and provenance gates.",2026-08-27,2026-08-27,2026-08-27T05:59:25.097000+00:00,1:10000,2020,1,National LIDAR Programme,false
1010098,rejected,no,yes,yes,not_reviewed,not_reviewed,not_reviewed,BNG_100KM_E4_N3,cairn,identity:explicit_bowl_barrow;type:described_as_cairn,Details identify the scheduled feature as a cairn.,2026-08-27,2026-08-27,2026-08-27T05:59:25.097000+00:00,1:10000,UNAVAILABLE,UNAVAILABLE,UNAVAILABLE,false
1007569,accepted,yes,yes,yes,pass,pass,pass,BNG_100KM_E4_N4,,identity:explicit_bowl_barrow;monument:single_supported;relief:upstanding_supported,"Passed full-entry, geometry, coverage, and provenance gates.",2026-08-27,2026-08-27,2026-08-27T05:59:25.097000+00:00,1:10000,2018,1,National LIDAR Programme,false
1003050,accepted,yes,yes,yes,pass,pass,pass,BNG_100KM_E1_N0,,identity:explicit_bowl_barrow;monument:single_supported;relief:upstanding_supported,"Passed full-entry, geometry, coverage, and provenance gates.",2026-08-27,2026-08-27,2026-08-27T05:59:25.097000+00:00,1:2500,2021,1,National LIDAR Programme,false
1008684,uncertain,yes,yes,uncertain,not_reviewed,not_reviewed,not_reviewed,BNG_100KM_E6_N2,insufficient_evidence,identity:explicit_bowl_barrow;monument:single_supported;relief:insufficient_evidence,Surviving upstanding morphology is not explicit enough.,2026-08-27,2026-08-27,2026-08-27T05:59:25.097000+00:00,1:10000,UNAVAILABLE,UNAVAILABLE,UNAVAILABLE,false
1008287,accepted,yes,yes,yes,pass,pass,pass,BNG_100KM_E3_N1,,identity:explicit_bowl_barrow;monument:single_supported;relief:upstanding_supported,"Passed full-entry, geometry, coverage, and provenance gates.",2026-08-27,2026-08-27,2026-08-27T05:59:25.097000+00:00,1:10000,2019,1,National LIDAR Programme,false
1011280,accepted,yes,yes,yes,pass,pass,pass,BNG_100KM_E4_N5,,identity:explicit_bowl_barrow;monument:single_supported;relief:upstanding_supported,"Passed full-entry, geometry, coverage, and provenance gates.",2026-08-27,2026-08-27,2026-08-27T05:59:25.097000+00:00,1:10000,2018,1,National LIDAR Programme,false
1010507,needs_terrain_review,yes,yes,yes,pass,pass,needs_review,BNG_100KM_E4_N0,terrain_provenance_confounded,identity:explicit_bowl_barrow;monument:single_supported;relief:upstanding_supported,Terrain provenance requires review: terrain_provenance_confounded.,2026-08-27,2026-08-27,2026-08-27T05:59:25.097000+00:00,1:10000,UNAVAILABLE,UNAVAILABLE,UNAVAILABLE,false
1016733,uncertain,yes,yes,uncertain,not_reviewed,not_reviewed,not_reviewed,BNG_100KM_E3_N0,insufficient_evidence,identity:explicit_bowl_barrow;monument:single_supported;relief:insufficient_evidence,Surviving upstanding morphology is not explicit enough.,2026-08-27,2026-08-27,2026-08-27T05:59:25.097000+00:00,1:10000,UNAVAILABLE,UNAVAILABLE,UNAVAILABLE,false
1004414,accepted,yes,yes,yes,pass,pass,pass,BNG_100KM_E2_N0,,identity:explicit_bowl_barrow;monument:single_supported;relief:upstanding_supported,"Passed full-entry, geometry, coverage, and provenance gates.",2026-08-27,2026-08-27,2026-08-27T05:59:25.097000+00:00,1:10000,2019,1,National LIDAR Programme,false
1017082,accepted,yes,yes,yes,pass,pass,pass,BNG_100KM_E4_N2,,identity:explicit_bowl_barrow;monument:single_supported;relief:upstanding_supported,"Passed full-entry, geometry, coverage, and provenance gates.",2026-08-27,2026-08-27,2026-08-27T05:59:25.097000+00:00,1:10000,2020,1,National LIDAR Programme,false
1018586,accepted,yes,yes,yes,pass,pass,pass,BNG_100KM_E5_N3,,identity:explicit_bowl_barrow;monument:single_supported;relief:upstanding_supported,"Passed full-entry, geometry, coverage, and provenance gates.",2026-08-27,2026-08-27,2026-08-27T05:59:25.097000+00:00,1:10000,2019,1,National LIDAR Programme,false
1007339,accepted,yes,yes,yes,pass,pass,pass,BNG_100KM_E3_N2,,identity:explicit_bowl_barrow;monument:single_supported;relief:upstanding_supported,"Passed full-entry, geometry, coverage, and provenance gates.",2026-08-27,2026-08-27,2026-08-27T05:59:25.097000+00:00,1:10000,2020,1,National LIDAR Programme,false
1011165,accepted,yes,yes,yes,pass,pass,pass,BNG_100KM_E3_N3,,identity:explicit_bowl_barrow;monument:single_supported;relief:upstanding_supported,"Passed full-entry, geometry, coverage, and provenance gates.",2026-08-27,2026-08-27,2026-08-27T05:59:25.097000+00:00,1:10000,2020,1,National LIDAR Programme,false
1011511,accepted,yes,yes,yes,pass,pass,pass,BNG_100KM_E3_N5,,identity:explicit_bowl_barrow;monument:single_supported;relief:upstanding_supported,"Passed full-entry, geometry, coverage, and provenance gates.",2026-08-27,2026-08-27,2026-08-27T05:59:25.097000+00:00,1:10000,2021,1,National LIDAR Programme,false
1014949,accepted,yes,yes,yes,pass,pass,pass,BNG_100KM_E5_N1,,identity:explicit_bowl_barrow;monument:single_supported;relief:upstanding_supported,"Passed full-entry, geometry, coverage, and provenance gates.",2026-08-27,2026-08-27,2026-08-27T05:59:25.097000+00:00,1:10000,2019,1,National LIDAR Programme,false
1012275,rejected,no,uncertain,uncertain,not_reviewed,not_reviewed,not_reviewed,BNG_100KM_E6_N1,not_bowl_barrow,identity:not_explicit,Official entry does not explicitly support bowl-barrow identity.,2026-08-27,2026-08-27,2026-08-27T05:59:25.097000+00:00,1:10000,UNAVAILABLE,UNAVAILABLE,UNAVAILABLE,false
1009036,accepted,yes,yes,yes,pass,pass,pass,BNG_100KM_E4_N1,,identity:explicit_bowl_barrow;monument:single_supported;relief:upstanding_supported,"Passed full-entry, geometry, coverage, and provenance gates.",2026-08-27,2026-08-27,2026-08-27T05:59:25.097000+00:00,1:10000,2017,1,National LIDAR Programme,false
1013521,uncertain,yes,yes,uncertain,not_reviewed,not_reviewed,not_reviewed,BNG_100KM_E5_N2,insufficient_evidence,identity:explicit_bowl_barrow;monument:single_supported;relief:insufficient_evidence,Surviving upstanding morphology is not explicit enough.,2026-08-27,2026-08-27,2026-08-27T05:59:25.097000+00:00,1:10000,UNAVAILABLE,UNAVAILABLE,UNAVAILABLE,false
1009113,accepted,yes,yes,yes,pass,pass,pass,BNG_100KM_E3_N4,,identity:explicit_bowl_barrow;monument:single_supported;relief:upstanding_supported,"Passed full-entry, geometry, coverage, and provenance gates.",2026-08-27,2026-08-27,2026-08-27T05:59:25.097000+00:00,1:10000,2020,1,National LIDAR Programme,false
1016643,accepted,yes,yes,yes,pass,pass,pass,BNG_100KM_E2_N1,,identity:explicit_bowl_barrow;monument:single_supported;relief:upstanding_supported,"Passed full-entry, geometry, coverage, and provenance gates.",2026-08-27,2026-08-27,2026-08-27T05:59:25.097000+00:00,1:10000,2021,1,National LIDAR Programme,false
1015310,uncertain,yes,yes,uncertain,not_reviewed,not_reviewed,not_reviewed,BNG_100KM_E5_N4,insufficient_evidence,identity:explicit_bowl_barrow;monument:single_supported;relief:insufficient_evidence,Surviving upstanding morphology is not explicit enough.,2026-08-27,2026-08-27,2026-08-27T05:59:25.097000+00:00,1:10000,UNAVAILABLE,UNAVAILABLE,UNAVAILABLE,false
1010388,needs_terrain_review,yes,yes,yes,pass,pass,needs_review,BNG_100KM_E4_N3,terrain_provenance_confounded,identity:explicit_bowl_barrow;monument:single_supported;relief:upstanding_supported,Terrain provenance requires review: terrain_provenance_confounded.,2026-08-27,2026-08-27,2026-08-27T05:59:25.097000+00:00,1:10000,UNAVAILABLE,UNAVAILABLE,UNAVAILABLE,false
1012100,accepted,yes,yes,yes,pass,pass,pass,BNG_100KM_E4_N4,,identity:explicit_bowl_barrow;monument:single_supported;relief:upstanding_supported,"Passed full-entry, geometry, coverage, and provenance gates.",2026-08-27,2026-08-27,2026-08-27T05:59:25.097000+00:00,1:10000,2018,1,National LIDAR Programme,false
1004337,needs_terrain_review,yes,yes,yes,pass,pass,needs_review,BNG_100KM_E1_N0,terrain_provenance_confounded,identity:explicit_bowl_barrow;monument:single_supported;relief:upstanding_supported,Terrain provenance requires review: terrain_provenance_confounded.,2026-08-27,2026-08-27,2026-08-27T05:59:25.097000+00:00,1:10000,UNAVAILABLE,UNAVAILABLE,UNAVAILABLE,false
1007355,accepted,yes,yes,yes,pass,pass,pass,BNG_100KM_E6_N2,,identity:explicit_bowl_barrow;monument:single_supported;relief:upstanding_supported,"Passed full-entry, geometry, coverage, and provenance gates.",2026-08-27,2026-08-27,2026-08-27T05:59:25.097000+00:00,1:10000,2018,1,National LIDAR Programme,false
1009900,uncertain,yes,yes,uncertain,not_reviewed,not_reviewed,not_reviewed,BNG_100KM_E3_N1,insufficient_evidence,identity:explicit_bowl_barrow;monument:single_supported;relief:insufficient_evidence,Surviving upstanding morphology is not explicit enough.,2026-08-27,2026-08-27,2026-08-27T05:59:25.097000+00:00,1:10000,UNAVAILABLE,UNAVAILABLE,UNAVAILABLE,false
1009855,rejected,yes,yes,yes,pass,fail,not_reviewed,BNG_100KM_E4_N5,terrain_no_1m_coverage,identity:explicit_bowl_barrow;monument:single_supported;relief:upstanding_supported,Terrain coverage QA failed: terrain_no_1m_coverage.,2026-08-27,2026-08-27,2026-08-27T05:59:25.097000+00:00,1:10000,UNAVAILABLE,UNAVAILABLE,UNAVAILABLE,true
1020138,uncertain,yes,yes,uncertain,not_reviewed,not_reviewed,not_reviewed,BNG_100KM_E4_N0,insufficient_evidence,identity:explicit_bowl_barrow;monument:single_supported;relief:insufficient_evidence,Surviving upstanding morphology is not explicit enough.,2026-08-27,2026-08-27,2026-08-27T05:59:25.097000+00:00,1:10000,UNAVAILABLE,UNAVAILABLE,UNAVAILABLE,true
1014830,accepted,yes,yes,yes,pass,pass,pass,BNG_100KM_E3_N0,,identity:explicit_bowl_barrow;monument:single_supported;relief:upstanding_supported,"Passed full-entry, geometry, coverage, and provenance gates.",2026-08-27,2026-08-27,2026-08-27T05:59:25.097000+00:00,1:10000,2021,1,National LIDAR Programme,true
1006683,needs_terrain_review,yes,yes,yes,pass,pass,needs_review,BNG_100KM_E2_N0,terrain_provenance_confounded,identity:explicit_bowl_barrow;monument:single_supported;relief:upstanding_supported,Terrain provenance requires review: terrain_provenance_confounded.,2026-08-27,2026-08-27,2026-08-27T05:59:25.097000+00:00,1:10000,UNAVAILABLE,UNAVAILABLE,UNAVAILABLE,true
1009353,accepted,yes,yes,yes,pass,pass,pass,BNG_100KM_E4_N2,,identity:explicit_bowl_barrow;monument:single_supported;relief:upstanding_supported,"Passed full-entry, geometry, coverage, and provenance gates.",2026-08-27,2026-08-27,2026-08-27T05:59:25.097000+00:00,1:10000,2019,1,National LIDAR Programme,false
1021303,needs_terrain_review,yes,yes,yes,pass,pass,needs_review,BNG_100KM_E5_N3,terrain_provenance_confounded,identity:explicit_bowl_barrow;monument:single_supported;relief:upstanding_supported,Terrain provenance requires review: terrain_provenance_confounded.,2026-08-27,2026-08-27,2026-08-27T05:59:25.097000+00:00,1:10000,UNAVAILABLE,UNAVAILABLE,UNAVAILABLE,false
1017078,accepted,yes,yes,yes,pass,pass,pass,BNG_100KM_E3_N2,,identity:explicit_bowl_barrow;monument:single_supported;relief:upstanding_supported,"Passed full-entry, geometry, coverage, and provenance gates.",2026-08-27,2026-08-27,2026-08-27T05:59:25.097000+00:00,1:10000,2019,1,National LIDAR Programme,false
1011065,rejected,yes,yes,no,not_reviewed,not_reviewed,not_reviewed,BNG_100KM_E3_N3,no_upstanding_relief,identity:explicit_bowl_barrow;monument:single_supported;relief:levelled,Details do not support surviving upstanding relief.,2026-08-27,2026-08-27,2026-08-27T05:59:25.097000+00:00,1:10000,UNAVAILABLE,UNAVAILABLE,UNAVAILABLE,false
1012820,accepted,yes,yes,yes,pass,pass,pass,BNG_100KM_E3_N5,,identity:explicit_bowl_barrow;monument:single_supported;relief:upstanding_supported,"Passed full-entry, geometry, coverage, and provenance gates.",2026-08-27,2026-08-27,2026-08-27T05:59:25.097000+00:00,1:10000,2020,1,National LIDAR Programme,false
1020357,accepted,yes,yes,yes,pass,pass,pass,BNG_100KM_E5_N1,,identity:explicit_bowl_barrow;monument:single_supported;relief:upstanding_supported,"Passed full-entry, geometry, coverage, and provenance gates.",2026-08-27,2026-08-27,2026-08-27T05:59:25.097000+00:00,1:10000,2021,1,National LIDAR Programme,false
1011765,accepted,yes,yes,yes,pass,pass,pass,BNG_100KM_E6_N1,,identity:explicit_bowl_barrow;monument:single_supported;relief:upstanding_supported,"Passed full-entry, geometry, coverage, and provenance gates.",2026-08-27,2026-08-27,2026-08-27T05:59:25.097000+00:00,1:10000,2018,1,National LIDAR Programme,false
1009909,uncertain,yes,yes,uncertain,not_reviewed,not_reviewed,not_reviewed,BNG_100KM_E4_N1,insufficient_evidence,identity:explicit_bowl_barrow;monument:single_supported;relief:insufficient_evidence,Surviving upstanding morphology is not explicit enough.,2026-08-27,2026-08-27,2026-08-27T05:59:25.097000+00:00,1:10000,UNAVAILABLE,UNAVAILABLE,UNAVAILABLE,false
1015012,accepted,yes,yes,yes,pass,pass,pass,BNG_100KM_E5_N2,,identity:explicit_bowl_barrow;monument:single_supported;relief:upstanding_supported,"Passed full-entry, geometry, coverage, and provenance gates.",2026-08-27,2026-08-27,2026-08-27T05:59:25.097000+00:00,1:10000,2018,1,National LIDAR Programme,true
1012596,rejected,no,uncertain,uncertain,not_reviewed,not_reviewed,not_reviewed,BNG_100KM_E3_N4,not_bowl_barrow,identity:not_explicit,Official entry does not explicitly support bowl-barrow identity.,2026-08-27,2026-08-27,2026-08-27T05:59:25.097000+00:00,1:10000,UNAVAILABLE,UNAVAILABLE,UNAVAILABLE,false
1015140,accepted,yes,yes,yes,pass,pass,pass,BNG_100KM_E2_N1,,identity:explicit_bowl_barrow;monument:single_supported;relief:upstanding_supported,"Passed full-entry, geometry, coverage, and provenance gates.",2026-08-27,2026-08-27,2026-08-27T05:59:25.097000+00:00,1:10000,2022,1,National LIDAR Programme,false
1013624,accepted,yes,yes,yes,pass,pass,pass,BNG_100KM_E5_N4,,identity:explicit_bowl_barrow;monument:single_supported;relief:upstanding_supported,"Passed full-entry, geometry, coverage, and provenance gates.",2026-08-27,2026-08-27,2026-08-27T05:59:25.097000+00:00,1:10000,2018,1,National LIDAR Programme,false
1008056,accepted,yes,yes,yes,pass,pass,pass,BNG_100KM_E4_N3,,identity:explicit_bowl_barrow;monument:single_supported;relief:upstanding_supported,"Passed full-entry, geometry, coverage, and provenance gates.",2026-08-27,2026-08-27,2026-08-27T05:59:25.097000+00:00,1:10000,2021,1,National LIDAR Programme,false
1007533,accepted,yes,yes,yes,pass,pass,pass,BNG_100KM_E4_N4,,identity:explicit_bowl_barrow;monument:single_supported;relief:upstanding_supported,"Passed full-entry, geometry, coverage, and provenance gates.",2026-08-27,2026-08-27,2026-08-27T05:59:25.097000+00:00,1:10000,2018,1,National LIDAR Programme,false
1016103,needs_terrain_review,yes,yes,yes,pass,pass,needs_review,BNG_100KM_E1_N0,terrain_provenance_confounded,identity:explicit_bowl_barrow;monument:single_supported;relief:upstanding_supported,Terrain provenance requires review: terrain_provenance_confounded.,2026-08-27,2026-08-27,2026-08-27T05:59:25.097000+00:00,1:10000,UNAVAILABLE,UNAVAILABLE,UNAVAILABLE,true
1013879,accepted,yes,yes,yes,pass,pass,pass,BNG_100KM_E6_N2,,identity:explicit_bowl_barrow;monument:single_supported;relief:upstanding_supported,"Passed full-entry, geometry, coverage, and provenance gates.",2026-08-27,2026-08-27,2026-08-27T05:59:25.097000+00:00,1:10000,2020,1,National LIDAR Programme,false
1009743,accepted,yes,yes,yes,pass,pass,pass,BNG_100KM_E3_N1,,identity:explicit_bowl_barrow;monument:single_supported;relief:upstanding_supported,"Passed full-entry, geometry, coverage, and provenance gates.",2026-08-27,2026-08-27,2026-08-27T05:59:25.097000+00:00,1:10000,2019,1,National LIDAR Programme,true
1011271,accepted,yes,yes,yes,pass,pass,pass,BNG_100KM_E4_N5,,identity:explicit_bowl_barrow;monument:single_supported;relief:upstanding_supported,"Passed full-entry, geometry, coverage, and provenance gates.",2026-08-27,2026-08-27,2026-08-27T05:59:25.097000+00:00,1:10000,2018,1,National LIDAR Programme,false
1008812,accepted,yes,yes,yes,pass,pass,pass,BNG_100KM_E4_N0,,identity:explicit_bowl_barrow;monument:single_supported;relief:upstanding_supported,"Passed full-entry, geometry, coverage, and provenance gates.",2026-08-27,2026-08-27,2026-08-27T05:59:25.097000+00:00,1:10000,2018,1,National LIDAR Programme,false
1015378,uncertain,yes,yes,uncertain,not_reviewed,not_reviewed,not_reviewed,BNG_100KM_E3_N0,insufficient_evidence,identity:explicit_bowl_barrow;monument:single_supported;relief:insufficient_evidence,Surviving upstanding morphology is not explicit enough.,2026-08-27,2026-08-27,2026-08-27T05:59:25.097000+00:00,1:10000,UNAVAILABLE,UNAVAILABLE,UNAVAILABLE,false
1015991,accepted,yes,yes,yes,pass,pass,pass,BNG_100KM_E2_N0,,identity:explicit_bowl_barrow;monument:single_supported;relief:upstanding_supported,"Passed full-entry, geometry, coverage, and provenance gates.",2026-08-27,2026-08-27,2026-08-27T05:59:25.097000+00:00,1:10000,2022,1,National LIDAR Programme,false
1013321,needs_terrain_review,yes,yes,yes,pass,pass,needs_review,BNG_100KM_E4_N2,terrain_provenance_confounded,identity:explicit_bowl_barrow;monument:single_supported;relief:upstanding_supported,Terrain provenance requires review: terrain_provenance_confounded.,2026-08-27,2026-08-27,2026-08-27T05:59:25.097000+00:00,1:10000,UNAVAILABLE,UNAVAILABLE,UNAVAILABLE,false
1018841,rejected,yes,yes,no,not_reviewed,not_reviewed,not_reviewed,BNG_100KM_E5_N3,no_upstanding_relief,identity:explicit_bowl_barrow;monument:single_supported;relief:levelled,Details do not support surviving upstanding relief.,2026-08-27,2026-08-27,2026-08-27T05:59:25.097000+00:00,1:10000,UNAVAILABLE,UNAVAILABLE,UNAVAILABLE,false
1016664,accepted,yes,yes,yes,pass,pass,pass,BNG_100KM_E3_N2,,identity:explicit_bowl_barrow;monument:single_supported;relief:upstanding_supported,"Passed full-entry, geometry, coverage, and provenance gates.",2026-08-27,2026-08-27,2026-08-27T05:59:25.097000+00:00,1:10000,2020,1,National LIDAR Programme,false
1016829,accepted,yes,yes,yes,pass,pass,pass,BNG_100KM_E3_N3,,identity:explicit_bowl_barrow;monument:single_supported;relief:upstanding_supported,"Passed full-entry, geometry, coverage, and provenance gates.",2026-08-27,2026-08-27,2026-08-27T05:59:25.097000+00:00,1:10000,2021,1,National LIDAR Programme,false
1011156,accepted,yes,yes,yes,pass,pass,pass,BNG_100KM_E3_N5,,identity:explicit_bowl_barrow;monument:single_supported;relief:upstanding_supported,"Passed full-entry, geometry, coverage, and provenance gates.",2026-08-27,2026-08-27,2026-08-27T05:59:25.097000+00:00,1:10000,2021,1,National LIDAR Programme,false
1015116,accepted,yes,yes,yes,pass,pass,pass,BNG_100KM_E5_N1,,identity:explicit_bowl_barrow;monument:single_supported;relief:upstanding_supported,"Passed full-entry, geometry, coverage, and provenance gates.",2026-08-27,2026-08-27,2026-08-27T05:59:25.097000+00:00,1:10000,2019,1,National LIDAR Programme,false
1012210,rejected,no,uncertain,uncertain,not_reviewed,not_reviewed,not_reviewed,BNG_100KM_E6_N1,not_bowl_barrow,identity:not_explicit,Official entry does not explicitly support bowl-barrow identity.,2026-08-27,2026-08-27,2026-08-27T05:59:25.097000+00:00,1:10000,UNAVAILABLE,UNAVAILABLE,UNAVAILABLE,true
1009876,uncertain,yes,yes,uncertain,not_reviewed,not_reviewed,not_reviewed,BNG_100KM_E4_N1,insufficient_evidence,identity:explicit_bowl_barrow;monument:single_supported;relief:insufficient_evidence,Surviving upstanding morphology is not explicit enough.,2026-08-27,2026-08-27,2026-08-27T05:59:25.097000+00:00,1:10000,UNAVAILABLE,UNAVAILABLE,UNAVAILABLE,false
1020392,accepted,yes,yes,yes,pass,pass,pass,BNG_100KM_E5_N2,,identity:explicit_bowl_barrow;monument:single_supported;relief:upstanding_supported,"Passed full-entry, geometry, coverage, and provenance gates.",2026-08-27,2026-08-27,2026-08-27T05:59:25.097000+00:00,1:10000,2019,1,National LIDAR Programme,false
1011681,needs_terrain_review,yes,yes,yes,pass,pass,needs_review,BNG_100KM_E3_N4,terrain_provenance_confounded,identity:explicit_bowl_barrow;monument:single_supported;relief:upstanding_supported,Terrain provenance requires review: terrain_provenance_confounded.,2026-08-27,2026-08-27,2026-08-27T05:59:25.097000+00:00,1:10000,UNAVAILABLE,UNAVAILABLE,UNAVAILABLE,false
1017975,accepted,yes,yes,yes,pass,pass,pass,BNG_100KM_E2_N1,,identity:explicit_bowl_barrow;monument:single_supported;relief:upstanding_supported,"Passed full-entry, geometry, coverage, and provenance gates.",2026-08-27,2026-08-27,2026-08-27T05:59:25.097000+00:00,1:10000,2022,1,National LIDAR Programme,false
1007746,accepted,yes,yes,yes,pass,pass,pass,BNG_100KM_E5_N4,,identity:explicit_bowl_barrow;monument:single_supported;relief:upstanding_supported,"Passed full-entry, geometry, coverage, and provenance gates.",2026-08-27,2026-08-27,2026-08-27T05:59:25.097000+00:00,1:10000,2020,1,National LIDAR Programme,false
1011675,accepted,yes,yes,yes,pass,pass,pass,BNG_100KM_E4_N3,,identity:explicit_bowl_barrow;monument:single_supported;relief:upstanding_supported,"Passed full-entry, geometry, coverage, and provenance gates.",2026-08-27,2026-08-27,2026-08-27T05:59:25.097000+00:00,1:10000,2020,1,National LIDAR Programme,false
1007482,rejected,yes,yes,no,not_reviewed,not_reviewed,not_reviewed,BNG_100KM_E4_N4,no_upstanding_relief,identity:explicit_bowl_barrow;monument:single_supported;relief:levelled,Details do not support surviving upstanding relief.,2026-08-27,2026-08-27,2026-08-27T05:59:25.097000+00:00,1:10000,UNAVAILABLE,UNAVAILABLE,UNAVAILABLE,false
1004358,accepted,yes,yes,yes,pass,pass,pass,BNG_100KM_E1_N0,,identity:explicit_bowl_barrow;monument:single_supported;relief:upstanding_supported,"Passed full-entry, geometry, coverage, and provenance gates.",2026-08-27,2026-08-27,2026-08-27T05:59:25.097000+00:00,1:10000,2020,1,National LIDAR Programme,false
1008729,accepted,yes,yes,yes,pass,pass,pass,BNG_100KM_E6_N2,,identity:explicit_bowl_barrow;monument:single_supported;relief:upstanding_supported,"Passed full-entry, geometry, coverage, and provenance gates.",2026-08-27,2026-08-27,2026-08-27T05:59:25.097000+00:00,1:10000,2018,1,National LIDAR Programme,false
1010427,accepted,yes,yes,yes,pass,pass,pass,BNG_100KM_E3_N1,,identity:explicit_bowl_barrow;monument:single_supported;relief:upstanding_supported,"Passed full-entry, geometry, coverage, and provenance gates.",2026-08-27,2026-08-27,2026-08-27T05:59:25.097000+00:00,1:10000,2019,1,National LIDAR Programme,false
1011965,accepted,yes,yes,yes,pass,pass,pass,BNG_100KM_E4_N5,,identity:explicit_bowl_barrow;monument:single_supported;relief:upstanding_supported,"Passed full-entry, geometry, coverage, and provenance gates.",2026-08-27,2026-08-27,2026-08-27T05:59:25.097000+00:00,1:10000,2009,1,EA Composite source survey,false
1016092,accepted,yes,yes,yes,pass,pass,pass,BNG_100KM_E4_N0,,identity:explicit_bowl_barrow;monument:single_supported;relief:upstanding_supported,"Passed full-entry, geometry, coverage, and provenance gates.",2026-08-27,2026-08-27,2026-08-27T05:59:25.097000+00:00,1:10000,2018,1,National LIDAR Programme,false
1017265,uncertain,yes,yes,uncertain,not_reviewed,not_reviewed,not_reviewed,BNG_100KM_E3_N0,insufficient_evidence,identity:explicit_bowl_barrow;monument:single_supported;relief:insufficient_evidence,Surviving upstanding morphology is not explicit enough.,2026-08-27,2026-08-27,2026-08-27T05:59:25.097000+00:00,1:10000,UNAVAILABLE,UNAVAILABLE,UNAVAILABLE,false
1017971,accepted,yes,yes,yes,pass,pass,pass,BNG_100KM_E2_N0,,identity:explicit_bowl_barrow;monument:single_supported;relief:upstanding_supported,"Passed full-entry, geometry, coverage, and provenance gates.",2026-08-27,2026-08-27,2026-08-27T05:59:25.097000+00:00,1:10000,2021,1,National LIDAR Programme,false
1010200,accepted,yes,yes,yes,pass,pass,pass,BNG_100KM_E4_N2,,identity:explicit_bowl_barrow;monument:single_supported;relief:upstanding_supported,"Passed full-entry, geometry, coverage, and provenance gates.",2026-08-27,2026-08-27,2026-08-27T05:59:25.097000+00:00,1:10000,2021,1,National LIDAR Programme,false
1018013,rejected,yes,yes,no,not_reviewed,not_reviewed,not_reviewed,BNG_100KM_E5_N3,no_upstanding_relief,identity:explicit_bowl_barrow;monument:single_supported;relief:levelled,Details do not support surviving upstanding relief.,2026-08-27,2026-08-27,2026-08-27T05:59:25.097000+00:00,1:10000,UNAVAILABLE,UNAVAILABLE,UNAVAILABLE,false
1016662,accepted,yes,yes,yes,pass,pass,pass,BNG_100KM_E3_N2,,identity:explicit_bowl_barrow;monument:single_supported;relief:upstanding_supported,"Passed full-entry, geometry, coverage, and provenance gates.",2026-08-27,2026-08-27,2026-08-27T05:59:25.097000+00:00,1:10000,2020,1,National LIDAR Programme,false
1011166,accepted,yes,yes,yes,pass,pass,pass,BNG_100KM_E3_N3,,identity:explicit_bowl_barrow;monument:single_supported;relief:upstanding_supported,"Passed full-entry, geometry, coverage, and provenance gates.",2026-08-27,2026-08-27,2026-08-27T05:59:25.097000+00:00,1:10000,2020,1,National LIDAR Programme,false
1007609,accepted,yes,yes,yes,pass,pass,pass,BNG_100KM_E3_N5,,identity:explicit_bowl_barrow;monument:single_supported;relief:upstanding_supported,"Passed full-entry, geometry, coverage, and provenance gates.",2026-08-27,2026-08-27,2026-08-27T05:59:25.097000+00:00,1:10000,2021,1,National LIDAR Programme,false
1009943,needs_terrain_review,yes,yes,yes,pass,pass,needs_review,BNG_100KM_E5_N1,terrain_provenance_confounded,identity:explicit_bowl_barrow;monument:single_supported;relief:upstanding_supported,Terrain provenance requires review: terrain_provenance_confounded.,2026-08-27,2026-08-27,2026-08-27T05:59:25.097000+00:00,1:10000,UNAVAILABLE,UNAVAILABLE,UNAVAILABLE,true
1012115,accepted,yes,yes,yes,pass,pass,pass,BNG_100KM_E6_N1,,identity:explicit_bowl_barrow;monument:single_supported;relief:upstanding_supported,"Passed full-entry, geometry, coverage, and provenance gates.",2026-08-27,2026-08-27,2026-08-27T05:59:25.097000+00:00,1:10000,2018,1,National LIDAR Programme,false
1016093,accepted,yes,yes,yes,pass,pass,pass,BNG_100KM_E4_N1,,identity:explicit_bowl_barrow;monument:single_supported;relief:upstanding_supported,"Passed full-entry, geometry, coverage, and provenance gates.",2026-08-27,2026-08-27,2026-08-27T05:59:25.097000+00:00,1:10000,2017,1,National LIDAR Programme,false
1015010,accepted,yes,yes,yes,pass,pass,pass,BNG_100KM_E5_N2,,identity:explicit_bowl_barrow;monument:single_supported;relief:upstanding_supported,"Passed full-entry, geometry, coverage, and provenance gates.",2026-08-27,2026-08-27,2026-08-27T05:59:25.097000+00:00,1:10000,2018,1,National LIDAR Programme,false
1009494,needs_terrain_review,yes,yes,yes,pass,pass,needs_review,BNG_100KM_E3_N4,terrain_provenance_confounded,identity:explicit_bowl_barrow;monument:single_supported;relief:upstanding_supported,Terrain provenance requires review: terrain_provenance_confounded.,2026-08-27,2026-08-27,2026-08-27T05:59:25.097000+00:00,1:10000,UNAVAILABLE,UNAVAILABLE,UNAVAILABLE,false
1017980,accepted,yes,yes,yes,pass,pass,pass,BNG_100KM_E2_N1,,identity:explicit_bowl_barrow;monument:single_supported;relief:upstanding_supported,"Passed full-entry, geometry, coverage, and provenance gates.",2026-08-27,2026-08-27,2026-08-27T05:59:25.097000+00:00,1:10000,2021,1,National LIDAR Programme,false
1008130,accepted,yes,yes,yes,pass,pass,pass,BNG_100KM_E5_N4,,identity:explicit_bowl_barrow;monument:single_supported;relief:upstanding_supported,"Passed full-entry, geometry, coverage, and provenance gates.",2026-08-27,2026-08-27,2026-08-27T05:59:25.097000+00:00,1:10000,2020,1,National LIDAR Programme,false
1008719,accepted,yes,yes,yes,pass,pass,pass,BNG_100KM_E4_N3,,identity:explicit_bowl_barrow;monument:single_supported;relief:upstanding_supported,"Passed full-entry, geometry, coverage, and provenance gates.",2026-08-27,2026-08-27,2026-08-27T05:59:25.097000+00:00,1:10000,2020,1,National LIDAR Programme,false
1013853,accepted,yes,yes,yes,pass,pass,pass,BNG_100KM_E4_N4,,identity:explicit_bowl_barrow;monument:single_supported;relief:upstanding_supported,"Passed full-entry, geometry, coverage, and provenance gates.",2026-08-27,2026-08-27,2026-08-27T05:59:25.097000+00:00,1:10000,2018,1,National LIDAR Programme,true
1004495,needs_terrain_review,yes,yes,yes,pass,pass,needs_review,BNG_100KM_E1_N0,terrain_provenance_confounded,identity:explicit_bowl_barrow;monument:single_supported;relief:upstanding_supported,Terrain provenance requires review: terrain_provenance_confounded.,2026-08-27,2026-08-27,2026-08-27T05:59:25.097000+00:00,1:10000,UNAVAILABLE,UNAVAILABLE,UNAVAILABLE,false
1011382,needs_terrain_review,yes,yes,yes,pass,pass,needs_review,BNG_100KM_E6_N2,terrain_provenance_confounded,identity:explicit_bowl_barrow;monument:single_supported;relief:upstanding_supported,Terrain provenance requires review: terrain_provenance_confounded.,2026-08-27,2026-08-27,2026-08-27T05:59:25.097000+00:00,1:10000,UNAVAILABLE,UNAVAILABLE,UNAVAILABLE,true
1016077,accepted,yes,yes,yes,pass,pass,pass,BNG_100KM_E3_N1,,identity:explicit_bowl_barrow;monument:single_supported;relief:upstanding_supported,"Passed full-entry, geometry, coverage, and provenance gates.",2026-08-27,2026-08-27,2026-08-27T05:59:25.097000+00:00,1:10000,2020,1,National LIDAR Programme,false
1011963,rejected,yes,yes,yes,pass,fail,not_reviewed,BNG_100KM_E4_N5,terrain_patch_incomplete,identity:explicit_bowl_barrow;monument:single_supported;relief:upstanding_supported,Terrain coverage QA failed: terrain_patch_incomplete.,2026-08-27,2026-08-27,2026-08-27T05:59:25.097000+00:00,1:10000,UNAVAILABLE,UNAVAILABLE,UNAVAILABLE,true
1015205,accepted,yes,yes,yes,pass,pass,pass,BNG_100KM_E4_N0,,identity:explicit_bowl_barrow;monument:single_supported;relief:upstanding_supported,"Passed full-entry, geometry, coverage, and provenance gates.",2026-08-27,2026-08-27,2026-08-27T05:59:25.097000+00:00,1:10000,2021,1,National LIDAR Programme,false
1017281,accepted,yes,yes,yes,pass,pass,pass,BNG_100KM_E3_N0,,identity:explicit_bowl_barrow;monument:single_supported;relief:upstanding_supported,"Passed full-entry, geometry, coverage, and provenance gates.",2026-08-27,2026-08-27,2026-08-27T05:59:25.097000+00:00,1:10000,2021,1,National LIDAR Programme,true
1019320,accepted,yes,yes,yes,pass,pass,pass,BNG_100KM_E2_N0,,identity:explicit_bowl_barrow;monument:single_supported;relief:upstanding_supported,"Passed full-entry, geometry, coverage, and provenance gates.",2026-08-27,2026-08-27,2026-08-27T05:59:25.097000+00:00,1:10000,2019,1,National LIDAR Programme,false
1016529,accepted,yes,yes,yes,pass,pass,pass,BNG_100KM_E4_N2,,identity:explicit_bowl_barrow;monument:single_supported;relief:upstanding_supported,"Passed full-entry, geometry, coverage, and provenance gates.",2026-08-27,2026-08-27,2026-08-27T05:59:25.097000+00:00,1:10000,2020,1,National LIDAR Programme,false
1021315,accepted,yes,yes,yes,pass,pass,pass,BNG_100KM_E5_N3,,identity:explicit_bowl_barrow;monument:single_supported;relief:upstanding_supported,"Passed full-entry, geometry, coverage, and provenance gates.",2026-08-27,2026-08-27,2026-08-27T05:59:25.097000+00:00,1:10000,2019,1,National LIDAR Programme,true
1017347,accepted,yes,yes,yes,pass,pass,pass,BNG_100KM_E3_N2,,identity:explicit_bowl_barrow;monument:single_supported;relief:upstanding_supported,"Passed full-entry, geometry, coverage, and provenance gates.",2026-08-27,2026-08-27,2026-08-27T05:59:25.097000+00:00,1:10000,2020,1,National LIDAR Programme,false
1009315,accepted,yes,yes,yes,pass,pass,pass,BNG_100KM_E3_N3,,identity:explicit_bowl_barrow;monument:single_supported;relief:upstanding_supported,"Passed full-entry, geometry, coverage, and provenance gates.",2026-08-27,2026-08-27,2026-08-27T05:59:25.097000+00:00,1:10000,2021,1,National LIDAR Programme,false
1011151,accepted,yes,yes,yes,pass,pass,pass,BNG_100KM_E3_N5,,identity:explicit_bowl_barrow;monument:single_supported;relief:upstanding_supported,"Passed full-entry, geometry, coverage, and provenance gates.",2026-08-27,2026-08-27,2026-08-27T05:59:25.097000+00:00,1:10000,2021,1,National LIDAR Programme,false
1014947,accepted,yes,yes,yes,pass,pass,pass,BNG_100KM_E5_N1,,identity:explicit_bowl_barrow;monument:single_supported;relief:upstanding_supported,"Passed full-entry, geometry, coverage, and provenance gates.",2026-08-27,2026-08-27,2026-08-27T05:59:25.097000+00:00,1:10000,2019,1,National LIDAR Programme,false
1009008,uncertain,yes,yes,uncertain,not_reviewed,not_reviewed,not_reviewed,BNG_100KM_E6_N1,insufficient_evidence,identity:explicit_bowl_barrow;monument:single_supported;relief:insufficient_evidence,Surviving upstanding morphology is not explicit enough.,2026-08-27,2026-08-27,2026-08-27T05:59:25.097000+00:00,1:10000,UNAVAILABLE,UNAVAILABLE,UNAVAILABLE,false
1009457,accepted,yes,yes,yes,pass,pass,pass,BNG_100KM_E4_N1,,identity:explicit_bowl_barrow;monument:single_supported;relief:upstanding_supported,"Passed full-entry, geometry, coverage, and provenance gates.",2026-08-27,2026-08-27,2026-08-27T05:59:25.097000+00:00,1:10000,2021,1,National LIDAR Programme,false
1009428,accepted,yes,yes,yes,pass,pass,pass,BNG_100KM_E5_N2,,identity:explicit_bowl_barrow;monument:single_supported;relief:upstanding_supported,"Passed full-entry, geometry, coverage, and provenance gates.",2026-08-27,2026-08-27,2026-08-27T05:59:25.097000+00:00,1:10000,2019,1,National LIDAR Programme,true
1016652,accepted,yes,yes,yes,pass,pass,pass,BNG_100KM_E2_N1,,identity:explicit_bowl_barrow;monument:single_supported;relief:upstanding_supported,"Passed full-entry, geometry, coverage, and provenance gates.",2026-08-27,2026-08-27,2026-08-27T05:59:25.097000+00:00,1:10000,2022,1,National LIDAR Programme,false
1007739,accepted,yes,yes,yes,pass,pass,pass,BNG_100KM_E5_N4,,identity:explicit_bowl_barrow;monument:single_supported;relief:upstanding_supported,"Passed full-entry, geometry, coverage, and provenance gates.",2026-08-27,2026-08-27,2026-08-27T05:59:25.097000+00:00,1:10000,2018,1,National LIDAR Programme,false
1009432,accepted,yes,yes,yes,pass,pass,pass,BNG_100KM_E4_N3,,identity:explicit_bowl_barrow;monument:single_supported;relief:upstanding_supported,"Passed full-entry, geometry, coverage, and provenance gates.",2026-08-27,2026-08-27,2026-08-27T05:59:25.097000+00:00,1:10000,2022,1,National LIDAR Programme,false
1013459,accepted,yes,yes,yes,pass,pass,pass,BNG_100KM_E4_N4,,identity:explicit_bowl_barrow;monument:single_supported;relief:upstanding_supported,"Passed full-entry, geometry, coverage, and provenance gates.",2026-08-27,2026-08-27,2026-08-27T05:59:25.097000+00:00,1:10000,2018,1,National LIDAR Programme,false
1016165,needs_terrain_review,yes,yes,yes,pass,pass,needs_review,BNG_100KM_E1_N0,terrain_provenance_confounded,identity:explicit_bowl_barrow;monument:single_supported;relief:upstanding_supported,Terrain provenance requires review: terrain_provenance_confounded.,2026-08-27,2026-08-27,2026-08-27T05:59:25.097000+00:00,1:10000,UNAVAILABLE,UNAVAILABLE,UNAVAILABLE,false
1007330,rejected,yes,yes,no,not_reviewed,not_reviewed,not_reviewed,BNG_100KM_E6_N2,no_upstanding_relief,identity:explicit_bowl_barrow;monument:single_supported;relief:levelled,Details do not support surviving upstanding relief.,2026-08-27,2026-08-27,2026-08-27T05:59:25.097000+00:00,1:10000,UNAVAILABLE,UNAVAILABLE,UNAVAILABLE,false
1010281,accepted,yes,yes,yes,pass,pass,pass,BNG_100KM_E3_N1,,identity:explicit_bowl_barrow;monument:single_supported;relief:upstanding_supported,"Passed full-entry, geometry, coverage, and provenance gates.",2026-08-27,2026-08-27,2026-08-27T05:59:25.097000+00:00,1:10000,2019,1,National LIDAR Programme,false
1011976,accepted,yes,yes,yes,pass,pass,pass,BNG_100KM_E4_N5,,identity:explicit_bowl_barrow;monument:single_supported;relief:upstanding_supported,"Passed full-entry, geometry, coverage, and provenance gates.",2026-08-27,2026-08-27,2026-08-27T05:59:25.097000+00:00,1:10000,2016,0.5,EA Composite source survey,false
1007786,accepted,yes,yes,yes,pass,pass,pass,BNG_100KM_E4_N0,,identity:explicit_bowl_barrow;monument:single_supported;relief:upstanding_supported,"Passed full-entry, geometry, coverage, and provenance gates.",2026-08-27,2026-08-27,2026-08-27T05:59:25.097000+00:00,1:10000,2021,1,National LIDAR Programme,false
1016073,needs_terrain_review,yes,yes,yes,pass,pass,needs_review,BNG_100KM_E3_N0,terrain_provenance_confounded,identity:explicit_bowl_barrow;monument:single_supported;relief:upstanding_supported,Terrain provenance requires review: terrain_provenance_confounded.,2026-08-27,2026-08-27,2026-08-27T05:59:25.097000+00:00,1:10000,UNAVAILABLE,UNAVAILABLE,UNAVAILABLE,false
1004470,needs_terrain_review,yes,yes,yes,pass,pass,needs_review,BNG_100KM_E2_N0,terrain_provenance_confounded,identity:explicit_bowl_barrow;monument:single_supported;relief:upstanding_supported,Terrain provenance requires review: terrain_provenance_confounded.,2026-08-27,2026-08-27,2026-08-27T05:59:25.097000+00:00,1:10000,UNAVAILABLE,UNAVAILABLE,UNAVAILABLE,false
1008398,accepted,yes,yes,yes,pass,pass,pass,BNG_100KM_E4_N2,,identity:explicit_bowl_barrow;monument:single_supported;relief:upstanding_supported,"Passed full-entry, geometry, coverage, and provenance gates.",2026-08-27,2026-08-27,2026-08-27T05:59:25.097000+00:00,1:10000,2020,1,National LIDAR Programme,false
1021126,accepted,yes,yes,yes,pass,pass,pass,BNG_100KM_E5_N3,,identity:explicit_bowl_barrow;monument:single_supported;relief:upstanding_supported,"Passed full-entry, geometry, coverage, and provenance gates.",2026-08-27,2026-08-27,2026-08-27T05:59:25.097000+00:00,1:10000,2017,1,National LIDAR Programme,false
1007352,accepted,yes,yes,yes,pass,pass,pass,BNG_100KM_E3_N2,,identity:explicit_bowl_barrow;monument:single_supported;relief:upstanding_supported,"Passed full-entry, geometry, coverage, and provenance gates.",2026-08-27,2026-08-27,2026-08-27T05:59:25.097000+00:00,1:10000,2020,1,National LIDAR Programme,false
1011164,accepted,yes,yes,yes,pass,pass,pass,BNG_100KM_E3_N3,,identity:explicit_bowl_barrow;monument:single_supported;relief:upstanding_supported,"Passed full-entry, geometry, coverage, and provenance gates.",2026-08-27,2026-08-27,2026-08-27T05:59:25.097000+00:00,1:10000,2020,1,National LIDAR Programme,false
1007577,accepted,yes,yes,yes,pass,pass,pass,BNG_100KM_E3_N5,,identity:explicit_bowl_barrow;monument:single_supported;relief:upstanding_supported,"Passed full-entry, geometry, coverage, and provenance gates.",2026-08-27,2026-08-27,2026-08-27T05:59:25.097000+00:00,1:10000,2021,1,National LIDAR Programme,false
