sample_id,class_label,observation_group_id,geographic_group_id,terrain_provenance_id,survey_year,source_resolution_m,patch_size_m,sampling_algorithm_version,processing_version,sampling_stratum,acquisition_status,raw_qa_status,representation_qa_status,qa_status,raw_sha256,patch_sha256,processed_sha256,cross_cell
E001B-cb9ddeb225ef,unlabelled_background,E001G-0e15e84eb57d,BNG_100KM_E3_N3,EAP-c590a5cb0139,2020,1.0,128,e001-background-v1,e001-terrain-v1,E001S-be0176d00600,verified,pass,pass,pass,2d44c51fe7cede5f209adee722ca4c037bc77612d12a44eb1d7df1b41e491e4e,8974fd322e12c25e508d7561b3a4644ae587874c82fca2aa0fe54dc14f13d855,4f2f4f595f082935759b033e5e5d09734aa06a2c0c366680b7f9d0d80876c849,False
E001B-32a9c508229e,unlabelled_background,E001G-be1faeebeb38,BNG_100KM_E4_N1,EAP-71ad6a50942e,2021,1.0,128,e001-background-v1,e001-terrain-v1,E001S-1b299ac6f646,verified,pass,pass,pass,ed3184884082515ae3ef4fd599d04b86bea794c250ca1379254fbe238220d3a2,d623bbfd14cad194f5444ba5f9641004991a76d916b355130a0c7438c26da64e,647e04125e907c7dbf6659bf39d8b2b34900bb0828a12189320cf79dc0ea48a8,False
E001B-96e96c5bf9a5,unlabelled_background,E001G-7a3a953f8a46,BNG_100KM_E6_N2,EAP-d3a871d4f09e,2019,1.0,128,e001-background-v1,e001-terrain-v1,E001S-3c55629c9695,verified,pass,pass,pass,cbb03db3cba50a0cbfdab879ebd383aced197c98b7dd95170ebbf88db4a73828,44b1ead27cb58f3129db6a391280da54070fb1006c31221ced5151be41ca867e,e9053396002c30076e6b6469fe89a7f5371bbce5157be228afd06f99a4a3fd5c,False
E001B-de21605df26d,unlabelled_background,E001G-d5b1d653aa5f,BNG_100KM_E5_N2,EAP-d85b0f0821f9,2018,1.0,128,e001-background-v1,e001-terrain-v1,E001S-666ee1c1772f,verified,pass,pass,pass,286cd4dbc4eab6dc9de1c8c7036422350a7fa951880ec74df86b76e1d27df4c1,a614fcd36ba1cb146840d8bed743b81285358be3e6250fdf4920de0f4a639d47,12c84a19240e54de8be0a3ab38a88b91a10a33b25fc2d091ab803c151db6b7a8,False
E001B-ea8dfdb35f73,unlabelled_background,E001G-274fb4c67521,BNG_100KM_E4_N5,EAP-4f02812edece,2016,1.0,128,e001-background-v1,e001-terrain-v1,E001S-e279d1be0f79,verified,pass,pass,pass,125f91244be63936723fc78756a72c60f27dfb22168d765e866df6ad8c0dd53b,b2121bf56e4c018bb948c3ae76de4639dd793093050bf2411c1fd4a488624e9b,7189b024a0a8f303363f993ba039a1be1f8c3078b4bd8da31d5dda1fe742abd2,False
E001B-838fa9cde7be,unlabelled_background,E001G-a57304826f0f,BNG_100KM_E6_N1,EAP-8e32eccbc87e,2017,1.0,128,e001-background-v1,e001-terrain-v1,E001S-2b8004d55b0b,verified,pass,pass,pass,f3d42c2570defa65fb995a1122c02fea7e254dd696bce2013fe4077e6ac7c12e,e6bbbbede6c65b5badd2bbf690439eb9600e39be985be57fd85c926b0bb8e411,43a84480ea554d809f9b50f6e5732f89b606884d4cbc3f491b996983beceee1f,False
E001B-e8da7748dc8e,unlabelled_background,E001G-ca719b591f83,BNG_100KM_E3_N4,EAP-a800a13742ee,2022,1.0,128,e001-background-v1,e001-terrain-v1,E001S-2dbc035b11fd,verified,pass,pass,pass,200037b1042d85d9a64805c1170dbe2f656a0b794f68ac129e24193bec32b348,35a0f2f1f8e3ad43223c28d3266eaf822fb93119fb5fa119c5c7997e0a6eb1b2,e6182e4301118377cb92012d406aa8b959eb3f37ffc220e7521555544427b8c5,False
E001B-526ff4fbe695,unlabelled_background,E001G-f09e7fd58b79,BNG_100KM_E4_N5,EAP-fa2ffbdc01b2,2009,1.0,128,e001-background-v1,e001-terrain-v1,E001S-82a714a8d97a,verified,pass,pass,pass,67ff618f508283d579a9ed45330c92ef184394476cbadf07d375bb6872d0faa5,3c29cda822e522271244afc35c1a096035a0bf7fb3b5b2aea5f0297f244b059f,b5986ede2f5e0ceb8f67486b412f58d323bbac523fc598bcd1c482418eb24bdc,False
E001B-d6a9bca258f1,unlabelled_background,E001G-7acaaf66d519,BNG_100KM_E5_N4,EAP-c590a5cb0139,2020,1.0,128,e001-background-v1,e001-terrain-v1,E001S-fca41d116b9c,verified,pass,pass,pass,31a5104a0c5a54d1ae28c098bdb6bb05d1bbb857b7744b685d9c3db97eb4f8fd,55a7982ebcb832b318c4fb41e4d3ae4348400367c6269417292bfb321cfad16e,d400731873da444660cc631f09f8c5c6f5f75b743b0716c0160abc61bc5120be,False
E001B-1e3d91532468,unlabelled_background,E001G-8a234eed9130,BNG_100KM_E4_N2,EAP-c590a5cb0139,2020,1.0,128,e001-background-v1,e001-terrain-v1,E001S-fbe7600f2fbe,verified,pass,pass,pass,530abc428e30d893e3e7747ce7adfce943516008124e84630e04e9d11f2dd56a,fab1345ccc8d812155bea64837851e4c04cb89eb77ad4e2296939d1e0ccb2ca2,49b07b9d3baf6b246471fb31b7ab1352aeb7144781b8910702d29b60204d76a5,False
E001B-a07f09a19d4d,unlabelled_background,E001G-da538fa03a22,BNG_100KM_E3_N2,EAP-c590a5cb0139,2020,1.0,128,e001-background-v1,e001-terrain-v1,E001S-87492d753efc,verified,pass,pass,pass,33a81268031eeb99be2adeeb2ad536c7f0d9747ba0e068d0976a9aa406e5e809,1485fe3261153fc11772a76f9c9ceea54c35da73e96f04a68e4872ae578d58fa,5a3ece8464b19d47618cfdb9c8ea8c77dd4134ca0edc754f4b69494942fe7328,False
E001B-13c9d17b51b6,unlabelled_background,E001G-b73a12e8ad71,BNG_100KM_E4_N3,EAP-c590a5cb0139,2020,1.0,128,e001-background-v1,e001-terrain-v1,E001S-9dc812f5bb39,verified,pass,pass,pass,fad2e21ef0dd5686d40aba106da57431c408bb7673991cf0a04122d9417f512b,5f342ce504a53d713489ee2cb961d8bde38ad8d8466853daf78e2a06e80b6382,f1912bebfb90533e7bf3691bbc0866dbf11eed08f8bd77d690975e91ab5d07e6,False
E001B-f1d06b15b4af,unlabelled_background,E001G-4dd1d735589e,BNG_100KM_E2_N0,EAP-c590a5cb0139,2020,1.0,128,e001-background-v1,e001-terrain-v1,E001S-b1e5d5405380,verified,pass,pass,pass,d87fd969c3e80bd270ea53455cfcf885e68c6a5c042a83705fef4c8472fb2782,e7dc2e9dc331964c25f252385b126ee14dad6c46230603b49342ffa1590ea82f,8add2e10f0feba18f99def3cfde42870ce1f7f9f3c5f25de15b003a60da03253,False
E001B-9094f58f7445,unlabelled_background,E001G-f309a71368ff,BNG_100KM_E4_N4,EAP-d85b0f0821f9,2018,1.0,128,e001-background-v1,e001-terrain-v1,E001S-c7691a1cdedd,verified,pass,pass,pass,30cdee554ffc1c6107d08c5f16733265b3f47416082066d7af15132e9bbeb295,b16a57d43ac0c9e917acc04dbec72c32a9abb71efb2a2366187290dcc918a8d9,d6b5f4eeadb5231e118052de6062d75f1b54fa0fb1c8891f98868661d8f90611,False
E001B-23f2c7527e50,unlabelled_background,E001G-b4c6550acd98,BNG_100KM_E3_N1,EAP-d3a871d4f09e,2019,1.0,128,e001-background-v1,e001-terrain-v1,E001S-d67568e5801c,verified,pass,pass,pass,a8c39ef11fc5a6e93c6f8edfad636e82feb369aadb43a10bc89b54807a677a5c,3c617ffc62da28a24205578b779e9be13ec0abdce6a6cc4fe5cf0f634c378a52,85a897a153a449cf8c312e368f91ae9a575df057a2e11b3b6d058002a01f251d,False
E001B-ad44a8ef1b75,unlabelled_background,E001G-b45c6c609f64,BNG_100KM_E3_N5,EAP-71ad6a50942e,2021,1.0,128,e001-background-v1,e001-terrain-v1,E001S-219aa7e13445,verified,pass,pass,pass,c439a87f775ed94ede5f1bf3ccf12492f8da9bafbd595d7f7b5b754c0ea4c33e,284f1d9c4f590b44afdc94dae915086282ca14bd6e8d7658662370edaa9ce83a,3630bb7ad54c6ea6a0a370c59996c28da44de7ac65f19ca756c0084a5abd6216,False
E001B-63fc45e75524,unlabelled_background,E001G-554bacfd5fca,BNG_100KM_E4_N0,EAP-d85b0f0821f9,2018,1.0,128,e001-background-v1,e001-terrain-v1,E001S-6c27deebd03f,verified,pass,pass,pass,027fefd99e38f6c43000aaf106e8b9e0e2e7dd2f9f100095a90b8961fdfb1147,cdd102fbdaa80f5a061a14767b39777a50de1f42867ef1f0db08c3741cadf039,05cfd11807764536700b52d84dae7be9145290acbe67ce1eb1175583da3bc313,False
E001B-01dd0a05bebb,unlabelled_background,E001G-2f8233561d8b,BNG_100KM_E2_N1,EAP-c590a5cb0139,2020,1.0,128,e001-background-v1,e001-terrain-v1,E001S-e07d7d31d9eb,verified,pass,pass,pass,5cfaf74aa1dd392d874234ba6e3d76fb7a14099404d337a6faaa6229ae33e86e,2e22dec03c502f3a7ff2e5747863c423596fe5b55fc70d1c4d2e1525342a7f35,ffb9bef58cfdf242d87639becd9efb84284ae419928670b46950b2d8bde30df0,False
E001B-677564432b28,unlabelled_background,E001G-502e81b44926,BNG_100KM_E5_N1,EAP-d3a871d4f09e,2019,1.0,128,e001-background-v1,e001-terrain-v1,E001S-5a0fb30b51bb,verified,pass,pass,pass,ec37ec45744d78773eaacbd8c391c8aee6da45697403f71aaeef8454f3c000f6,3242dcfbddcd5fe38c971d1a1cd0136230de00dc4aaed2dab1180fd81490f932,f1992f5b135ce27bbf5faf0267316e6215ae2b2c5d38c785055fa07fa1e27db1,False
E001B-31696866da0a,unlabelled_background,E001G-e35d2bbfeebd,BNG_100KM_E5_N3,EAP-d85b0f0821f9,2018,1.0,128,e001-background-v1,e001-terrain-v1,E001S-3eb8d57154db,verified,pass,pass,pass,fab53f726683f50d55198749671351c540f8359c757987caee3acd500b5fe72c,998c62d46875a5354af542147cb10f5a7d09135b0de4e5ab140a9466cde4ee5e,0f88af5289322be83e5526d80c3cc1de3dd8350981b3a64d9196c38ed07fbeeb,False
E001B-35e9fa7076a4,unlabelled_background,E001G-920cb4a42206,BNG_100KM_E5_N0,EAP-d3a871d4f09e,2019,1.0,128,e001-background-v1,e001-terrain-v1,E001S-daf83a923e2b,verified,pass,pass,pass,942644918c2ef7337beabd511b7987186c404150c39398467cd86d8e45185002,25184062e1e58e453473b1d642ca5cef7da685d21ee1a93b94e3bf5d260f8119,2bca4aec993773ed4aa60c04ac224e0b537c75444e7e6f608bb0a728fdee7082,False
E001B-4511b1b345d3,unlabelled_background,E001G-07b3affcb6b0,BNG_100KM_E1_N0,EAP-71ad6a50942e,2021,1.0,128,e001-background-v1,e001-terrain-v1,E001S-d2664ae8d529,verified,pass,pass,pass,6788e6dde1f53c6db32db43c1b526e7e9209b75c09a37fb737dde98b7e74a19c,84d4824feb196c89c0ef116294d005490a55526e7fd0adae92f8d5d739120fb9,f2bc7ec4f6f7e5a963e69c3e2d35e944ebc220b396504bed029cc179baa5d688,False
E001B-a9e67e67e706,unlabelled_background,E001G-b1124e63cbf8,BNG_100KM_E3_N0,EAP-71ad6a50942e,2021,1.0,128,e001-background-v1,e001-terrain-v1,E001S-a0768ef27472,verified,pass,pass,pass,07eafa24a1e8336ad94132099bb7c59a71a4241de67468ff06d3b117032cd6b7,8ae44bc67813a9877daf9ef2dd82758d28fb6a6ac422144daf4215d7272e2a65,b4b4099b7494856667c3c1514487a9462c0e0f491ac5549b0afddfc2f74d533c,False
E001B-5053e1da1187,unlabelled_background,E001G-357de4df2730,BNG_100KM_E6_N3,EAP-8e32eccbc87e,2017,1.0,128,e001-background-v1,e001-terrain-v1,E001S-cc44c4031534,verified,pass,pass,pass,ccf6833d70831de5a855604ab24427d15227764f6488eb0a516102581f02a6b1,7fc5d48038c8e2c319a1610283f7c6076f63eb99a5b34d993aefe1bda4134346,6d75608fe3c06ad29ed2dcb3ca03f16fe693c7c587c46d0b6d5f0a91ee21181d,False
E001B-1b65decbe7eb,unlabelled_background,E001G-dded0514002d,BNG_100KM_E4_N2,EAP-71ad6a50942e,2021,1.0,128,e001-background-v1,e001-terrain-v1,E001S-d668d43240dd,verified,pass,pass,pass,3962459d3bbeed4c25faf7c39d3898047cd7ff5d16ba25f70f705abe5128f91b,66a3b044fe7a95397e468f1235314ead5b0946b3f565a0d8a2e9079c890733aa,fa7cabe46024e89432c40cb671f3693b1e349384ed434e9ef769afa84f924479,False
E001B-5fc382a5b513,unlabelled_background,E001G-3124468f390c,BNG_100KM_E4_N2,EAP-c590a5cb0139,2020,1.0,128,e001-background-v1,e001-terrain-v1,E001S-186402229c25,verified,pass,pass,pass,83df89b76d5f5eeb65b396be5dafed0cbfe4b65af60557d9fc0fc981bc2d93b2,8ffab452c2efb64f6b7bafc4328d6df514e5dd52a48d879b189ec4a3f5820496,927f568b815e8a5eba2114c20f4c26cd0c9fed9627ffe18d7acb73fe6487df96,False
E001B-c3b14e854cb9,unlabelled_background,E001G-836af9bde0da,BNG_100KM_E3_N2,EAP-c590a5cb0139,2020,1.0,128,e001-background-v1,e001-terrain-v1,E001S-c22bb8588fb4,verified,pass,pass,pass,4edd13840618c783b60fe95aa95ca7743a55360696d00dc69023a1e9675474da,8c554e46b9c1655dfbd2ef8599894df2b6a24a72231db38f0655ef2c0d9883c1,a2e249ee6d81ff7fd20c04674eef387196d425c8447755764d5b80bc72e4d5db,False
E001B-a6a986ea0fc5,unlabelled_background,E001G-84bb465ef288,BNG_100KM_E4_N5,EAP-d85b0f0821f9,2018,1.0,128,e001-background-v1,e001-terrain-v1,E001S-dd1002589e2c,verified,pass,pass,pass,786b9b9b4ae94f4ea0d3773c9ab67911d1833ff00e303efbf75b62677b292276,1898f72d1365ca7e0811f3dd20459aee08291e659de7cf01be157c1e3329428c,90019a8c317c262eaf263a28e5e22a7729ed1e4ddc6fd80b5bd79a10852a09ed,False
E001B-faaf016e23a6,unlabelled_background,E001G-052952c6e41b,BNG_100KM_E3_N3,EAP-c590a5cb0139,2020,1.0,128,e001-background-v1,e001-terrain-v1,E001S-6c213fdf56a2,verified,pass,pass,pass,e8cbc80105a53f141fb7caf7dbf4d7eae590f851f2e98dcb02a0dc9e1493c414,27c677ada04beb5291a4f9d06437d164b78fe6d54c46826ca3ad01649bf5203e,7bfa1be55d7b299cb036623cd20f017e2ccdba4ecd66a8c54e1987051b17a0b7,False
E001B-7495bf139bca,unlabelled_background,E001G-dabb7425a1fc,BNG_100KM_E6_N2,EAP-c590a5cb0139,2020,1.0,128,e001-background-v1,e001-terrain-v1,E001S-502d4e4d23ee,verified,pass,pass,pass,7bc4a698f6d462fbafd0c2d4cda5918ddd8f5450804154c0f76941e0a7529642,286a3bed4e323a90352f3cde0ead71c5788071ec420012b641cde4d883c644bc,4c5805be43e37554ef107b69a5ebd23705a8a9d7e6d23823696d676a06a92779,False
E001B-3942496d6d35,unlabelled_background,E001G-6b2333aef0c1,BNG_100KM_E4_N1,EAP-8e32eccbc87e,2017,1.0,128,e001-background-v1,e001-terrain-v1,E001S-926a4868b313,verified,pass,pass,pass,9ef912f25fd193858bf0a4b90ad83c98be3d1b397d7a868775104e834093b980,2c4d27d65eb1748c1c4b060ff35a5fcc81b74a1a573f1a218eb00305fcd20c6a,8200e33723bc9a59a9d585d6f487a9ff8e8374282d489eebb6c47f89073b176a,False
E001B-6aa7ab338f83,unlabelled_background,E001G-1a74c1cbfd27,BNG_100KM_E3_N3,EAP-71ad6a50942e,2021,1.0,128,e001-background-v1,e001-terrain-v1,E001S-285ba200d0ee,verified,pass,pass,pass,d03fb48c74414b4bcf3f937b98e50c70945105324874095ae13b188d41db5e2b,9981e7f916db58825e2e63dda7369701826f699080332382a3b06729f7be1c6b,c87daab9430462df346df5144fe0ef1c5a0e915024baa3813664efd1c2be41ee,False
E001B-96ff713273a7,unlabelled_background,E001G-e6e1787c57c8,BNG_100KM_E3_N3,EAP-c590a5cb0139,2020,1.0,128,e001-background-v1,e001-terrain-v1,E001S-cd4f49fd9a2d,verified,pass,pass,pass,45efefc31bd9e50a685934fcd5c622ae5ea4ff5b7c0c2ddd557f56e7f959d1d3,dc4384104b1b8ef136cd5619ebcc22e3c10302acb9ecdf02ef7f7841218156f6,f47f2c33257c9b33fe0bb28b7b69fbea46c940c1868f9899247d41444a8141c7,False
E001B-9b04b2b32684,unlabelled_background,E001G-a5baf67dcfa4,BNG_100KM_E3_N3,EAP-c590a5cb0139,2020,1.0,128,e001-background-v1,e001-terrain-v1,E001S-747f07d9aea9,verified,pass,pass,pass,ed529d79cd8007f1fa49e955b4d5f69d7b99af7b0a125231eb1d80bbcf0a0ab5,299fecc6ab18b23a692f7300c5d91f5911dc459f3187373f1ee01347e0deab13,6fa111ca539d6b57fabacc450e13cbec0689b04b942252dfec207a399d6539fa,False
E001B-277fd56a468e,unlabelled_background,E001G-736fcc024fd8,BNG_100KM_E3_N5,EAP-71ad6a50942e,2021,1.0,128,e001-background-v1,e001-terrain-v1,E001S-84f6b7f0fa8a,verified,pass,pass,pass,7c304b1ff49a520e94c0701c99348303eff467ab753dd53c6a23f82d4d684dac,8009380f3d8c17eab500171918c5d22570963bdcb431fa19b7a9101f3457e87e,99bf1d959b701c9db623a1876dcfaac6573f45f75488dc411b1b12ab7af3dc29,False
E001B-c6130a9f77a9,unlabelled_background,E001G-75de09519dfc,BNG_100KM_E4_N5,EAP-d85b0f0821f9,2018,1.0,128,e001-background-v1,e001-terrain-v1,E001S-82067b36ded7,verified,pass,pass,pass,f3ad58387cba675d5eb82eba7b3de6caec9b3cd1de310f7a42a8c57730808c51,a87e1cd77f2dae11ef0641825c90d26efb3b5adb7abc298022fc7cd14653bfe3,8e5d46a02ac0e0382dcf4e43cc8a3d2239f4e758151441ff61e4d8ab87abb5af,False
E001B-f32f8e021eee,unlabelled_background,E001G-4dd03f7d617c,BNG_100KM_E4_N5,EAP-d85b0f0821f9,2018,1.0,128,e001-background-v1,e001-terrain-v1,E001S-04e94b1bfe36,verified,pass,pass,pass,16923273be8bf88b8e03a09c604f98f3d8af4662a34816e87730f2e5972bb90f,67db1d30237c6b6d620fe6442662dc03a5f733d88e05bcb3eefe9069582957d8,79ad209cffe566645f7764cb838bb4d339c0349d34baae2e39526e1b3aa2de55,False
E001B-bcf6c201a750,unlabelled_background,E001G-203c6b6f34b7,BNG_100KM_E3_N3,EAP-71ad6a50942e,2021,1.0,128,e001-background-v1,e001-terrain-v1,E001S-f45e3e9e6768,verified,pass,pass,pass,3cc2157a4273b6da06d7c777d38db9bc816e3833e947141dc09d9c19db3a245b,27ed0b47cb8b9cf65cee5c242f39d166725049c6f42f6196e79fd19553743397,be7f57faefab5f7431ba7145cfd10dd6d968679fe449db4affe663986e59a616,False
E001B-911a3a47e5ed,unlabelled_background,E001G-d50ecea6f9b5,BNG_100KM_E5_N2,EAP-d85b0f0821f9,2018,1.0,128,e001-background-v1,e001-terrain-v1,E001S-20142466db61,verified,pass,pass,pass,93b4ecdd524719dde43b1ec572361f776bc990faf3fa13d244c3c02dc2c92a34,04d3f7fab37509e913001573b14d82614427142bd6ce19cb74c54478d0a384ea,4374b1a03c6fdee95d3ebbfd8153b09cea8cdc7aabe2d5d332017cb3585218b1,False
E001B-d192efdf7c9a,unlabelled_background,E001G-8ed85cf92dd6,BNG_100KM_E3_N5,EAP-71ad6a50942e,2021,1.0,128,e001-background-v1,e001-terrain-v1,E001S-1a5f9df49fed,verified,pass,pass,pass,13951f48bf8ae8acb341fe163562055e7ea78ec1b66c34e354a203d791e32968,8bdf2a6f754b8a74fef9d3428e10c8055bf4767e407ce1601f28585432b5982a,b963e3b8e735aa01fb4271167010fa62dfd9376e28dbf9bfd38d05603316f059,False
E001B-633f985b868b,unlabelled_background,E001G-8645998297a3,BNG_100KM_E3_N2,EAP-c590a5cb0139,2020,1.0,128,e001-background-v1,e001-terrain-v1,E001S-96506d5bfc42,verified,pass,pass,pass,0b7a9fc450fd146224f9ae642983324d511adac60a410d42386330176f3b133e,05c826e84411d8795f42e14456db9ab940be7036cc5e60949556def0becaa20f,2c036499e5696827e680d1c0d0ded129b69afb8e7b1975e1b55938762119257a,False
E001B-2651f19d9adf,unlabelled_background,E001G-37b889ffccf4,BNG_100KM_E3_N1,EAP-d85b0f0821f9,2018,1.0,128,e001-background-v1,e001-terrain-v1,E001S-73ba424e1c44,verified,pass,pass,pass,cda96fafe564451d73fd643377b4b5383032c4d1693970bf8105d9dd9235eda7,0440701b31a19f1ca70048aa7f658c5e980b7c26f45c668d40854b46686e38cc,8dcdfa74fd4f0dfbe64c4d1e1b75fc1f6279a96bc88c478c3fbaa4c618891bb6,False
E001B-f91624d8e653,unlabelled_background,E001G-cd9ebfbda39d,BNG_100KM_E3_N2,EAP-c590a5cb0139,2020,1.0,128,e001-background-v1,e001-terrain-v1,E001S-31f9d47c1051,verified,pass,pass,pass,55066ccb021cbe14af6af59270bb4f791c1ac2a9a897279916b1e25ffb03284e,606c1173c11e82649bea91cc15bc4890803f0a4e5f475f6203a9ce09cf319934,5de512b788289c642ced5eef8da6ac9bf092e62d0fc8970dd5f3553723b8b4da,False
E001B-07f2301e6b08,unlabelled_background,E001G-96ff4136a9fc,BNG_100KM_E4_N3,EAP-a800a13742ee,2022,1.0,128,e001-background-v1,e001-terrain-v1,E001S-02360e3662ff,verified,pass,pass,pass,6deab90a681a5b81bdc693c14315ef950c3cad2b7be46b48dc8fa86987fbae6f,3b22026e74599aa35d12305dcc8245bcd5b7816e99faa37e7fca79d714f142a1,2737b03b924c30aea17c2735dab32b8e5607373792a2784fd24e844d0a7dc2b2,False
E001B-dee3ee648e58,unlabelled_background,E001G-a13bef006ce8,BNG_100KM_E3_N1,EAP-d3a871d4f09e,2019,1.0,128,e001-background-v1,e001-terrain-v1,E001S-7cf5ed269fda,verified,pass,pass,pass,7a11a552670a96a1834542a6da86708b7be1fefcab137956d111dab4759adbd0,6a484c6c8cb7034aed536608543cdf9ee0b566847b8d6b03c98c7b0bde06cdfb,c87a5944293a36b336b9179aa9b78024071d6ff56940ed1afb02e94d876cb2dc,False
E001B-4df889cab4f8,unlabelled_background,E001G-2724198ef737,BNG_100KM_E3_N3,EAP-c590a5cb0139,2020,1.0,128,e001-background-v1,e001-terrain-v1,E001S-b2943242086e,verified,pass,pass,pass,e2764ed31dae86dc8d13ad52fa5f3d22eebbe4f65ae2ba9e4d59e04bd56bc508,c11521163eaf7819da327166429efda5c3036412775fd09010c4daadf4c7a75d,ac9036968722e9d466949f7b65e4147af287d07e12c90267deb520ffb641096b,False
E001B-7690c0aac0f8,unlabelled_background,E001G-d5e7899e5e40,BNG_100KM_E2_N1,EAP-71ad6a50942e,2021,1.0,128,e001-background-v1,e001-terrain-v1,E001S-acdb48e4d3ad,verified,pass,pass,pass,84c650627908e0ef89838eb60a6568be78adc2849786ad457f8cb91c1889d22c,905fcada7874385fc2e490642e50c9605169a26c27afe8de274f62f9bc511805,1414eeeeb5b4529a0d69708f0a33e677cd93d51b1662562080545eafbac71306,False
E001B-2dbdb68afb7f,unlabelled_background,E001G-d32e2a912d5b,BNG_100KM_E4_N3,EAP-a800a13742ee,2022,1.0,128,e001-background-v1,e001-terrain-v1,E001S-80763089c5df,verified,pass,pass,pass,9395175bff147faf2271e58ff55cf094e7546b65e9dac6c733783e7a2ff17ec3,b03141e4815a1b5742cb17ace87cb95c616767975d680209e20cf3fc0d127d38,90bfd16099353997d0fb17c83a10ef37bbf2deb94539880b1e7329408c005a68,False
E001B-6f767e721457,unlabelled_background,E001G-c7ee26eb172f,BNG_100KM_E6_N2,EAP-d85b0f0821f9,2018,1.0,128,e001-background-v1,e001-terrain-v1,E001S-1ed704ae0fcf,verified,pass,pass,pass,6345b70f35c59d1b7824d13be03d8eb04467d4faa69d3e9ae448fd78f92afb4f,ebb18a12a33673a7c221a2956a8496551d8175d43f536e92745bbf036ecae400,9d4c0c7834f3555e7cd4610336257d87ce4e344a243ba6c688c361adab1ac118,False
E001B-77ea95ba1080,unlabelled_background,E001G-78fa92c398e5,BNG_100KM_E4_N1,EAP-d3a871d4f09e,2019,1.0,128,e001-background-v1,e001-terrain-v1,E001S-625fe0543764,verified,pass,pass,pass,bd35b17e364f2a6c488babd303d4749a98108b208e9937b2535857bd7e7c4033,5ebc5cae18b34d9f775487dd7558be85e9effdba3007c15cc5f082fbda0b2f06,ddfcc05524aaa67a865a308c9e3e2ddf76560485acb8d2123cbc8570fc1843b3,False
E001B-d8bdd968dd67,unlabelled_background,E001G-c0ce8bcbefeb,BNG_100KM_E3_N1,EAP-c590a5cb0139,2020,1.0,128,e001-background-v1,e001-terrain-v1,E001S-59f1cafe7d9c,verified,pass,pass,pass,b4c2257c33da563ec960cf1b43ba84be5b95eb4066b22038cd686a6916def137,37a1c1931394ba781180caa07360f45d003799542b78a3fa3407a0c9c919c218,4fae6d21a762b717c3e67507d0712a0d60a91f3891796b64c1238e3959df3aba,False
E001B-322f5feecc28,unlabelled_background,E001G-62f251867b80,BNG_100KM_E3_N5,EAP-71ad6a50942e,2021,1.0,128,e001-background-v1,e001-terrain-v1,E001S-328a093894cf,verified,pass,pass,pass,9d7d08290ee15d9cd529218548a42f5758f48a08471564c16360cae9bae7a0fd,fe8e4c83388f1aac6622022b07d33ccbf02a9bac79f5ea7b8f64fd775ef86e26,b7456c19c361531b21891e1f79c660130414b73b961d75beeb716e8ea78ca0bd,False
E001B-e22c49011b92,unlabelled_background,E001G-888809cc4c35,BNG_100KM_E4_N4,EAP-d85b0f0821f9,2018,1.0,128,e001-background-v1,e001-terrain-v1,E001S-d6ac2f6aa42f,verified,pass,pass,pass,bd9d62343e8063228afecfa856447185332b7b5e07cf3e9a38813608fbe328e0,06db91df9b8746c1eb28809c5c0c62b45b1050274604c124bd36e0d936cb7052,1c9e04acb4f3122014070dd2cedfb2ebc9a2a9979ce809ea9d0be67c0862f1e0,False
E001B-b9bb57eda825,unlabelled_background,E001G-ad025c78ec67,BNG_100KM_E4_N0,EAP-71ad6a50942e,2021,1.0,128,e001-background-v1,e001-terrain-v1,E001S-3bf9c1787313,verified,pass,pass,pass,d8e3646c0187adf832fbe745849a8f65c46154eb08a6955168e5f53dcb8fd410,7698ed7583291276da8aebccc73b5cba0a418e413b5b059783dfbc96c11e50b3,358b1db0ec7215e6c45b654265d43b641d097a3e7331a3271c3235b9d501336b,False
E001B-d007ef643b1f,unlabelled_background,E001G-555a75e589d9,BNG_100KM_E3_N2,EAP-c590a5cb0139,2020,1.0,128,e001-background-v1,e001-terrain-v1,E001S-ee2bdce463f5,verified,pass,pass,pass,c260d6809f5de8178644ac4d5257d0e117b876bc0ebedae0518f25f99d74024e,23ae0afe53bdb48c3ecb4ef5269ccffcd873fd5968a1da85f5141858de9c7263,7ec068f0e09555862aede8fe21c4c088c89f0e9e4c79b592805a6ce25d450796,False
E001B-89cfbb753377,unlabelled_background,E001G-0943635d6886,BNG_100KM_E5_N2,EAP-d85b0f0821f9,2018,1.0,128,e001-background-v1,e001-terrain-v1,E001S-0a4e72cea89c,verified,pass,pass,pass,be98cda499c365e9f47c117f72cbde85ce0b8626a7b2afa4b2d390f537cca84b,0331f2cd5c7b1efd5eec8abcfb7a5d65e64401d44ca19d2a2d07be3825529e2a,ccecde9ef59ac14c8bf6247899f443e0fc0229d9490ebeb3de19b65a28cb9f73,False
E001B-2db419ec65a9,unlabelled_background,E001G-9ea08e2a2fca,BNG_100KM_E3_N2,EAP-d3a871d4f09e,2019,1.0,128,e001-background-v1,e001-terrain-v1,E001S-7a3487c821a3,verified,pass,pass,pass,dddc543f8400ef33793535d665533a634712dc73bc4e67f371d8486e63456e6f,d267c90f28603055aec7f7191f6c8077145008e0a15215e740fa83ff2a214af4,7b832ddbe00404d4301c4fd40e44a78e4efcb907d1f1e456f60116bf7052b82a,False
E001B-27d8cb483c73,unlabelled_background,E001G-a3d5a7e7675f,BNG_100KM_E3_N1,EAP-71ad6a50942e,2021,1.0,128,e001-background-v1,e001-terrain-v1,E001S-056d1bc21606,verified,pass,pass,pass,243d3a1e8612308206c92fbed3a783f46248d84b795d56f5614ebf697f407862,d9ffc22fe54f30cb29268a51f64c639641f583d04fda5ef6008d85aad5767289,078f530c766d7385848341541f11f6952c0d44143787c39ce0bc77c768083ba4,False
E001B-128741d70a7f,unlabelled_background,E001G-87569b7da020,BNG_100KM_E4_N3,EAP-c590a5cb0139,2020,1.0,128,e001-background-v1,e001-terrain-v1,E001S-2119f92da343,verified,pass,pass,pass,3e56245ddbc4f6f5188d05868db1a09b9fb000856c6c9bc8f4d06e7aeedf1714,c8cf5e06cc9437420e35739adc3f7b69990d8f140c74e018120d04590059e276,723f4884d511990d3481c5aa5242963e6ac784a9d6686177ff1f405ad04a27aa,False
E001B-a18903b9acf2,unlabelled_background,E001G-d82922b918f2,BNG_100KM_E3_N1,EAP-d85b0f0821f9,2018,1.0,128,e001-background-v1,e001-terrain-v1,E001S-bb13f5162c12,verified,pass,pass,pass,03bc746e8633e53c4d855726921a1985458b34301f812b6787fe860e96ea3e7e,a19d9b44f82639670f5f43e7fb5afc61c28bc109ad93af9e798092ac0df757a9,a88cc7194c85a5bcca76a5c905051914747cd3014d8f8b8f052b72b662bbb062,False
E001B-03e89f60028c,unlabelled_background,E001G-2dbe527dc052,BNG_100KM_E6_N1,EAP-d85b0f0821f9,2018,1.0,128,e001-background-v1,e001-terrain-v1,E001S-9e03b051d5a3,verified,pass,pass,pass,0883a9bac118ab94c1f51c48fa9a198a9e208c9a63d57dce824d17d12f1bc7e8,a170d6f65c5db8142fa61f6c685e849bdbd83bec2546d84ef42c0b8f7b221222,9901c9f4f9b3f307969141f01f7fe06c94de700b64ac6c0b99d00309769ea590,False
E001B-5ecb386e1d85,unlabelled_background,E001G-644221ce9739,BNG_100KM_E3_N5,EAP-d3a871d4f09e,2019,1.0,128,e001-background-v1,e001-terrain-v1,E001S-e3601e60b994,verified,pass,pass,pass,01b23f07f76ce2eea77b60602de9c4e78bd135a18a699c05a0accb2c4e02ffac,529fcdac35050c035597fcf40e648cbdcf040df2aa4be1ddb2a87c7872300430,08e925c8e7738225323253ebd64d1249b350b8aa2ffc0f4cf8878876f920a06c,False
E001B-f962fbdbfb00,unlabelled_background,E001G-e032d6987172,BNG_100KM_E5_N4,EAP-c590a5cb0139,2020,1.0,128,e001-background-v1,e001-terrain-v1,E001S-22a359b69636,verified,pass,pass,pass,8fb981989c954c6a5d53a3c5f3129c9a37f298cb8da0fea56644014557108d8e,0115d2255b1607d88157c503ca0182450266e266887a9e333a229f6896c0f218,b4a60e3ef56497fa9d1f281f6a05efd94da29dee2d8597b789b2ddf0ebf3662d,False
E001B-710ac64d47d3,unlabelled_background,E001G-074361565b6f,BNG_100KM_E4_N4,EAP-d85b0f0821f9,2018,1.0,128,e001-background-v1,e001-terrain-v1,E001S-ed232a096ef2,verified,pass,pass,pass,5f3f1970810d273f35e8a29622434a082771817987ba9c5de59414d10e19b816,bc52f86d470498298a7c9a32c94005aa1b0809ec9d4f83d774ecae96f0dd4112,b6b53fe4dc5beb6438198a820da950b2d0b86a315b3868a029b254bbf29d5ac9,False
E001B-404c5eb2b86c,unlabelled_background,E001G-3626e1390e7f,BNG_100KM_E3_N3,EAP-c590a5cb0139,2020,1.0,128,e001-background-v1,e001-terrain-v1,E001S-4c99b70fb718,verified,pass,pass,pass,b7b930aec7fa0220605d17ff135749fa1344439cf58a87005eee0d601678394f,2fdf036bc802d7081cfae369eefbd763040ffb208a0bffc20f869dbb34dd8aa5,009148e4327ade23a87d934b7e01c587bc509c69db756b468ea0726c136cfcdd,False
E001B-a10da949c0c5,unlabelled_background,E001G-67f6e7b7b527,BNG_100KM_E3_N2,EAP-d3a871d4f09e,2019,1.0,128,e001-background-v1,e001-terrain-v1,E001S-99a547cadf47,verified,pass,pass,pass,d81ecab4de0b13c3fde997344037e61b7b62148ab1c662c9b0662bda9a9f7077,491cfccfcc95b0b1e41cdbac143454c8f7108c08c1cba061d943de4ca6729235,4dd42d8fe25f430016d8aff077fc6d20010da673b348ac601ef2c1789e7e0abd,False
E001B-f19dcdf4b3e3,unlabelled_background,E001G-9ef1fa7e63a2,BNG_100KM_E4_N3,EAP-c590a5cb0139,2020,1.0,128,e001-background-v1,e001-terrain-v1,E001S-cfbdc580bde1,verified,pass,pass,pass,3e14fd878bc0113452d5ba4b0e618b665277a4be29f3fa7c1c7f645fa30d00f7,42444ead0a00c7a4fa4680a4c918bdd5f0a845a2cffe748a79849e3b53682bc2,743803d3eb0171c3408f5a098166eddeee2efe548a3687e0b2b1d043c6e6ddc7,False
E001B-2c9291ae6ae2,unlabelled_background,E001G-af3de42e4b8a,BNG_100KM_E5_N2,EAP-d85b0f0821f9,2018,1.0,128,e001-background-v1,e001-terrain-v1,E001S-7c72c977bccc,verified,pass,pass,pass,2a4bd6eba1ecafe70e124f954fd8501130e18692d7711c5e20cefc797d067f9a,841271bbee0fd8522959449e9bfadb89b6e1e2d10d2c72049edf7dc072da7aec,e1ba89c0a084e9b7107ca6652e7be82cb3a73172d01e928029083c7c485ffdae,False
E001B-6cfead82bb1b,unlabelled_background,E001G-24f902a1ea4e,BNG_100KM_E2_N1,EAP-a800a13742ee,2022,1.0,128,e001-background-v1,e001-terrain-v1,E001S-5038d19333d3,verified,pass,pass,pass,abce288c8bffaa20e87866a9432283b4014302d9216631a2257222371e54377c,3e3e00484d3552182db4205851548d4b0310e999d9fc65891972fc7569a3a587,0ac65d6bee8091fbf7600aa058211971341ed791ffabf001207fa4da358fed53,False
E001B-f975542864ab,unlabelled_background,E001G-6aa0eca8a0a6,BNG_100KM_E2_N0,EAP-d3a871d4f09e,2019,1.0,128,e001-background-v1,e001-terrain-v1,E001S-b7b0a69cdb2d,verified,pass,pass,pass,9338189bcb6ef6a94fb3d9719efe132f1703fe2aedd32bd70077cebe40c7d60e,d9be0e3415e10e907280dc2f65083223d4d30c227511817b9b705df107830253,2e12469769d146db99595600cc4ac35be6516ff7e51e0db69b0f5dfaed4beb10,False
E001B-0c10cbef8e68,unlabelled_background,E001G-812e2825303e,BNG_100KM_E5_N2,EAP-d3a871d4f09e,2019,1.0,128,e001-background-v1,e001-terrain-v1,E001S-bd57619170bf,verified,pass,pass,pass,922bc58c5a3459995138bf7567b335c21673aeefa0373c716b9b84cdb105fe85,30e5a7a32ec84ac7a4bb876a1c5e453a805eb6cbaecfac9564f27da1881c6e38,2c85735a83ea336547eeb33d22b2a78dd49d71a197dba8dc1f337fcd87ee90cf,False
E001B-54372ca7e6fc,unlabelled_background,E001G-1b778d246159,BNG_100KM_E2_N1,EAP-c590a5cb0139,2020,1.0,128,e001-background-v1,e001-terrain-v1,E001S-e2d2e16c684a,verified,pass,pass,pass,9d380e2a6fec5792ec6f63dee206bf560b5c3a18c7d699116acd8842d24bd660,efecf6c95d077ebbac2000ce4cb70d30cb1cbb0ec4261e628267ca41181037eb,e99cb5bfb9c92d1e4260fc9d88cbfde66b4e77b85a8f1f4970fb06727bf5116a,False
E001B-4fe03b493751,unlabelled_background,E001G-9fec69fb9af6,BNG_100KM_E3_N4,EAP-71ad6a50942e,2021,1.0,128,e001-background-v1,e001-terrain-v1,E001S-81b791bd6350,verified,pass,pass,pass,40b189fc5c9764ec289a9069dceb932bfac6cab049d84d62244268b07d13b216,17bdf8f5a561f883f7154f348fcc3bee58b0a54bdf7d80724080d9bd3bd1c00c,90f830c60d33709fcf5e6426452a7d97e465a85ceb0504e13c5bc759b5f43847,True
E001B-4154e4252a89,unlabelled_background,E001G-b93e469da5cb,BNG_100KM_E4_N5,EAP-d85b0f0821f9,2018,1.0,128,e001-background-v1,e001-terrain-v1,E001S-e02861b55d48,verified,pass,pass,pass,dfc176e21544ce411a2dc2964efda418f5c063279d055e90c3ec3ef5d7fd98d8,ee6f1940d2943d6d72076fef2602328cb5ee941e498e662406ff2ea6493d7688,06d8338480a70997e7c95b40147578b3392c60e7c418fd6293f6128cdf0ad86d,False
E001B-35a76f6e2366,unlabelled_background,E001G-9eeade32815f,BNG_100KM_E4_N2,EAP-c590a5cb0139,2020,1.0,128,e001-background-v1,e001-terrain-v1,E001S-28a0ccbd3eed,verified,pass,pass,pass,2e23e210394ef82c23a4beaa2e713f08b2b38998dc2ac3e1d5d82ea5efd6b3f4,ea40cdef435eb409186d7dacd3b78f22faefd945b7a06bc96c0a8ea0fbe53eba,da9210ec5be57b5127f77ec49125d8885ea4f5d154511d370853006dafed192a,False
E001B-47cc3ec59d39,unlabelled_background,E001G-36d77e5e0a54,BNG_100KM_E4_N3,EAP-c590a5cb0139,2020,1.0,128,e001-background-v1,e001-terrain-v1,E001S-0a46d0d8515f,verified,pass,pass,pass,19f062b390d08819a7d6667cf3dbae1dfdeaeb671c4f52cb613d835bf6c35396,6e3947717bf70597435558df8cac8101ebf80484f8ee5c92b7f5e2dbd5798dd2,107882a078d0e5440ceeab2b58d2df48126d90742b383355fed07025e8520d0a,False
E001B-f07355240e2d,unlabelled_background,E001G-2d3337574242,BNG_100KM_E4_N3,EAP-c590a5cb0139,2020,1.0,128,e001-background-v1,e001-terrain-v1,E001S-e60d1ab9e689,verified,pass,pass,pass,84cd8398519ee6d7d060d43e9a0c5b35a3dc255e245bed604833b850e07a6a16,6bceef8291b3c920ed55d974e88592fb5dfde860ca88f3efff8d1ec43bd272f6,0369b9fda9b1c7baea88971df60ad979f40e12ff523fa386a723fab8ffe89176,False
E001B-7c4280db3261,unlabelled_background,E001G-5cbe9d18b7cc,BNG_100KM_E2_N0,EAP-d3a871d4f09e,2019,1.0,128,e001-background-v1,e001-terrain-v1,E001S-622d92e08f9d,verified,pass,pass,pass,0f2b1a156be668b285864a223036aaae84d735f9232f1dd1b76d508012844079,21e614e84b83196efbea72f2fb993db0a4a7b8c2d6828ebfe31525aba0f03558,3b2cc105d3d28ad50c49cb54177047deb4b70bbc839f6dfe49342c4cc4375d55,False
E001B-54b137159055,unlabelled_background,E001G-c18c8f622e11,BNG_100KM_E5_N3,EAP-d3a871d4f09e,2019,1.0,128,e001-background-v1,e001-terrain-v1,E001S-36901e1dfc02,verified,pass,pass,pass,7982f86adb2bdc42538f85845df3a6e1a35e25fd642f71c946e2c4890e4b50df,8e6319489277f1c63511f463186011934c1d043908118696f04177388c962a8d,cd6052a57633326cf1e40c8e846f60eaf7088a575493bcaa0d2ce6f4b255a0f0,False
E001B-407ae9e63a81,unlabelled_background,E001G-87ca1deeea80,BNG_100KM_E4_N3,EAP-c590a5cb0139,2020,1.0,128,e001-background-v1,e001-terrain-v1,E001S-3d11140564ef,verified,pass,pass,pass,71c162eb0f4b1db02a1696f04c18505cc9a8747654849c3a78efd0e747827425,c0ac4c63024e685ddad9117faa0e4ba64f560a0b88d0788f7d1fc5a77bf4e008,09da1082a1403dbd7ca79b5db0c73bcf26753655ccad6defefc9bfa64c3df20a,False
E001B-3f91d1c91d2b,unlabelled_background,E001G-e03c8085ea89,BNG_100KM_E4_N4,EAP-d85b0f0821f9,2018,1.0,128,e001-background-v1,e001-terrain-v1,E001S-866039e615b7,verified,pass,pass,pass,64a651f172d6490207b087c620c43e147203403f5476265cee00a2d5197c2d55,2883ad153fe21011cc480ff15a9b29a21bceb1b666b087228cf40ff74bf97a83,1756c2343106e8cd2ddc2b555309aa8b88588b172fbecf230495f05a229a0038,False
E001B-15ce4733e4f9,unlabelled_background,E001G-d7a55cb5863a,BNG_100KM_E2_N0,EAP-c590a5cb0139,2020,1.0,128,e001-background-v1,e001-terrain-v1,E001S-3486acfd46cc,verified,pass,pass,pass,ca8b89d94f633b5a49c3d419d81c76db83433442bb66322462c3e9b759d3689d,c45d31ebaaf18e3b3987cb3688ac1cb69bd159bf8a1853415aac71442b1c386d,07c9eebb33c3dd237a3e32de46bd81b0bf2d885c90ffcab2db05a25ea2555106,False
E001B-d0d22829f260,unlabelled_background,E001G-e1d97d0e5b7e,BNG_100KM_E4_N1,EAP-71ad6a50942e,2021,1.0,128,e001-background-v1,e001-terrain-v1,E001S-15b0bba96c1f,verified,pass,pass,pass,18230263a0e6def49b1ed9b997cbaa132f6a539fb63395ecc2891d5d95e762a7,674b12967d1e0d16db7535516e8263bf8a0bd46f1c709259aee2a1e2118badf4,7b433b9ac68cbfcbdda3f553c1f2d437b9efbd429c12982b9620f8368b759b48,False
E001B-6d4a88acf349,unlabelled_background,E001G-2e0705271843,BNG_100KM_E5_N3,EAP-c590a5cb0139,2020,1.0,128,e001-background-v1,e001-terrain-v1,E001S-a5fad79a104e,verified,pass,pass,pass,edc5fa0e7817adeee7eb00bb25f0a12b0122ef111ad020a259853367fb99719e,329f6c6c912a3c3cedd372cd8ea7867fe5c36fbd628ef03607050ddec99a0342,6163db971f143c4b439cf352692e22fc4dba0b11e09cb7d2f58282e9c231b29e,False
E001B-4090c50f2b68,unlabelled_background,E001G-06140dd5ee46,BNG_100KM_E4_N4,EAP-71ad6a50942e,2021,1.0,128,e001-background-v1,e001-terrain-v1,E001S-57a61c2be87e,verified,pass,pass,pass,c2ceaac426d1eea380484a943d5f95d35e4560f72077bf45e4eb3a697d0cdad7,d621c2db5679c96c93562ee6f7b31bbcdf704c5c126a04349fd36d4a9a43ffed,186005391aa92e406a80e889d8095a8eaa1ef363ee6e9014a2d49d4357e7b165,False
E001B-27e30fed5217,unlabelled_background,E001G-083011c5011c,BNG_100KM_E4_N2,EAP-c590a5cb0139,2020,1.0,128,e001-background-v1,e001-terrain-v1,E001S-f42ebbb3b3b6,verified,pass,pass,pass,32ea8d958bf520ea330a4dfbd805f657eb94613d16c75938acb28d459871d5fe,49d92c30c82024bdce0c3269c9cb41478fa1565ad2eb564b585f33530d0fa06b,ec2ea378d07f4948efd347fb4400b275e010d5f3561460e67d9393ec7163b433,False
E001B-8c82c58f00bf,unlabelled_background,E001G-e289366d805b,BNG_100KM_E3_N5,EAP-c590a5cb0139,2020,1.0,128,e001-background-v1,e001-terrain-v1,E001S-37122bd77d1e,verified,pass,pass,pass,dc9d01f882cb72bdb4eef27210830a6c1e9a7df447382e428bcaf4bd4d8ad1b0,e04f2db5c3764fd3d58f34ce9df304949dde9ecb269bde95582a0de2a6b255fa,420669761b9899f684579fd89027adf4529579bd3a2787bdff3b7a5e241c86b3,False
E001B-8d33eb105270,unlabelled_background,E001G-a2f1f531a247,BNG_100KM_E6_N2,EAP-d85b0f0821f9,2018,1.0,128,e001-background-v1,e001-terrain-v1,E001S-ee9fd7f89c30,verified,pass,pass,pass,41e2d8cd4c854624ac9373ff817289544e3ac7b4d025906d368031d668478c73,0d0eaf7812f64f50f8fd48fa35ffe5739e766ee9c633e8368a2503934d0987e3,46da1c486602043e4e6e62d156bb13358d83140fa40a0f507bafc09aa0914b75,False
E001B-0634f6fb6579,unlabelled_background,E001G-c1f6510805af,BNG_100KM_E4_N3,EAP-71ad6a50942e,2021,1.0,128,e001-background-v1,e001-terrain-v1,E001S-334c351a4cdc,verified,pass,pass,pass,259a64f9bbe93b50d827905fc229c6b28681f12d145bcebf8d18a1736b896612,94a2ed8d031e8dab4867ea9723fd4a4de87051fbe9f5dce187debfd8eb85a45d,1b07b984ec9d4b72a1ebddff532720e6500916a2dd4d1385c902acb33b1c23e3,False
E001B-9c17fde89c57,unlabelled_background,E001G-e313ba56d366,BNG_100KM_E4_N2,EAP-c590a5cb0139,2020,1.0,128,e001-background-v1,e001-terrain-v1,E001S-18385965bca5,verified,pass,pass,pass,81abb9b1380199dd9a1684b7f90141f6174d1d6501ae36ff81c8aa2d4766409c,25c3e18ec57b143a258062b731f5ca3d8dea10d3c2214e2a1e651b72a8295171,fd5b6eb56980cfc83d140ffb9a90dde284fa2644eb8cb03184aeba32f575faa3,False
E001B-e6ce36f76a94,unlabelled_background,E001G-15d32ed1e7e6,BNG_100KM_E4_N3,EAP-c590a5cb0139,2020,1.0,128,e001-background-v1,e001-terrain-v1,E001S-1d3324da55cd,verified,pass,pass,pass,14bac82b6ee9042f000b7dc52723934212aa6be1d3d779c1fde0b942c019efbf,5710aacd5e258c6b7b01e3c724d5a192758bc3b80387e51193ab3cf5ee0a5ff0,5355561d016523647cecbc076001ff3a2061754e1c6121fbc04372cd711843a4,False
E001B-60d4d5cefb8a,unlabelled_background,E001G-f06a67ca5784,BNG_100KM_E5_N1,EAP-71ad6a50942e,2021,1.0,128,e001-background-v1,e001-terrain-v1,E001S-11e5b982bd4e,verified,pass,pass,pass,06cb00507ff940d59aa437403f1e7cbe45af05d4ad7c322905492e199a50f457,7015049671c38c1041ee106b886e289a36cd9ae26f83f9941d1c8468adf2369b,26eb2506c941c766b2e31865649b3c960d22f04827bd151efa53fd1a7c29d158,False
E001B-b49241d82567,unlabelled_background,E001G-5e0501021308,BNG_100KM_E5_N3,EAP-8e32eccbc87e,2017,1.0,128,e001-background-v1,e001-terrain-v1,E001S-a503b54e0eb0,verified,pass,pass,pass,8f993b21cee0c2d8bc53b21b1530aa871fd8100da8ed7e49ecf8d4e620402689,6076eaac3ee19ddb57bad4d3f1980fa115b8540f1e289667fa0315aa9f34e3a9,cb840fa29ec721c82067aba852006cc79b9915365c81bcaf56a0d619df3d773c,False
E001B-a71702113f77,unlabelled_background,E001G-1de551a9ecad,BNG_100KM_E4_N0,EAP-71ad6a50942e,2021,1.0,128,e001-background-v1,e001-terrain-v1,E001S-fa9ed3dc4459,verified,pass,pass,pass,cacab790b59cbcf3ef5acc502e3611c606b7502869dc3a0bb3f4ae3b44d809e6,cc3d213b4c619ac82cf88a54877ad92660080f2c4efeaba7ad1ab76ccd5e03a7,9f947cf387f1529f32e57176b26cb6d148c26e116d97c3c238838b3561596f8b,False
E001B-e46018743132,unlabelled_background,E001G-250157aeacde,BNG_100KM_E4_N5,EAP-d85b0f0821f9,2018,1.0,128,e001-background-v1,e001-terrain-v1,E001S-738a6c051730,verified,pass,pass,pass,b02068675b3713b9379f97ffd42d36276cb48dc508f2afa2b834660fdfb2e9cd,92c745f627da03cdc79ede20ac542adcead9103c175e92909d7e0d9a9125baaf,063978070e408c6763d2c7c361e3e712ea123b7e23083cb5a13d37340350239c,False
E001B-9e29f17bafa4,unlabelled_background,E001G-53dd4d0c6144,BNG_100KM_E4_N1,EAP-71ad6a50942e,2021,1.0,128,e001-background-v1,e001-terrain-v1,E001S-b9ebb0aa0e4f,verified,pass,pass,pass,b48e3e8162ad9c42d03e5ab9f249f149b2113cdd13956fff9bd6d86e0643d3b8,6a499d5637f19cf09938cad8eee30f556510770bf0ed1be5eee3ef80b16563a6,7916e98b3169d7b1343847422e13e59ccd9c5420a29fa1b1be55e12d5ad9b044,True
E001B-9a1c5b9cae70,unlabelled_background,E001G-c26548eecc3c,BNG_100KM_E2_N0,EAP-71ad6a50942e,2021,1.0,128,e001-background-v1,e001-terrain-v1,E001S-3687f6db4021,verified,pass,pass,pass,7f62348d7baae528763cda25f739b655e8fba2f4391ec1a97d69f620b23c4e64,e5575de6ba68a36cc2ca7561dedde7e1b64c9000535c6759515ad22faeabfbe5,2175f5076bc6fb9e819ac95d5093dbe900ce8f2c032f452bbd98aef7edd6750b,False
E001B-481801f3f30c,unlabelled_background,E001G-75482fc67325,BNG_100KM_E2_N0,EAP-a800a13742ee,2022,1.0,128,e001-background-v1,e001-terrain-v1,E001S-1972ddd19a02,verified,pass,pass,pass,aaf3bedbdbf31a8cd55acf3f7def6a39547e7e5d386dfa7c1a167437204deeb0,205aad3388f01378d6320d37bd391ac9bd60ca7cfc5937c2a1368fe2a2d00244,0533fe8c89d7e855209fa0726f3a480f825bb51828b54d63b732076cf7d2b902,False
E001B-d4326395981c,unlabelled_background,E001G-ef6d3bf97c33,BNG_100KM_E4_N0,EAP-71ad6a50942e,2021,1.0,128,e001-background-v1,e001-terrain-v1,E001S-52656390050e,verified,pass,pass,pass,167690ac4b90a7d31fd15fa701931280feaca126c013fbdfd4b50ed866c25367,69ba5c27455acf6158c5a35759752080b7e2337cf058c2485156567ec9c45e64,eb0b6f7a67de0277ec16e4b52606db2c881105e264942c3692439fbf9a41e6ec,False
E001B-dd5fb1b1cafe,unlabelled_background,E001G-7625697c85c0,BNG_100KM_E6_N2,EAP-d85b0f0821f9,2018,1.0,128,e001-background-v1,e001-terrain-v1,E001S-98bc1d041457,verified,pass,pass,pass,2e3c70aff8c495fc2f067d495ef32fc01eec2a3639ef8f7d03eb1c9115d95917,56cfec33d740048523a72f2df727be014170950ad521963338539c496198127f,dc37a8b4a08b7a1c75075e28d67411ff2da30aa3bd19cafe33b2357ea1564836,False
E001B-afebc71b683f,unlabelled_background,E001G-3f50f12858da,BNG_100KM_E5_N2,EAP-d3a871d4f09e,2019,1.0,128,e001-background-v1,e001-terrain-v1,E001S-d7839ef20ec9,verified,pass,pass,pass,5a36ae1a0ec0b2d4ad20e6d4e1581fb1438214001fb2fd479975624ec6fdfd53,ba140d7749d5c86567038d52721a799dabbdc9c965c620e18a8aefd082a3c240,71f32d17634d97700b0546d9528b7d8f41c6bfcc2fa085ff849034e4c677f304,False
E001B-48544b13ced0,unlabelled_background,E001G-14f24856dc6b,BNG_100KM_E5_N3,EAP-8e32eccbc87e,2017,1.0,128,e001-background-v1,e001-terrain-v1,E001S-b2dbfa159a5e,verified,pass,pass,pass,410249cea2073e1c924533bd570f850a569b1353e35a0b521656a52f20fb9b1a,a5d6ec7622cd6b300dd8588a94720da64ba74c097b5c306dea86ecfd2c9023f1,78a7df43ee7958bb915dca0489ea9cb2086d0db2d26f2dc09cf1892c88d77db7,False
E001B-223509dfdd28,unlabelled_background,E001G-80a69e873b15,BNG_100KM_E4_N0,EAP-d85b0f0821f9,2018,1.0,128,e001-background-v1,e001-terrain-v1,E001S-112902506d24,verified,pass,pass,pass,e9a78f91c927bc725abc98d807c31070988c26d899a5888f518492bb0fed755c,1c3c970d75bcf7f7d08254d13195d00d95e3e9e30adf12f0b6f6d550ed76d514,8b43571efbadd97a079ad358864596928766a7c436f13ee88325b8678c4ed7cd,False
E001B-07c6cb27d28b,unlabelled_background,E001G-bf62bdb21c16,BNG_100KM_E5_N1,EAP-d85b0f0821f9,2018,1.0,128,e001-background-v1,e001-terrain-v1,E001S-2ac6b7d6d7c7,verified,pass,pass,pass,e69f51c3eb8cc05f667361a97ae789778a61a7b2339fc255dd28f18346f6341a,a2786f0d85d98df0e6e1356112554468032c41c4d0a1e0734452b4561e4b72b7,3a4a5028f5d05dbe234bc77cea33e822e5084c3b2c72b091f2687d8cd695f07e,False
E001B-2c32f67c1ff4,unlabelled_background,E001G-bbc48e7beb07,BNG_100KM_E3_N3,EAP-c590a5cb0139,2020,1.0,128,e001-background-v1,e001-terrain-v1,E001S-d9a94b35157e,verified,pass,pass,pass,b12e068096768540bb4c5fb0248fa9df3c29a749a5aed673d184d882c78eebf7,2f34be1b3be8c2480d9c17c7283a07fe47fa2c6ec81224987fbd26e5c5184338,63d38d552aa6652637e17458643fbe3bf0d38168817f2aea6cff6584302a3ce0,False
E001B-2ec2e2f02560,unlabelled_background,E001G-0d9c30643a48,BNG_100KM_E3_N2,EAP-d3a871d4f09e,2019,1.0,128,e001-background-v1,e001-terrain-v1,E001S-a60199ceacf1,verified,pass,pass,pass,aa36188c2b1daf73c8f77eadb28581459e0e2486206450001605d082fb0e6a29,2d0919222e4ac553a21688e2af52a98c55f9ff6c88463abdcd795e71c0014f8b,d22670bedd0ac9441494b87bf33e0897ac3677f07b57498ed0446dd87927a061,False
E001B-7d6978cf9fa4,unlabelled_background,E001G-0ec6afe2ab57,BNG_100KM_E3_N1,EAP-d3a871d4f09e,2019,1.0,128,e001-background-v1,e001-terrain-v1,E001S-f4d946b72ff0,verified,pass,pass,pass,c3234a51fdbe07e65a5312e12d9694a7788ff2fe446389c256d6779e7c74d576,6e0ab15362c0e9de56229d0308f9a97dd5dfe337cadd44b2b71f5d7939cfc1ff,5c62aa866480e95e3337bfed341fec270300f868622901cefe7f0cbb22c391fc,False
E001B-7a8c94736496,unlabelled_background,E001G-6d88ee3bec85,BNG_100KM_E3_N1,EAP-c590a5cb0139,2020,1.0,128,e001-background-v1,e001-terrain-v1,E001S-b63469be137d,verified,pass,pass,pass,a590eba4f7e70cdf77cea379f45579c5ca60498fa3bcb24dbab17420541ab01f,7611f25584305ba65926686860e996d9e3a4483590121ad754fca9ceddbb9cde,38ebe33deb43704ae43f8bf2eee0313b1a7d9a9a2fcad5810bbf7e8e696c098a,False
E001B-841f4138d7b0,unlabelled_background,E001G-599665855e06,BNG_100KM_E3_N5,EAP-71ad6a50942e,2021,1.0,128,e001-background-v1,e001-terrain-v1,E001S-d2b04d668447,verified,pass,pass,pass,719a5ef32f975492316c9a73bd836c9b07b34722ccca59ac14e0841220d45322,22593bb8e6fbb3fecb73f6c0551ab3d50ad165963e107c5962db22789e9b7186,69afeee37efd16d5fcff95ed0852df622303ea3836228e5b0a711d613ed3f068,False
E001B-3f2a469cbfaf,unlabelled_background,E001G-284e54243a88,BNG_100KM_E4_N4,EAP-d85b0f0821f9,2018,1.0,128,e001-background-v1,e001-terrain-v1,E001S-d48fbf06ddaa,verified,pass,pass,pass,3f5f216bb44439bc10775957f5caf2d0ec1e66656a6f247f70871ec9db7eea1a,4b81d07504d2b6e2877dcf927d1f742e2831ed0f62ae5e2c13c20545fea84859,d7393cd3a1099a672d87acd24ad045b403e155c182b92cd5732b64e453c765a9,False
E001B-47e3bcc4d0b6,unlabelled_background,E001G-93548ad431cd,BNG_100KM_E4_N5,EAP-4f02812edece,2016,1.0,128,e001-background-v1,e001-terrain-v1,E001S-2c20d0840d37,verified,pass,pass,pass,421427c796fb0c2141c41b1d1c69c0e370501bd7fefec5ebdb6298e56ebac4ef,183fa246dcaee11de5fa4293befea03089df091752a7fa36dfe23e1153a6faa9,f4eb6b87739e241a0122a5c55b2354b54e3c281eaee5dcccdc382c4446c977d1,False
E001B-8809da1d8477,unlabelled_background,E001G-5ff09fcdbadd,BNG_100KM_E4_N5,EAP-d85b0f0821f9,2018,1.0,128,e001-background-v1,e001-terrain-v1,E001S-a78b11e796cd,verified,pass,pass,pass,0ab6e3c86c2e3dfa70b03284942c9c0c652865a552933d40c0090cd633fd20fd,fa33026db2ef44a9ea634ffdacd6cf2db8ec18c0f3855a4434b5de2d472d8e4a,2fac79a99fd234f9fe39b3b6c6457eb353d9a4100d898eccbf750479c64816aa,False
E001B-e163866d9f9c,unlabelled_background,E001G-ca4b7ba2e224,BNG_100KM_E1_N0,EAP-c590a5cb0139,2020,1.0,128,e001-background-v1,e001-terrain-v1,E001S-4d66f2b54664,verified,pass,pass,pass,26a6be0501e8652c9951bcbede6480e06fba243bab4a9c02a9dd1bd489febd4c,0728948506a5f6e9ac17d75813dfc429e70bff6a4b9da52c3326e4838676d0b0,8bdf115dc10604386c15dad27e8712f8321a28937637f0e2438a57c572ed2ff9,False
E001B-81724b516d3c,unlabelled_background,E001G-c1ed32e1ca6e,BNG_100KM_E3_N2,EAP-c590a5cb0139,2020,1.0,128,e001-background-v1,e001-terrain-v1,E001S-d8c6c78cd584,verified,pass,pass,pass,f21e816a72b71e384f62d22ea38369a86610ab647afe4a87603c8c2e846539ae,49d66af04e796ddcb4695e5eb78214bf4a01c43e8df0a1ce40bb7ca3c77225b1,03052abafc54a96cef906a9e99bae1510d021bf7f2746c804f63b06b9bd80700,False
E001B-d2c65ac66744,unlabelled_background,E001G-b9a16a314776,BNG_100KM_E4_N4,EAP-d85b0f0821f9,2018,1.0,128,e001-background-v1,e001-terrain-v1,E001S-ca894a98ac55,verified,pass,pass,pass,200ebb1d8e06c0cea0c6400ccf3f6710bff83fe247c362c5f32ad1855225008f,6dfee49b6f120dfaa8ba93442ddf2ea8d726e268d6402fd8ba5aaa24b7de0f33,351af0b7c7f3d9b11bdf8c20fbb9851f926c3c799295635a43ae5d15f5380bdf,False
E001B-97895df3db30,unlabelled_background,E001G-811748c43f63,BNG_100KM_E5_N0,EAP-d3a871d4f09e,2019,1.0,128,e001-background-v1,e001-terrain-v1,E001S-9064229372c6,verified,pass,pass,pass,cde88877e757990e96ddff89918385d744dd47f95a2aed990385c45cc0f5ec63,cbee77d2557c20c8eb5ee82cbd0ca4da46e4b884520a75d0fa6cf8bd5c93f4f9,08a75ee8d6814cc4f50a649df92d35feb6e6a4c0e146307f7641a8e719fd68f7,False
E001B-2d3aed7d4bc4,unlabelled_background,E001G-69f98e953c38,BNG_100KM_E3_N2,EAP-c590a5cb0139,2020,1.0,128,e001-background-v1,e001-terrain-v1,E001S-985a892d4990,verified,pass,pass,pass,68aa2eb129d2e66feb0929d78b3cf456c85cf951104309d3323c4d35ea6a8c67,9862b780c287c17986f93a84624dac2bba013247bda8adc1c3d63d941d486230,25ce61e72deda683b5ff9bf5317ac651102e32b594ba8043c6e24f87aa4a827c,False
E001B-d4f8aaafda2f,unlabelled_background,E001G-14826fc2a1fe,BNG_100KM_E3_N4,EAP-c590a5cb0139,2020,1.0,128,e001-background-v1,e001-terrain-v1,E001S-a504013d91d2,verified,pass,pass,pass,472ba804800ec64d5fe48e152a93ebaea1d618802f54b16cf6151c81486380aa,faf1bc5fa932d7846f37d7afdb3c61a267712264f10f070f1bd51f9bed58b1bd,f96a989bc74e1dbd7ee12d24106fc2ea4a51b8446f9cfa8d25f9eb74f9f97770,False
E001B-779dcb849dbf,unlabelled_background,E001G-bd5f9358666a,BNG_100KM_E5_N4,EAP-c590a5cb0139,2020,1.0,128,e001-background-v1,e001-terrain-v1,E001S-9d45821f08f7,verified,pass,pass,pass,1ee37c04ab578ffcf67b35b70628817be0c788aefa15c90e493d9ea2acee64ce,c62f44dfd9c54f39f6f19eadf222493a84f8727629c776733dfd2db8cb6329e1,25c0566447d6cf2329933e998037923839a5b9f2ed605fd0a4a6d3bdedf71c77,True
E001B-4f6667839310,unlabelled_background,E001G-5ea07bc2bedb,BNG_100KM_E4_N2,EAP-71ad6a50942e,2021,1.0,128,e001-background-v1,e001-terrain-v1,E001S-ce0033fd6913,verified,pass,pass,pass,938e75b7ba6e09ca4da23c0397639a0fad2e9073dea1e20fbf199c2bdfbde006,1067dbc6de51e69c15437a2a98cb5e3bc07c1042fb4715ff949b0d6b416ef7b6,42c68523d710251d97807fea02ed553134d565af22e84d72097dcb8fc3aa3567,False
E001B-578805006802,unlabelled_background,E001G-d3f66fa28063,BNG_100KM_E5_N3,EAP-8e32eccbc87e,2017,1.0,128,e001-background-v1,e001-terrain-v1,E001S-426986aa8649,verified,pass,pass,pass,0a0ce21c0de1e90a3c4d5e612e7eab5191a1bea2f71092a80aafd3794eb311cb,1b93e033938692e08fcf1284bfc77abdf5d2c497e4347ac7e53e27c7925d4543,a5a426df09953a4611851eec7cc83b3f55e117647e0d3e12b22ea9b283084d38,False
E001B-c649ec007cad,unlabelled_background,E001G-4d8bba6c4e53,BNG_100KM_E2_N0,EAP-d85b0f0821f9,2018,1.0,128,e001-background-v1,e001-terrain-v1,E001S-2dedd5613635,verified,pass,pass,pass,71ee59613fe1ccdef74328f1fc06e700b81ed196eefc5658f1528fe6f0face32,8527cf3b9dcb6fdaa8a3609f081878a1699f5e69a4c86dd833091878d83134df,7ae12b3b34f0fe8e0101de5e0a7c0db5656b9b70b7126539091185d70dbe3e63,False
E001B-35b8c0ac034a,unlabelled_background,E001G-25f277fc668f,BNG_100KM_E3_N0,EAP-71ad6a50942e,2021,1.0,128,e001-background-v1,e001-terrain-v1,E001S-617913ff87fb,verified,pass,pass,pass,69a88db95395011edd0945c86c4af95022cd439f0a16a36ec5bb92f574974eea,fe54366388c26932345a234469247d67c3e86828e4e5ab8afa1056255d7c6075,201b0199d83fbb52c78bbc0fc69d8942902413503cd07dd6f631ce70e1af01dc,False
E001B-4ddfa8ac2665,unlabelled_background,E001G-e74f3fdd8ab4,BNG_100KM_E5_N4,EAP-d85b0f0821f9,2018,1.0,128,e001-background-v1,e001-terrain-v1,E001S-8f010312a645,verified,pass,pass,pass,394f369e43ba69b8a5711062322713c2b9191874190f62db4d8023c23f8de9ef,609899408538455cee5a6ace1eb9c27e0cecd9f3c298d665c93f3a95553fb5e7,92cb3522aeeee66c64d55925b1135582aa0db7aef6c3679d9bdf99f3a644341e,False
E001B-e3fe5407b3f3,unlabelled_background,E001G-871066ca4df3,BNG_100KM_E6_N1,EAP-d85b0f0821f9,2018,1.0,128,e001-background-v1,e001-terrain-v1,E001S-790a9cff7672,verified,pass,pass,pass,392b9ae0ac9b0ae800dd82dceef6782752e39418f632558b4774fee593d16e6b,6859de93c54af066255ccd2611af541cd8588fe6846d089bd41e608524be3d46,a10d849c34e2583170db58a265a0f9ca11cf952dfe3c8d36d416b7b54e82ec42,False
E001B-0c6817be9510,unlabelled_background,E001G-f680a024fe1f,BNG_100KM_E4_N3,EAP-c590a5cb0139,2020,1.0,128,e001-background-v1,e001-terrain-v1,E001S-00accd272599,verified,pass,pass,pass,3a972931e56ede51b500e344e4e0c54598f39614bee96e6a4044b03c92c3a570,80f9af5c5e179c40b36ba9becbedff8d12e76aea2fda9630453801f05e31424f,ea2a6233afa50a69c742777d7b168dd92038afba6ddf7a5cffe2d88ed9be9c4c,False
E001B-9bb62cefd888,unlabelled_background,E001G-c33db9c01546,BNG_100KM_E5_N4,EAP-c590a5cb0139,2020,1.0,128,e001-background-v1,e001-terrain-v1,E001S-563fb611a54b,verified,pass,pass,pass,70acfcd928fd426e9fa96a0034573ba709ce50f3b5c6b660cb1b42227c165741,0c54974769a2251f7cf6cc9f390c8f821e3c836c79eb2f8df18abb5d6ec110fb,9d461d0098a14bb103c5d378f143309c5966ed93afcb6a5d76077c16fc0c4933,False
E001B-161569e36d40,unlabelled_background,E001G-0002da38060a,BNG_100KM_E3_N1,EAP-d85b0f0821f9,2018,1.0,128,e001-background-v1,e001-terrain-v1,E001S-4f5dc59e187b,verified,pass,pass,pass,7d1e7409e7479c9db84b6efe4bcfc4d2b5be7e065b692c9e1d4e351fd0e6e2de,396edac177453f1123a2f2c7eda29f8f7b4c4922f8449faed10aa59307e3d20b,78c2b7d5522ab112aa2503896561645dce2d99c22dac961d01282af7853a22f3,False
E001B-1ed5b28fff70,unlabelled_background,E001G-79b532f38536,BNG_100KM_E3_N4,EAP-d85b0f0821f9,2018,1.0,128,e001-background-v1,e001-terrain-v1,E001S-7c8237cb9e7f,verified,pass,pass,pass,c2e69bfc84a4da00217d4d9d3aa38fd9a4c1136b19ff7575ebba46bd73538ced,7b7acb055d7bdbcbea1b5981bee3c961e7a53b4ce7ab6903aa85a1f51fb4e52e,95b3e5384fc72166c5136d68ce630eeee0fe0b7ee1f20ed07af2107b01f758d9,False
E001B-166ca0f15db3,unlabelled_background,E001G-42dd34d29069,BNG_100KM_E3_N1,EAP-d3a871d4f09e,2019,1.0,128,e001-background-v1,e001-terrain-v1,E001S-16d866d55001,verified,pass,pass,pass,73875d920bd96b98b1a1490cabecf02fcc8d92bd1478dfb63651f98114c3c1a6,02af37b43a68c4416b6031945012a8a6d0e8a88c1e122071d550a9687b4ded7a,d3c313bcf430c8db407ca746a4df4e351183819aa1035c694747257d93bdaaf7,False
E001B-ce3856578ba8,unlabelled_background,E001G-b9d4336490c8,BNG_100KM_E4_N5,EAP-d85b0f0821f9,2018,1.0,128,e001-background-v1,e001-terrain-v1,E001S-6a7e3d086b36,verified,pass,pass,pass,84af8ec58b2baccb252c699a0446d38d982f2068111533ceef29e0e692457297,89dad7e6212e9534c479af8930c953a9547fabdba38d42ee48875cd5b9b6f44d,401a2ffc920309a9614a6a8db45773a27cd164602cda0c233c8a085124ff01c0,False
E001B-1abb7286e4d7,unlabelled_background,E001G-0dccef6e9495,BNG_100KM_E3_N3,EAP-c590a5cb0139,2020,1.0,128,e001-background-v1,e001-terrain-v1,E001S-332b3a066062,verified,pass,pass,pass,30a66974d89b89d73ce8a0c949b4f973fc7c887541f6044cc66a1e37b8b2a37c,f14bea90d2cc3ec0ee038dba95612276ca38d96e123106163555de19ddc380ed,580dbe6cde5fb08d059124a70541391299c97215282d8c10b37e60717b67822e,False
E001B-5541053c7671,unlabelled_background,E001G-68e739755fe2,BNG_100KM_E4_N0,EAP-71ad6a50942e,2021,1.0,128,e001-background-v1,e001-terrain-v1,E001S-783de3e8a55c,verified,pass,pass,pass,88f16988c235970164f0c6a8df3379088c58c9cbb5f499d47343d33e3dba65a1,0bae8ab1deb2504b221c306d978c091b3e42ef16e64c872e973d0286316a71ae,cda135266cff5e6a8805a4db92b8c7ccda47d30267a7923fe7d8e096bd4bd655,False
E001B-760826b82768,unlabelled_background,E001G-7fdb8286ea34,BNG_100KM_E3_N3,EAP-71ad6a50942e,2021,1.0,128,e001-background-v1,e001-terrain-v1,E001S-83e0841a2e31,verified,pass,pass,pass,a31356b4bd6afcb1ca78eec4d6d5930a84c4083570febbdce65b1b16d4552814,2e93889985bb0223c896a47fb92ec2a5dff6c4ad0dcfddb40755299685d93ffa,5989259efd3a6f00ddb34143de8d0913d0b04a2cd81a60d0082910133aeae7f3,False
E001B-99b2b1ac43b5,unlabelled_background,E001G-0378ebe272cb,BNG_100KM_E3_N5,EAP-71ad6a50942e,2021,1.0,128,e001-background-v1,e001-terrain-v1,E001S-9037a27ee5af,verified,pass,pass,pass,829942976aaaa3e4d3af47c1ce2eee2da6fbb1f59c27a157db48e03fa21cd3be,4faefd4d04bb3a08bdd305e9af18072a41c30fe2fc7d82abdbccb7794b6d091e,3f200d7311c1cd6661b30fa83e344fd4a32a7650b1bef86a9c18c6ee6c7eda93,False
E001B-f92cca0fc0f7,unlabelled_background,E001G-6a4b9b5b794d,BNG_100KM_E5_N0,EAP-d3a871d4f09e,2019,1.0,128,e001-background-v1,e001-terrain-v1,E001S-86941dab67e6,verified,pass,pass,pass,cbb6a7968ef5d7094141e436acffebb8606efe84465dcc30c7a90746e1c618f3,aaa3da50e206145bb695e8e7cdd54119e1d445e32f603406bbff1f953b2c439c,0e8472101f54a8f753eb52a83c71f9d584b9f667b029f4abf4819d978eedca80,False
E001B-425c96dc3dff,unlabelled_background,E001G-a28b02e3a644,BNG_100KM_E2_N0,EAP-71ad6a50942e,2021,1.0,128,e001-background-v1,e001-terrain-v1,E001S-90eabc833fd2,verified,pass,pass,pass,d0370e6925d6ac9a791c7ff7e976549048c382f1ac46c89a07e4b1774711551a,66e49e99ad116c1487421404151e279f28a0853b82affcb2a16f4a929e255895,5f4c2d2c4ff906079ab0396be736c1ce3ecacea8e7ca0a65965407bf8decbbdd,False
E001B-092afd587a4a,unlabelled_background,E001G-1af9d00e81ff,BNG_100KM_E6_N1,EAP-d85b0f0821f9,2018,1.0,128,e001-background-v1,e001-terrain-v1,E001S-f561c88b6ea3,verified,pass,pass,pass,88b523c061a51468bfea25d72ce314472dbca938ff85bc14e7d5cdd9cf6ca75f,24d3a31422fde873b6b90496659866cf4aec20573f5e7f44c93638d28a9d49d2,5c064a56a19d970ad9cbddaf150560a622d90935a094dbc5ecbe772104ac8a7a,False
E001B-6f6d9e130819,unlabelled_background,E001G-3b5574bb54a6,BNG_100KM_E4_N4,EAP-d85b0f0821f9,2018,1.0,128,e001-background-v1,e001-terrain-v1,E001S-f3c9c6193fcc,verified,pass,pass,pass,440b94dc0281ac9ff842ea3f55efbfc2b1d9359d3409b1e3c44f155504071c95,5d2fd6017ecad9caf97500829fbef50c77c4b7e5da14145f2b2a88347256c8df,95f50e347c553a9e3ee16ea92748907a8da6c58cd1de5d3868a7cb4cc1780281,False
E001B-643730072a11,unlabelled_background,E001G-929d50b8dd90,BNG_100KM_E4_N4,EAP-d85b0f0821f9,2018,1.0,128,e001-background-v1,e001-terrain-v1,E001S-7b29a75729a4,verified,pass,pass,pass,f9355abc4c5b92200833ac07cac76d853aa2c1f220e95f850d3b0a014d87c82e,d19d17c78b86f43aa07e6350a1286045bba9c23cde3b00886521765a4b7ec293,863e651375ce5854ec9dbbad3ca3ea515e33ac0976486cc5074fb848c0306db5,False
E001B-0b2196a20745,unlabelled_background,E001G-76549943f699,BNG_100KM_E4_N2,EAP-71ad6a50942e,2021,1.0,128,e001-background-v1,e001-terrain-v1,E001S-eba8011b2de9,verified,pass,pass,pass,fb29049c826a59d53c70bff84b7ff586f9a8f5a25c5573b35eddab47db4893d7,d2b68a353677d1085c680b3e0974a0d27a603538e9fb2f8dc81d3f4d9e8d3fb2,436e157210423d7d0ff6120ce4bcc639ff179154ac9aa8df6835f5fe5b699ded,False
E001B-ba3a88ace57a,unlabelled_background,E001G-b6f3c9ee7d3d,BNG_100KM_E4_N0,EAP-d85b0f0821f9,2018,1.0,128,e001-background-v1,e001-terrain-v1,E001S-a2643ebfb91c,verified,pass,pass,pass,f444234dd57a209ccb120b8fb104897052220b4d189372df5b1bcc6cee27802b,59164ae0be5d8b3ca1ceb196620e28d1e6d04410e88776dcc4361ff661e6e34c,8bc5c930e2b9b2640815f5a36dd6255b468e9e7261d4722b11f821b967c3491a,False
E001B-d0e1e1e56e46,unlabelled_background,E001G-2abe3fef15d3,BNG_100KM_E2_N0,EAP-71ad6a50942e,2021,1.0,128,e001-background-v1,e001-terrain-v1,E001S-95779590f453,verified,pass,pass,pass,a04ff00bffb3efd150b40ff54a996d78fa73aa7290061711383e2c583cd8ce35,f91ecca87ada60f867dade023d0762e2e922f30ce5729da394046c05517becb1,c5fbcfabe6608ccdeedcb8d1d595e1625505a757be5184c7312a7952e79545de,False
E001B-2d7221bb5eb4,unlabelled_background,E001G-45c20d9b9a5d,BNG_100KM_E4_N5,EAP-d85b0f0821f9,2018,1.0,128,e001-background-v1,e001-terrain-v1,E001S-c3a49799969e,verified,pass,pass,pass,9c29e14dad6be95bed4a18b8b92374329dbc03719be5437b4e36e42e064ec87b,a12a8210e7649866b8527c5efc928a55e2e43034f2d9299c864ef7ee57fd60fc,f2940206d908a44653381d8340528b008b5274cbb2b2f37d76e7ac9eaa138a7d,True
E001B-5fb48aeaf038,unlabelled_background,E001G-29705429c5f0,BNG_100KM_E5_N4,EAP-c590a5cb0139,2020,1.0,128,e001-background-v1,e001-terrain-v1,E001S-aec99532dcc9,verified,pass,pass,pass,50abe47415caf7a59f8a7a8127cf31f10ae0900d703c943640b41f376d467503,abdacf6981611471839f9ed52fcc52f354e39575740e6fea5088f3581333e43c,1cf6b03dbb30087a1b2a47a9af1d59b8fa2bed3ce2562eeb46c6a37627830fb3,False
E001B-e579096ff085,unlabelled_background,E001G-ee96a6833635,BNG_100KM_E3_N5,EAP-71ad6a50942e,2021,1.0,128,e001-background-v1,e001-terrain-v1,E001S-252ab3bdd8d8,verified,pass,pass,pass,add20ca594888d1917b2322d231cdea228daa4679b0696f25959532cbe19117b,ab93fe34df5ae2a11edb328a884a8c9da3508cd3914819acacaaab6e135066c0,e2d62537b435963cccf6d14e1582f1692ce8b12d1df4e326c10dd7f14c72deb8,True
E001B-3abcfce2741f,unlabelled_background,E001G-475edf6185eb,BNG_100KM_E3_N2,EAP-c590a5cb0139,2020,1.0,128,e001-background-v1,e001-terrain-v1,E001S-12e0bcc392a8,verified,pass,pass,pass,346dc19037e0b0f99d1aa259c39671beef77886e192c950e8229f184fa26c99e,f4999e8354788f9faacad6766921fcf222d9a7c47bddeeba64aee401a882b127,b1bb8a445473fb77fb3f1a33708c045a245a3e6bec02bacf0f071f8e1a98c4b1,False
E001B-7fe6225af74f,unlabelled_background,E001G-894bb050c9a3,BNG_100KM_E4_N0,EAP-71ad6a50942e,2021,1.0,128,e001-background-v1,e001-terrain-v1,E001S-3152a1fcd478,verified,pass,pass,pass,b7f9060e87cb80acbf534943cfd061a37b9cd2bfc7d476785f995ec73702fe83,9369ecd855a51b38023645f4808ab8e51d6b82be387c82afc95adc1780e0c130,5d67531e58df433b916901626475b9f1e417f5c3a8c5b892e961e31bb36587aa,False
E001B-724014a48829,unlabelled_background,E001G-d26c18c2941a,BNG_100KM_E2_N1,EAP-71ad6a50942e,2021,1.0,128,e001-background-v1,e001-terrain-v1,E001S-9f210ea40033,verified,pass,pass,pass,8efe1e86f77747c397f99724f673d8e7b4fa2373e20523d8cb6ad262b3884bc8,096fb00c2c69e58749f75f4c612bd73a7902eea5722682f48c3a03fd3bc7f031,9e548c7e8c243ab4be2c206fbc9b95df4410267aad548f402f8f09a4ec80b9fc,False
E001B-daf9d4dc10f1,unlabelled_background,E001G-6c3ba3545a5b,BNG_100KM_E3_N0,EAP-71ad6a50942e,2021,1.0,128,e001-background-v1,e001-terrain-v1,E001S-8ca1fd1136d2,verified,pass,pass,pass,d7eee659053952b26f2b64b30030cf20b230269ca6e2eca9bbf3a03c64bd582a,a1d7c8f913a4305cc5f9e20c4e0b9986f0f5e3f1208893e101e5790c8b236d90,adff353e952473d92da103f63ed881985dee2f69a5467f5247dd26488b985453,False
E001B-8d26e074dcc2,unlabelled_background,E001G-d4db32761647,BNG_100KM_E5_N1,EAP-d3a871d4f09e,2019,1.0,128,e001-background-v1,e001-terrain-v1,E001S-50fa81cfbec0,verified,pass,pass,pass,fd6cf9cf52922c0129612f9abed5be5bfda0137ac75fce4e17764156452e8b1f,5bfcbe977a9547dd45867983e0ee5e712559d5c892312d8d7bc5ce5f812d3151,12c7d6114e0ab96fbed62880b0b052ed575fe54679d8d223aef0e4bb0f1fc7e1,False
E001B-c7b76ad8a4a0,unlabelled_background,E001G-46ccdc698e45,BNG_100KM_E5_N2,EAP-d3a871d4f09e,2019,1.0,128,e001-background-v1,e001-terrain-v1,E001S-ac712f7908b2,verified,pass,pass,pass,f6ea46825532f5c7a88f28442655456907edec195459d3ea7748f1a6bdfa4d73,ed75b3a62ad612b0a4ab7fcd393e044e9683e43f0a30e3fca6a6842673b82188,1a70f18725f2126c75ceb0fae9256a678c764924c2956a0d4982232582e930ac,False
E001B-4da5ca0c3c42,unlabelled_background,E001G-2dc1523477e4,BNG_100KM_E2_N1,EAP-71ad6a50942e,2021,1.0,128,e001-background-v1,e001-terrain-v1,E001S-0632b026f9f0,verified,pass,pass,pass,d165f44dc9e757bc5ab968a538992b9198ef66d91e104d62363559e1b88c3ce9,bd04d4718c4313e7a0c15a123ba7f29c42a228deb9100c21963fed819efe4a5a,1464b32c551e9b1de9a68bfc60e3f58eba6c3997ccebdf7801b3af35231932b8,False
E001B-3b0de3a8f7bd,unlabelled_background,E001G-42111c3d3f24,BNG_100KM_E2_N0,EAP-71ad6a50942e,2021,1.0,128,e001-background-v1,e001-terrain-v1,E001S-8c24fb9be8d9,verified,pass,pass,pass,81a99925eeb21191d5715a1abf0c5b5fce2a72ba501010ebf995e31d40841b09,b6ba6c4df8072043926238afd5120b4ea2aa608aada760ca08893e03d6328eaf,15af22183a1c42e0121033bb6a6d158ac2067d779372bcff0be279f81dc714b5,False
E001B-6ecb37c0a4b5,unlabelled_background,E001G-fee62827e310,BNG_100KM_E3_N3,EAP-71ad6a50942e,2021,1.0,128,e001-background-v1,e001-terrain-v1,E001S-54e30674627c,verified,pass,pass,pass,9a2c68bd7c03f1c07c2f07362289ec23fd5058cdb4db6457d5d4194c67fae013,c9762bd7e6e046e5c98d25913b3727fb8de068633603c5387520f3d28220d9dc,a16491fc5a3f4f6de40b6e04d34b69fb70559dce52937394ed0f949380dff974,False
E001B-fb97096ec700,unlabelled_background,E001G-77b09e448520,BNG_100KM_E3_N0,EAP-71ad6a50942e,2021,1.0,128,e001-background-v1,e001-terrain-v1,E001S-a06077beb0c1,verified,pass,pass,pass,0dc0423a21daf9bc3888f2586a4c0521ff0c8c45a8560d4f776d29845e668fcf,e94bbf0d400b4078beab18134e7755b8e6449e18a69ec7b8b5fac9547e0df738,76e4d7a8033468abf4b389e25a120a06362291014f3c0704f998a3dc1ab487c3,False
E001B-c4e8bd4dbcc8,unlabelled_background,E001G-5e86adacdf4c,BNG_100KM_E3_N5,EAP-c590a5cb0139,2020,1.0,128,e001-background-v1,e001-terrain-v1,E001S-c39311fdff79,verified,pass,pass,pass,4007b1860765df2983ec21dc0a22fabd4fe1f5f72fe60e17a3abf15ce1a3e75a,a74b645e55106e6484da46d0e078809581dd8eb03db7f3d216cd0627de6f2e3c,e3c98b4f750f40e39049b0747c49782e1260b2362735f3157fe37b677cb1f224,False
E001B-86909083179f,unlabelled_background,E001G-798eba2953ad,BNG_100KM_E3_N1,EAP-d3a871d4f09e,2019,1.0,128,e001-background-v1,e001-terrain-v1,E001S-5d770cc30fac,verified,pass,pass,pass,a7987d47b9b173e11fd04e3c853da84f2b754da1f59d3802310b1e139cfd67dd,ecc2f5f583c0a5ca8ee961169a063ee76af6bc581f721002f152b989239d0b15,dac25aaff6c5c4369beee19f22222e23ab273033278cdfc49a09fb259e861f88,False
E001B-2234323973e0,unlabelled_background,E001G-e930aaa16f2e,BNG_100KM_E3_N4,EAP-c590a5cb0139,2020,1.0,128,e001-background-v1,e001-terrain-v1,E001S-3c8d65cf9d6d,verified,pass,pass,pass,9d681ecb38fefea84d10ae0623556cbc4e8c8cb504a09deb959159b61be8bd3e,cdeb81f706219a386ed79bdee535d216c08cf95a3e74cdd950524243565823bc,256c28387c70356290e166d756303c626764bf677f234adf28bb8856bb5e0fb1,False
E001B-6136cb81da7f,unlabelled_background,E001G-b3a730261346,BNG_100KM_E5_N2,EAP-d3a871d4f09e,2019,1.0,128,e001-background-v1,e001-terrain-v1,E001S-7d45c332555f,verified,pass,pass,pass,f1d4a32993ecf33ddf4a5fd45cfad385110b0ed49456096e0bad56681d56ae86,8dc7035f63c61916c5ddac3cc2dcaa9bf1d75ab59bf60dd97c1e7d69af5e9ce1,9cc7dd92d33a609c37481b3c2c2003b696c7848542c39286836da81995c6acbc,False
E001B-793b8a5ebd30,unlabelled_background,E001G-3d8ed3f59a03,BNG_100KM_E4_N2,EAP-c590a5cb0139,2020,1.0,128,e001-background-v1,e001-terrain-v1,E001S-082640b191c3,verified,pass,pass,pass,9919230c8c02b9eafa1ea9924ed3e8be3ad7f471c4d60d32ae05610638050ecf,776f00c32cac4dd79ec33ad6df7ae5e7bef11f47aa77ec4083fc9dc1ea9a2371,d635db72a35ceb1289cb0efcfd5a868d9104b975679fe5d1484c3eb572e8a864,False
E001B-7d594cff0f2d,unlabelled_background,E001G-f0c7930d6878,BNG_100KM_E4_N1,EAP-8e32eccbc87e,2017,1.0,128,e001-background-v1,e001-terrain-v1,E001S-c1dc8b22c664,verified,pass,pass,pass,062a3725f472523957114395f461777e2e9587e9432ee95e310913143551a14a,552c01ce29ecabf6e9a20549ff6f7c0f5d8a8c822b28bec53ff6da612ce9f254,5e3dfffafb4ccf7275d2f093236cdf8cdd870614208879fa0b73f194306c0f9b,False
E001B-30edb082a6f8,unlabelled_background,E001G-0bc5a9b120de,BNG_100KM_E3_N0,EAP-71ad6a50942e,2021,1.0,128,e001-background-v1,e001-terrain-v1,E001S-f1d2fd4974e7,verified,pass,pass,pass,9beb68e322c171194007c259327151feba64ec5856a4d4267bab09b86b7128a2,bee38f973dc554f236edc72d89e2afcb185a35605db2b55a3b492d3b301d8820,e4da59219a77e7bb2541dec1e38557cc83826a2bef6b7c4a62db80838ccf401b,False
E001B-5c88185b1d30,unlabelled_background,E001G-e930aaa16f2e,BNG_100KM_E3_N4,EAP-c590a5cb0139,2020,1.0,128,e001-background-v1,e001-terrain-v1,E001S-9ae1553d9c06,verified,pass,pass,pass,486a3feead17dfa6d28e95622edb3cb98de46c30dc95dde1c5d25020254bb78b,33aa1e42274394518ed124a28ce98286eab833bd5fe98897190ba9362e55c214,f6a8f67a76e0697d261b252727c23d05dd3962d50a8b5d1f4ad2509bf62ba632,False
E001B-ed62ea9fecbe,unlabelled_background,E001G-b872140bb73f,BNG_100KM_E1_N0,EAP-c590a5cb0139,2020,1.0,128,e001-background-v1,e001-terrain-v1,E001S-607be45653ea,verified,pass,pass,pass,fc8ce0b95fc32f055a80fde5db2fbc23fa64998cc0d1a51186e00d94d77a95b3,aa1fecbf4ec04711f742efa2907b7d6403929f2bdae3cf3871fb510e80e4ecb9,2658e1abe832258ef2660689273859632bc2d4b3d66d8c8a5dbe595d87205349,False
E001B-b8c4d9cd2d90,unlabelled_background,E001G-7b40bcd05d2c,BNG_100KM_E5_N3,EAP-d3a871d4f09e,2019,1.0,128,e001-background-v1,e001-terrain-v1,E001S-9ef248efdeed,verified,pass,pass,pass,265e52027b5606268f99ab3e33b1beb5a0fd3309ef9e4d4e0f1795d16c51d7fa,c12c5866f0ea48887b763e84383c593a523c97ad54754e680ae17d5d43adef32,a610341ab75518829c57f8ad324330d04b32c7dc71fa0862d4f17c5bf904ff01,False
E001B-b1da9d3b945e,unlabelled_background,E001G-a4964c1ba0ec,BNG_100KM_E3_N5,EAP-d85b0f0821f9,2018,1.0,128,e001-background-v1,e001-terrain-v1,E001S-63a47f50f0fa,verified,pass,pass,pass,13f1251d94019cc92de3242071ad212b7339dba9cf54fdb4139298b919bd5ef9,74bc621e60d0aafa6e2ad9b5f208155b6daa63110d01e67db91aaf8d442f4e53,8a7d29b79a23488310fdc6693c5758c06107f707a77f5f9b2b3739b428ad9557,False
E001B-ba22b4d2b1f1,unlabelled_background,E001G-ce210b311f02,BNG_100KM_E5_N2,EAP-d85b0f0821f9,2018,1.0,128,e001-background-v1,e001-terrain-v1,E001S-4fac8ccf0e67,verified,pass,pass,pass,b7eaf9f26842e6a3956312f8c65f85a491e7c09a845d34b2eac40e907861ef65,baae5ac87086860a250cfae41361af7319c13b992a1a1350d8eb19c89e6256c9,28fc0e5653e77fe6ad87b30b6bea9440d8e589a62faf26d8d41377a6463fce9c,False
E001B-d633cb3aafba,unlabelled_background,E001G-cecc60c63348,BNG_100KM_E5_N4,EAP-d85b0f0821f9,2018,1.0,128,e001-background-v1,e001-terrain-v1,E001S-ecbe009f87db,verified,pass,pass,pass,9b01203b38947d7b5eccfb39a8ed2a07c747667ff9e3ff14a2b1e7511e506d2c,746b8bd084312290a1fe79f512b172c6e100e063c493055748fb03d2800a2ae0,36270aea06254076888a30f7df2d6519d79ac2ece3fcb04b7c0c8bb4c7852ed0,False
E001B-b0c89f53e598,unlabelled_background,E001G-00a696f67c98,BNG_100KM_E3_N5,EAP-71ad6a50942e,2021,1.0,128,e001-background-v1,e001-terrain-v1,E001S-4b9af452a3e0,verified,pass,pass,pass,27544a10f88aa7962b3a5a2ba2d70e10fb725c7fdc2a0aa87f7f3291ad905feb,ac0ed0c0744ce04e2bef527e43844f8d5301cbecb013ddb0e82da4dd0c300b3c,27207918bec32b4cf83354bb171c0d2ee669813a3fbf6948da8a1650946caba2,False
E001B-8b8cdc12ae6f,unlabelled_background,E001G-fd7fe9b48888,BNG_100KM_E5_N4,EAP-d85b0f0821f9,2018,1.0,128,e001-background-v1,e001-terrain-v1,E001S-bb987891ad02,verified,pass,pass,pass,2740e9cc0c778906b8721277a58002756efc16e3b7a1de96664632cc93bbb144,d84ec25d07cbdcc4576a8ac85a4bbf895323e255bf456807c46553bd47ba689d,8a8012fa021131f22edf50df117106b38ea3863778614103c659b5d3aa4613f7,False
E001B-b97fa2521f87,unlabelled_background,E001G-9b3cef34d7aa,BNG_100KM_E3_N1,EAP-d85b0f0821f9,2018,1.0,128,e001-background-v1,e001-terrain-v1,E001S-2475d86c3b25,verified,pass,pass,pass,b6777f53cf84d9def193d26405551120874be1adf275e23d290d5911f2702abd,b0852e3732ee5576d6a7d536db9fc85416d99a7ba524f16006e97555158b67af,5c4067658da7db52730ba8bd3061bde32fd7cb7333977236da840f4e95a5b0fd,False
E001B-5356dd9a27a8,unlabelled_background,E001G-691a42c4dc75,BNG_100KM_E6_N2,EAP-d85b0f0821f9,2018,1.0,128,e001-background-v1,e001-terrain-v1,E001S-e0ea1a551618,verified,pass,pass,pass,279cabf98bec6a9d7c6be286b31c642e6d2dc8b8b29d22c377c1f697222723fb,be9684adff384f8f1952b9ec7be9edd662c596014eb8d983828ce05ff197da45,9d890e3c470b712f9738a2270120bdbf34be3ca54f0af193a6acab1e4ffe0148,False
E001B-533d17375079,unlabelled_background,E001G-f6167c7f2718,BNG_100KM_E4_N2,EAP-c590a5cb0139,2020,1.0,128,e001-background-v1,e001-terrain-v1,E001S-b57dc286e4ec,verified,pass,pass,pass,2a935fc6d3275e9852500603458934ced5e24e47d97e31a73f5ee002d862424a,fc91d6b1ed4fa754332c5edcf15ea80107cfe0d5d035d939c6ab357bb3208136,ce04acc8553f2ec1018b1da2aee8c52ded0fb00fb2b42599c124bfef6ce99696,False
E001B-f74eb9454530,unlabelled_background,E001G-08bf9f6fbbe8,BNG_100KM_E2_N0,EAP-71ad6a50942e,2021,1.0,128,e001-background-v1,e001-terrain-v1,E001S-d1b45a0c31fa,verified,pass,pass,pass,2ba824d41dfff77f017f144ffa06d86fa6f76681941b30fa33d45d61b439d5d2,1139b69d2e3cabb986599f8bade8d654f7b4834019098610b3f8ac40c731faa6,8e3669a9d474933544baeedda56ea731cc7e481945a5b2133c6d34dfdc0a295d,False
E001B-5846f5b600bf,unlabelled_background,E001G-7a407b78d0b9,BNG_100KM_E3_N0,EAP-71ad6a50942e,2021,1.0,128,e001-background-v1,e001-terrain-v1,E001S-cd74f46b707a,verified,pass,pass,pass,0aa2ffb424c8563b9428f929a3578df9329a333a71f39f588fbb43063207fd5d,499274c4f9088017b5c5f0a1bb458dedb389aabcb4cc4e42bd0e7754782155fc,2ddc3cc70c6690b650c1e35e8cc27a076cb874a3a17ec2d387a2a5c3e0af507a,False
E001B-e88257d8ad87,unlabelled_background,E001G-f4e52a5d1046,BNG_100KM_E4_N2,EAP-c590a5cb0139,2020,1.0,128,e001-background-v1,e001-terrain-v1,E001S-86b41ddda75e,verified,pass,pass,pass,95f5933e244b6a2a9db713ef6668d59b5ececb99c5f4913f02caf83d8f344c65,78e70bb5e0ff5ed19882c44cf0e979a2e78982a83bc3b00b13345e25bd61cf29,018c2c46f902dcb5a0cd94ede1c56bc378b51cd3ca65a59ce4b9c9208011caec,False
E001B-d73e1b99e479,unlabelled_background,E001G-3406a8e2e0dd,BNG_100KM_E3_N4,EAP-c590a5cb0139,2020,1.0,128,e001-background-v1,e001-terrain-v1,E001S-44cc3a201295,verified,pass,pass,pass,2beb1f842a37e38dd3ef93023403a039edfcaa17acb25e0e36f9fb5ea14cd225,e82797b7d332f71322cebe397238e424ca16e6840256414b0b476a36f6d20ea0,c3756ca220abf8ff4bcb845280268bc3a1d9293d141985cdb6270283f88eb475,True
E001B-0c45a133ae7e,unlabelled_background,E001G-14e6965f4cb2,BNG_100KM_E3_N5,EAP-71ad6a50942e,2021,1.0,128,e001-background-v1,e001-terrain-v1,E001S-23dff0442f59,verified,pass,pass,pass,753c75dc22e0d730fac1fbed8c744aac1318f118112483b0930e81023d0663d6,01e26901a9c8ea59d8eb511ba0f8251d1a693907c2ff7c95d3a7c39204ea1be6,cbda0198a814a605a8207cd76631e3567b7f38b0e05c7f00197556fb64744883,False
E001B-b7ac628700fe,unlabelled_background,E001G-0f19be53b917,BNG_100KM_E5_N4,EAP-c590a5cb0139,2020,1.0,128,e001-background-v1,e001-terrain-v1,E001S-0bba758d724b,verified,pass,pass,pass,a7541dfb978ca31dc68b197b2922abc1fb4fb709ded9de06d3ad6866a847ef88,d34fb0983ba1316716346bdc866bab556bb0d8436149791f4cdfacd293e71e8e,78659e67a7ea6a4e843fa852896d311d7fdf9fcd2d75e9e9966abe67f49c12a3,False
E001B-57f908c4779f,unlabelled_background,E001G-ffa904bf1e19,BNG_100KM_E3_N2,EAP-c590a5cb0139,2020,1.0,128,e001-background-v1,e001-terrain-v1,E001S-9d98da035fcc,verified,pass,pass,pass,ea1f644da1a844c7a8fdf7078d1d2406ee91a99caa4f40d01eeacf95e862eb91,d54df0ff3e0abee96f43751b3e9c40eed0ba971d593f7fa0f61898a154ed3bec,f833beaafab115f8c8bb3d7b4db0e5f2f12e1a7d4a67c3254a15b7b31df22a1b,False
E001B-ff1e5b957923,unlabelled_background,E001G-af996ac503ae,BNG_100KM_E5_N2,EAP-d85b0f0821f9,2018,1.0,128,e001-background-v1,e001-terrain-v1,E001S-9dc74069289a,verified,pass,pass,pass,c3fbd66d259816b6a0a85101be3ced0cdecd296244c12459623991db3a41e9a9,95fe87bd4378fd36ee54ba4fc42b8ce8c3663a109b99861951447832a5bde628,31fbd2aaadc196021ee16e3d157e9a020794637a6e98a583571a0829ba8fcdeb,False
E001B-9c739fc2e0e0,unlabelled_background,E001G-8d9b7807ff6b,BNG_100KM_E2_N1,EAP-71ad6a50942e,2021,1.0,128,e001-background-v1,e001-terrain-v1,E001S-1e6789654bc8,verified,pass,pass,pass,4138df395142fa287f475035943a53cbddfd4e3a7bb0831a0684c1baba00feb1,f90d5acf11b1950030a6c194cd8d1518086348b56359b460219f207a312280c3,a964178c9e77427f2ff642a828de8a9e8c9bbfd6f5747030a0f1c7b5d854871b,False
E001B-4a2842417b07,unlabelled_background,E001G-5bbdbf30903d,BNG_100KM_E2_N1,EAP-a800a13742ee,2022,1.0,128,e001-background-v1,e001-terrain-v1,E001S-de6a588437f9,verified,pass,pass,pass,a5a8656500b3f57c1140ad69e489d0684dd4a7ad3bc8a271152e04e57289d23d,fe78d4b6cc12bb455f894a7cbca04ce828cc6f4f4661991bb105e1e3652e3308,69362be466d8a6b7b802b9312624b7609fd53591e528e4f226ab1d51b0d215aa,False
E001B-f1c919c40a13,unlabelled_background,E001G-55628dcca714,BNG_100KM_E1_N0,EAP-c590a5cb0139,2020,1.0,128,e001-background-v1,e001-terrain-v1,E001S-6b210ec29267,verified,pass,pass,pass,5dcd2ea4c8bfffed10116cb1b759ccf6f706c1559dfe3ba79981fe601c66e6ca,10d8eb655f4d3bf6ead074fe72825dad207e71c9b334d6e81851e9622705afe3,33382fc94db6500191b85484395bcc3633d4709b5d9a9f930d169f643f466180,False
E001B-eea0768c0a7b,unlabelled_background,E001G-5d50a131e6dd,BNG_100KM_E5_N4,EAP-d85b0f0821f9,2018,1.0,128,e001-background-v1,e001-terrain-v1,E001S-7f6712cf816b,verified,pass,pass,pass,4a541aad05c6324d7fe33d835265a5b1e0bdcc74f7ff32194b08001240371f9c,b17adb80ed430cec391b3410d0a7aed409ac67def33d5167ee6c90cec57cf75e,2f7745f42ae277d12b11a21fdd568f07e9e8ad6b027987dacea25ce55196e7ae,False
E001B-24226f35ed6f,unlabelled_background,E001G-b51e4e22fade,BNG_100KM_E2_N1,EAP-a800a13742ee,2022,1.0,128,e001-background-v1,e001-terrain-v1,E001S-6c1adce22787,verified,pass,pass,pass,81c881acfce6d70177e0cd014751949861cea2afbd7a23c7296edf300b203299,566a4ca6ae11581dcd7d50f55a5c1ecde0f86616e1408ff1164c1c6e01a29f22,a94cee9bbc38cafa8b4da0bf7a46dd7aeae0867ad4ea8f7586e4ea907e0ce456,False
E001B-41617b8aee82,unlabelled_background,E001G-537394d87b42,BNG_100KM_E3_N2,EAP-d3a871d4f09e,2019,1.0,128,e001-background-v1,e001-terrain-v1,E001S-6c3268b6a2f5,verified,pass,pass,pass,ae232187c074a528bb8e41f08cabf6c4aa2b28554ebe0bf1b3a272696b40012e,0ba6ca13dfd0d472abf9a851cd0017ef55f805b1da21ab32692f4756c98d99f8,196212f1fed7b7c1e9fa9d966d04d99401d44cc3fb3c02f7e05429bf87f79c80,False
E001B-0d551354f4c3,unlabelled_background,E001G-255c7bb74d69,BNG_100KM_E6_N3,EAP-8e32eccbc87e,2017,1.0,128,e001-background-v1,e001-terrain-v1,E001S-68cff037d039,verified,pass,pass,pass,1d1b6a33f3a01a9d723c96c68f5f7391d5fc055f79e66926e36fe801f906bbb8,31ea2590cbcabe4306692caed7b1c99f4c2e0daf9ca597bd0e0deee74c5992b4,54af3109e0d227bc646f153d9d2b73d3286c528425caba06d64ad88040494738,False
E001B-97f794310e9b,unlabelled_background,E001G-2215e5402313,BNG_100KM_E4_N2,EAP-c590a5cb0139,2020,1.0,128,e001-background-v1,e001-terrain-v1,E001S-a82976a4f94c,verified,pass,pass,pass,61e2679d1496d5ff6898d93ffc8cc77ed29a96bc609909cc0a4a85bffae8686f,600a8134aa5b3d0f31c2e5a214a1fcf5f7561062f1c0f9b5d978ab7704b03226,8ba0a5576ad7a6103d91eb7f0e44d0aedaefc1e0439242c441576d163a5b3927,False
E001B-f8a2591f6e0d,unlabelled_background,E001G-0bac9c835b37,BNG_100KM_E3_N0,EAP-71ad6a50942e,2021,1.0,128,e001-background-v1,e001-terrain-v1,E001S-7463ef1beb54,verified,pass,pass,pass,2a4e03b35040e94465c6b095e7b449eb4f61c3fe8e246d426b6c803c969491f4,8ae65b688cd6667377909733bfdb7b0ecf7dca59b97ea9c013500bf4e5026dfc,9742a58b340ba650f244847bf5b9564fabb80b8158833eb79e629c3d01f8f020,False
E001B-8c21510ab9f0,unlabelled_background,E001G-bb9b71b424d7,BNG_100KM_E5_N4,EAP-c590a5cb0139,2020,1.0,128,e001-background-v1,e001-terrain-v1,E001S-7280a4d38856,verified,pass,pass,pass,9215ea8b4d69ec20a03909def17b8d5fb510f51989d2fd1641faf60f2bfe33ea,68bf015db6e239b12614a2925387da9fe66b8e42b65fa25908fe34b98303e423,1acc0a63f3e9b04093590a746091750f5524f215e5d280aac89e9264a83d357f,False
E001B-1feee4aafaa3,unlabelled_background,E001G-cb1c4854b5e7,BNG_100KM_E5_N1,EAP-d3a871d4f09e,2019,1.0,128,e001-background-v1,e001-terrain-v1,E001S-2f9b7184dd6c,verified,pass,pass,pass,b950e88c38afaf8a3adcac3fe38a0cb6ffe5a7798ffe59cd8c47928bc7ef01ae,249efb86b88e46b7aa1d10cca63895cda5aa9cab2d75482aaba164e58f62230d,076a138e70e5794b96e954754c7f62bbc2206206f68022952885eb1cb9498e73,False
E001B-95af0fbc78ae,unlabelled_background,E001G-4a2813850933,BNG_100KM_E2_N1,EAP-71ad6a50942e,2021,1.0,128,e001-background-v1,e001-terrain-v1,E001S-8d6fe3728b7d,verified,pass,pass,pass,ad2bce3bc16030e1e5f16dd757a3ee7f02d1d14f38dc39e95bc010d5a88bd9b8,7903f7b1a073ff93bd9efe44bf4479f961d207a981c74895746d1982ba2f466d,c059ba04c99a91a08b507e38eebdadef1363868a80847ae814b59b25774fd194,False
E001B-e444fc0d2f21,unlabelled_background,E001G-f40af4840c91,BNG_100KM_E2_N1,EAP-c590a5cb0139,2020,1.0,128,e001-background-v1,e001-terrain-v1,E001S-e9bc5efd09a5,verified,pass,pass,pass,28fe9731237f616a1cfa06aef07fb75af46ca7e4a4e6f6275d1b43ffbe479300,8cf91a678004ebf1db076c1ffdc4cb2c136b2767d452aaa1c4b2489ba91ddaf9,7278bd53ee96757759e3c063435dbef5de9f8217b40a8cda0b2f8e33a8b62c24,False
E001B-bdf252017e91,unlabelled_background,E001G-7e6f6e41ad9c,BNG_100KM_E4_N1,EAP-c590a5cb0139,2020,1.0,128,e001-background-v1,e001-terrain-v1,E001S-c97641894cbc,verified,pass,pass,pass,867c4005e6b5895cc0ac20feda539722f53ca0704b02f1f0551e1a376dc9015e,e64eccc47224eb6a7a339b7b01fdcb91c039128c9e9ed7e7632671704ba91488,1b4ba7a56b73028d7a931f7183a38b8f9051d92e683144caa624176faeb765e2,False
E001B-1dd7de880a84,unlabelled_background,E001G-ac3baa62d537,BNG_100KM_E4_N1,EAP-71ad6a50942e,2021,1.0,128,e001-background-v1,e001-terrain-v1,E001S-8560a7e68dfb,verified,pass,pass,pass,be4ec7c3b87fd5a918e1e4afff0c7ce4ea41ffdde1471044911c027705df4395,96efe9d30ced4ce38606bb42dad89b86d154c07602110213df501f3db176fbd9,cad7459564dcae0fbc8fe475c0077b49ec7cebc9281914b83d5aed6130047c0a,False
E001B-e3a276bcbec8,unlabelled_background,E001G-d480a4f5d11c,BNG_100KM_E5_N1,EAP-d3a871d4f09e,2019,1.0,128,e001-background-v1,e001-terrain-v1,E001S-b6ddec4a400d,verified,pass,pass,pass,da3101bbf3c219bfd036e57657e06fd45da41d212b5f747554b5a67a7bd5edea,2458a56997dcee6333990ef253530ea115fd1862e10fc5d0270ea100e312a148,34efdc3fe4c9ccde49cb6194b7dc1b4a0f27419d848537785fea4295d97017b5,False
E001B-bf3f590f96bf,unlabelled_background,E001G-4900b71cce99,BNG_100KM_E4_N5,EAP-d85b0f0821f9,2018,1.0,128,e001-background-v1,e001-terrain-v1,E001S-5687219df532,verified,pass,pass,pass,83cd954ea66060b0c6823e6a88ef9ef6f04a2ab265b4e3e22914c028b1cfa443,12746ded34dd5099530c90e4b423dc00a0de248b10da2da21f61f424782bee27,c05549eb2b5bc1ba65c0c97e44bc8620d3ae1d558157bd55ef819d7d3a3e6380,False
E001B-0569e3687164,unlabelled_background,E001G-80d1d5b228dc,BNG_100KM_E3_N1,EAP-c590a5cb0139,2020,1.0,128,e001-background-v1,e001-terrain-v1,E001S-c79a5f1eeeaa,verified,pass,pass,pass,b3660897c23ac30c0f35e1a304ddbf766333a0fc6689278ade4a4058a600d821,bba335d037f5f5927a10bb0dadc55f659fb720a68a9652b3ba66ce538d3ce9f0,c876e304afa24533ffc03dacc1bb339c5b63034a50ad2a8215800a68f5dd7df2,False
E001B-9b178770fb25,unlabelled_background,E001G-b956741c2c7c,BNG_100KM_E5_N1,EAP-d3a871d4f09e,2019,1.0,128,e001-background-v1,e001-terrain-v1,E001S-86c8320cefae,verified,pass,pass,pass,c3814a829ef700413ed2f76a4f17b35a207a2b77534b6df19c5f6f2758de2f10,92034262e72bb5801c1fd6969b13ccdae180c78bd308dc884ab1ffbea4f0b7b0,7d26515419bcc3814b0c92ef66e8c674a74ae6c4ef3d0b6a0fb71f1f9b5b17b9,False
E001B-a89f3905674c,unlabelled_background,E001G-811748c43f63,BNG_100KM_E5_N0,EAP-d3a871d4f09e,2019,1.0,128,e001-background-v1,e001-terrain-v1,E001S-c7187c2ef4c7,verified,pass,pass,pass,0b0a60272b82d0f4d3a5011198a5d935d0bffb1c423551a1ccbc1b416ecfe307,29f791fe69e6d15f9f39f6700c8a415f3bdbbd375d83463ad79dc885c175e446,2a626d7e2925a1dec24f9545bde23bfb3231714684ebe89b776bf431035764c3,False
E001B-312ecf68497d,unlabelled_background,E001G-5877f20c3fee,BNG_100KM_E2_N1,EAP-71ad6a50942e,2021,1.0,128,e001-background-v1,e001-terrain-v1,E001S-a8265e110df0,verified,pass,pass,pass,3307e0ff284616f2edce1e584d822582e65ae1f9029906bb6ae77e872f7d1b75,387c6411eef40216acc4488aeb20d7779c8fecf25402b70183b28a2e48d5ecf8,bfc09f29ea6f6d8027531e148beb5282cb2065d967da4828408a47dffdcc020d,False
E001B-3867236bf50a,unlabelled_background,E001G-fa86b5076070,BNG_100KM_E3_N4,EAP-d85b0f0821f9,2018,1.0,128,e001-background-v1,e001-terrain-v1,E001S-cfebf4467b28,verified,pass,pass,pass,aa64506d3fdd8ea4f4ae3a9706c1b6d495611a19c67c3b49a2e99e5e766174fb,0965ed90b4e6faa643bfe64ac3ef2138b282e285db8e9d5a91b87e828d10dea2,4995417dc467ade955422c031a7c88bb48f0349dcacdd94425554066c96ae92e,False
E001B-5802d1073675,unlabelled_background,E001G-313630f1a471,BNG_100KM_E1_N0,EAP-d3a871d4f09e,2019,1.0,128,e001-background-v1,e001-terrain-v1,E001S-9ee101d3a51f,verified,pass,pass,pass,596b653f645de9417a5ec200ce2c99bf46d0c7f62027ae068ff30125c41ad0cb,aa7d48be0ea267a345b7dbd6dbf2c5ff973b2fdbad34657ac811892576b5d781,089001651f4622bbb870a132ec93f2f8035bd10edebbdf4b1c92d5653a1f4109,False
E001B-9071b5bd8f1d,unlabelled_background,E001G-ef1b05cdeb42,BNG_100KM_E4_N5,EAP-d85b0f0821f9,2018,1.0,128,e001-background-v1,e001-terrain-v1,E001S-f15550d936e2,verified,pass,pass,pass,ba750620d0ee464d9f71b01e866f4cad1383a0c4dd3ee4031b169d0b8879ae9b,8921c804fc2b15f1838b0b149ca1655526d4a0bf2dd9f32584397a022f681bf6,e4b30594a88a1914f729eed152d5f2d555fc875879e381eef4fe07ebf8983743,False
E001B-78fe0a69fb09,unlabelled_background,E001G-2765a8fcae55,BNG_100KM_E5_N2,EAP-d85b0f0821f9,2018,1.0,128,e001-background-v1,e001-terrain-v1,E001S-f98803b49619,verified,pass,pass,pass,419cc0009d25bf157957a93c4c8d046840c230eed602aa9271df0c5e682b45c1,bbd845ebcc1e9414421fb7190309ef427f0008f6d3d7b074c95dda61d3766c0d,fcdf336ce8988b01ca6580a4ca614aa676ab33723111d027da0d33a6706c2b86,False
E001B-1ff69d2f940b,unlabelled_background,E001G-f710e5fe5483,BNG_100KM_E5_N1,EAP-d3a871d4f09e,2019,1.0,128,e001-background-v1,e001-terrain-v1,E001S-ee906d9b046a,verified,pass,pass,pass,26e85809b443e1f16b0acfc306087e885b553926ae3ad431d72d6d7a811b6fd4,ade0a4ce9819383356814d99e8c961baacd096498ffb2954dc46e4b85e4d28db,936c370596e4f3d55a42a39daa25cd082535b86a20356af5a48854bdf1ffa5df,False
E001B-dfbf34a6f7c4,unlabelled_background,E001G-a39ea43c2679,BNG_100KM_E3_N3,EAP-c590a5cb0139,2020,1.0,128,e001-background-v1,e001-terrain-v1,E001S-219534a2651c,verified,pass,pass,pass,d8ff4cad0bdca1c727732906d355a12ce34dcbedb454554b4237e04003c92231,3de187b386f041a5e1eb1f48d026bcbc0e03fcc91d8a1ed4d49a35b77211f766,fd51063920c74f3efe5a98ea7190e7d752d8001a5f5dbb65cbb24a1dab82a41a,False
E001B-263524be3473,unlabelled_background,E001G-fb39246bb3b8,BNG_100KM_E4_N0,EAP-71ad6a50942e,2021,1.0,128,e001-background-v1,e001-terrain-v1,E001S-0293d9bf88d0,verified,pass,pass,pass,72e13a6e5885e8599079926e1147d31017a31477da7aefda0458ab0d7b6fdf65,c942bce2b5c04a0b2c4c971c4fe343f929e7ccc3ce4016076ba017b6bf96f253,ef76524de40850aa5c21ce57e696aea624ccf7d89777f64fa0c01f182000e677,False
E001B-104942d59447,unlabelled_background,E001G-882145fc2ae5,BNG_100KM_E5_N3,EAP-8e32eccbc87e,2017,1.0,128,e001-background-v1,e001-terrain-v1,E001S-fc2128e422d0,verified,pass,pass,pass,d6f7cf0348106c4db766fee1961fd032f6d0acdfaf0bdd42a03af03109c79653,f31c050136e478122e9964bd70c66d79edda629c7e595f28b7d08d48a590a5e7,a8e7ad12940febc7a18a39d55be1fb80e1f0dfa1d4b33dedb57b0193c0f24efb,False
E001B-61e797ac0681,unlabelled_background,E001G-b4b90fa10db2,BNG_100KM_E4_N4,EAP-d85b0f0821f9,2018,1.0,128,e001-background-v1,e001-terrain-v1,E001S-48876ac2a70c,verified,pass,pass,pass,1404d5286a386ba817cae8fe008533156f5c68cd5d0d46e7b437e550c5c38efc,485be79ac47da1f259f1f20d0572b3565474f7497f742fdd7d78f5c85385531b,e7cbb3a59e1037b1545aa6485f116f0e2b0ffe6f5a511396c9f355d6d285971b,False
E001B-188ca46fde73,unlabelled_background,E001G-748e92ae4832,BNG_100KM_E5_N1,EAP-71ad6a50942e,2021,1.0,128,e001-background-v1,e001-terrain-v1,E001S-324ef90e4b7a,verified,pass,pass,pass,6550b23e6a76570423157ab3e1c75db349731ef0c7f095a0a832a364333794b4,614231c932de0ec0b63e73b9444ebb80afd06274743725acea2141dcc531d27d,72fe4f1c839736b2dc5922a878d763505bdd5fc70c0cd1e25434023747cc2a66,False
E001B-c62016e2f029,unlabelled_background,E001G-71c975f5c4c4,BNG_100KM_E1_N0,EAP-d3a871d4f09e,2019,1.0,128,e001-background-v1,e001-terrain-v1,E001S-0729949bf085,verified,pass,pass,pass,b980a04e86ba704f46089d667c22a7db6ca0fc2170cf090d326d15f8919f1567,aaadedec027900a4cf0ecfef669699a42e54c304e6d881f1cac12d1ccbd3fdf3,923ef16c12cf82d576a4256ecdee17025a93fd11dabc10c3937f03b071d381ea,False
E001B-34401608dc52,unlabelled_background,E001G-98fc7d187add,BNG_100KM_E1_N0,EAP-71ad6a50942e,2021,1.0,128,e001-background-v1,e001-terrain-v1,E001S-69a2d4352e7b,verified,pass,pass,pass,2afc6ee4c36aee67a8c753fb9382c67280b9f628513890071fe6f0099e7b3f3b,ad7336408beb2d055f1192d2a0904a2c3bac581e07ab6d589cd599bb20c0b45e,2c2a90addb9cb83242672d96aa0c6996ff2daf0d9b8af73dfd8ad8b6ce6d9f3c,False
E001B-3aa0f9079dd9,unlabelled_background,E001G-78578e404c1c,BNG_100KM_E4_N1,EAP-c590a5cb0139,2020,1.0,128,e001-background-v1,e001-terrain-v1,E001S-2fd5ba7dd51c,verified,pass,pass,pass,d7949b6a565b0600cdce5eb3902c1f3060e57789a0a21367f4ca5e24e3e4079d,72963072014e67c81e76c47cf3971a4aae5ebc801d0e09ae57d68c06830619d5,0904155bf92ec4fd906200e5276805b5d5a2b671c7b919f2576028e1bb6f8a86,True
E001B-ea50f2b27326,unlabelled_background,E001G-db68efa25410,BNG_100KM_E3_N2,EAP-c590a5cb0139,2020,1.0,128,e001-background-v1,e001-terrain-v1,E001S-75444ac414ef,verified,pass,pass,pass,a06516f3077db141d9f492bf5e642e033062191efc55f202de2b7798d73f24e7,10b4d10f998c8175b9dcc3a9322abbb38e0167ca8806d5ef7840de3665b8488a,2df32e1ee5d2ee7d8cf8ab3622f7dc7d6ab3a838d52fea0f6e035720ade09d57,False
E001B-af4eb9bd5ce1,unlabelled_background,E001G-07aca52a4f92,BNG_100KM_E4_N0,EAP-71ad6a50942e,2021,1.0,128,e001-background-v1,e001-terrain-v1,E001S-3470f3c83314,verified,pass,pass,pass,c7e2570e444006f8f51f1e47459208f281e51131b2ead7a484a863c09c030085,7d6d1894a59c67dbe0e4bdc4d022956fc8c9469f336fcf0819695b29aab8e61e,c9469f7130f629d9bb06da154cd959ab12d4763aab2c844f1700969e93d62672,False
E001B-3996c8e88069,unlabelled_background,E001G-21152936ff9f,BNG_100KM_E3_N3,EAP-71ad6a50942e,2021,1.0,128,e001-background-v1,e001-terrain-v1,E001S-e917f0daf845,verified,pass,pass,pass,976e39e157b743a9e121e24c802288df83f75858fe8807089a413d213b2979eb,3ac8be87db3f21b276c8e4be154919acba45d83a9ee09aec2e81af9870241ee1,cf8a8d36dccf74a1918ae036d7026b57436e6db6af3542834059d4689ceb3982,False
E001B-00c00a6841b3,unlabelled_background,E001G-ca719b591f83,BNG_100KM_E3_N4,EAP-a800a13742ee,2022,1.0,128,e001-background-v1,e001-terrain-v1,E001S-b2ff7a6785e0,verified,pass,pass,pass,f90146088ed21e22e01b40ce25648ed8e4ec8be3127219cc23bcf1e47c8d551e,985728b72b20053686220f63c03b3bcf55bd66175676d5f50161b313c01882f1,b50792e495d05e4c0302cbde3df5844b1465803083bee9aa10a376e147426a05,False
E001B-ec7f4169eccb,unlabelled_background,E001G-490e2800352b,BNG_100KM_E5_N4,EAP-c590a5cb0139,2020,1.0,128,e001-background-v1,e001-terrain-v1,E001S-044db6466bb9,verified,pass,pass,pass,d11b200825921843d0cabe2e8cfbedc70130a6a57d2f3b387a2d6ae0cca4b0c4,0d2bc7718e8800ef1855a4c8e54efe6701528c3421122f77ee16f753a5b2bab8,1840efbe3a6f04c0a9274919ff8cc9db0cdc91f395153caf70c80441372b9c7f,False
E001B-24e488634157,unlabelled_background,E001G-1b0e46349426,BNG_100KM_E3_N5,EAP-71ad6a50942e,2021,1.0,128,e001-background-v1,e001-terrain-v1,E001S-c5202855ebc3,verified,pass,pass,pass,b9cc4d52eca5f9266c801d27432fa1f36d39bf952e3e3d56a490193f00fe4444,85e3e205685a37e4bb89cf666bee9e76ac2e24f82693f1839b55ca17faf562d5,2abafa9db7662ffe3f2abaed0a2b37345c3daba0d08cdf9374221c5f1a0876ee,False
E001B-09b9b4d7e27c,unlabelled_background,E001G-f56ffa4fedf9,BNG_100KM_E5_N1,EAP-71ad6a50942e,2021,1.0,128,e001-background-v1,e001-terrain-v1,E001S-33e90e0e11f8,verified,pass,pass,pass,9728dc4c925635685ccef85cf6fca9fb3207fb959dab6779e87ca8030c497972,bcecfe7c25a71dd33603e57c69d36273d63de523bc1a866104e3c51c88c3392e,c333a44d06fe54517ad246254e9859be47b96794d9b046fbc598263aaa65fd82,False
E001B-0463b2488992,unlabelled_background,E001G-67e160c39311,BNG_100KM_E5_N4,EAP-c590a5cb0139,2020,1.0,128,e001-background-v1,e001-terrain-v1,E001S-57b7e9eeddd3,verified,pass,pass,pass,683cb8f5713c373cfe5ff9c9ef54858e1bf7820e5bd7c75c9a5d73725556cff0,bba14b64e6b124313a98961bf9393798ceb934d0fc0590e12ad2329252d3baa6,b777ea3188357166095394fa1d3512ef6463bd2d5514b9b28fc833a3f6642c78,False
E001B-aed5e685fb73,unlabelled_background,E001G-8a4202538cad,BNG_100KM_E4_N2,EAP-d3a871d4f09e,2019,1.0,128,e001-background-v1,e001-terrain-v1,E001S-2e24bad24a3c,verified,pass,pass,pass,b5cfb733c474a9cd49ade708f73e53fedb2006445dc8789c47202c98354ffc1a,fc359bc5da5b6007d04516db5e48bf0dd93f370718d0e8bb368638e8d91c63ca,170e85123f6cff16a64f237eceeebdab5343c8e9b219227a04722f86bef14653,False
E001B-852d0e403333,unlabelled_background,E001G-44e8866b1e5a,BNG_100KM_E5_N3,EAP-d85b0f0821f9,2018,1.0,128,e001-background-v1,e001-terrain-v1,E001S-1094fef1b2f1,verified,pass,pass,pass,7d6e2ad616a10a789992f01c9a61d3b8a650380678ffa9e96f0b1576754ae179,7977ebd23078aeab6faa04fae7ace6d975c07a8b2beb9846240b6e54e5116278,e612bc1c80aff02eac8142b6b82b9000ea1a691971338261d27c1608ad18a123,False
E001B-2deb25d20699,unlabelled_background,E001G-0ebccb2504e4,BNG_100KM_E4_N2,EAP-c590a5cb0139,2020,1.0,128,e001-background-v1,e001-terrain-v1,E001S-ce5132b44aaf,verified,pass,pass,pass,c4b11c9be5c6be0f1f672169827f7d2c2c7ded3f26bf40da85559f5e8fd98e89,5e5271693746e1ffb1fd2aaaada8cf2531e662534e089af0e680007e8d96f403,42dc09bf9edd3e50207826c0c9c223aedfc5d60eee1ce5f6afec75a9e14496b5,False
E001B-6d646fbe97bd,unlabelled_background,E001G-85e55d9c3a05,BNG_100KM_E4_N1,EAP-8e32eccbc87e,2017,1.0,128,e001-background-v1,e001-terrain-v1,E001S-7ab53e837ea2,verified,pass,pass,pass,120d9b17a4386840eafd1fbc0d0eb6403fd6da71f785a26265939bdd33ec2670,a82a04559f6c83e2e34b175d9e6f0ef58e55ec396b43c59bd57fb3164c1389cc,50f7e6e66d84b5430e0a673b4965abb227ca4fa00c383fdda4bd03be2f2aafa1,False
E001B-591f5b01ca98,unlabelled_background,E001G-b3c9aa1d1999,BNG_100KM_E3_N3,EAP-c590a5cb0139,2020,1.0,128,e001-background-v1,e001-terrain-v1,E001S-fba89771c1e6,verified,pass,pass,pass,3f068748754ebe1e753a2886fec2c943741618038df1bf866825b724520c30c8,1546cea90a26f2ee96480432ec32b3627affc6b6e81014a2f3a51829f79da205,4fd95c8ecabac967f2fea93bd807886d31b4724ffd9129c330d3f7af6656d689,False
E001B-55e9ffd93f58,unlabelled_background,E001G-9c4791bd994f,BNG_100KM_E4_N1,EAP-d3a871d4f09e,2019,1.0,128,e001-background-v1,e001-terrain-v1,E001S-2013d7073fae,verified,pass,pass,pass,26f90992c6a328a8a2f25f0ece6e83e6653dcb43e75b5874c90e577b216b7bf7,b3f067e041183897138e4d9ceb01ee73f106c68302bd3e1da79682a769521a03,fd5189c8675c2731a58a47f1d68b7207e42096894bf28f190303a801b1f72b9a,False
E001B-b4bcf33a5d44,unlabelled_background,E001G-a2f1f531a247,BNG_100KM_E6_N2,EAP-d85b0f0821f9,2018,1.0,128,e001-background-v1,e001-terrain-v1,E001S-5c2ca20fb45a,verified,pass,pass,pass,79d261be2d4a49c9ceba22c52d3c209904f9fafde1ebafb9c56a2a970b5aa3b4,d32f5c75bd2483f022b84e360b749c63cb306dd96d00a3d5ad9d18232a444423,0952503f76a5a23593d425e91672388f46fe4c069627f513009d984ce23d72bc,False
E001B-d7035afbfeb3,unlabelled_background,E001G-61d3494a300b,BNG_100KM_E1_N0,EAP-d3a871d4f09e,2019,1.0,128,e001-background-v1,e001-terrain-v1,E001S-10cebf86e963,verified,pass,pass,pass,090c7db3a479b7902ce5e3c54f3794194c48b626745d46d88260848e977df1f8,980a7c6b55daab44fcd02c25de065c25a01f42d3b96f74bb0d5f7e58a29b22bb,5993b100841b52ef745c901b4da95acf0c73e8c0338480fc67fea7b22082b03e,False
E001B-781e4612fb01,unlabelled_background,E001G-be253042432e,BNG_100KM_E3_N5,EAP-71ad6a50942e,2021,1.0,128,e001-background-v1,e001-terrain-v1,E001S-8f7acc5c5ea1,verified,pass,pass,pass,415a26a2c776f95860ca502974801f445ca54c612480981d2b06359c4b5d1b9c,5ae110140a3973cfcb8af8a785836633e9cbb5248cc8da9ce82d4053c33845c5,105c4626364f1b6e978a309688715ef56b2002bfaff1b2caffa23b45cb2c986f,False
E001B-9d6d8fcef18f,unlabelled_background,E001G-5488436c03fc,BNG_100KM_E3_N1,EAP-d3a871d4f09e,2019,1.0,128,e001-background-v1,e001-terrain-v1,E001S-6d2bdc2653d2,verified,pass,pass,pass,9ed4a9ced908e751c60fab3c74b8f17de3f19da005d19173125fd2999ef3d36a,351fbb3f1ce5106e61e5064cd005869b937b25a1663ddcf206c4b16e2dddd9a4,73654c3fc9393ce507d59b448908d3f37899d334a7a0a2c3db03882426656b6d,False
E001B-20a2e36c3a13,unlabelled_background,E001G-a094439c6daa,BNG_100KM_E5_N4,EAP-d85b0f0821f9,2018,1.0,128,e001-background-v1,e001-terrain-v1,E001S-8a2b1ae950ad,verified,pass,pass,pass,94125290e5483f3da3cf1261ecfe0ae197a10c83411dcb3f89f1d1d35c6e3ab6,30df32fcfc802d656d74a627728763435153f0bc44d35c13d4214ffba749b998,194d280b11ea0be43500797eeb4891b9bb2c69fe95f6bf2a908abf0d8368a370,False
E001B-542623758471,unlabelled_background,E001G-9346405b13d5,BNG_100KM_E3_N2,EAP-c590a5cb0139,2020,1.0,128,e001-background-v1,e001-terrain-v1,E001S-8986f680e6b5,verified,pass,pass,pass,b4079359b092bfb0d0bb8d4604d09d4040e980e80a81270d5c25c7a8ecc13cea,690859d5006e67130270e8374a139b27c46bc9bb6b23b819b8968f842169340f,4e481ed8355782383d55fd985fe2b2c1c12452d14c55cfd7106f9027a4449595,False
E001B-c4f7363e7029,unlabelled_background,E001G-d0f64c0bc53a,BNG_100KM_E6_N1,EAP-d85b0f0821f9,2018,1.0,128,e001-background-v1,e001-terrain-v1,E001S-ff1f9cf23498,verified,pass,pass,pass,1df27919406f9ada72122595214935f8b92da1dfa4d35160346d8aa47c1c4b8f,f6fc1d840aacc6a901405f272c890f0b7cde4f785e9e13563fc950af88f977a3,8d85cb7bade4c1faa47f5e15e74a884a9e444718c8fa246161d3b232b4f96071,False
E001B-b1c455ea6125,unlabelled_background,E001G-ca426170ce42,BNG_100KM_E4_N0,EAP-d85b0f0821f9,2018,1.0,128,e001-background-v1,e001-terrain-v1,E001S-c53d7f0a47d8,verified,pass,pass,pass,4910103881d2b195c496e02d5f42cfcb96a4cff03e47f0633c35dc910c01eb16,60ac209af5d032f0a1787187f7c1bc53c107de84da5e1b6f727e468cb6e01cf2,eb4c008d395553c24fd6476ae20dc962b5a7b5095d0659e2cc1e23d4297cb2f7,False
E001B-105f73388fb3,unlabelled_background,E001G-ec3f9b58664d,BNG_100KM_E2_N1,EAP-a800a13742ee,2022,1.0,128,e001-background-v1,e001-terrain-v1,E001S-5e520b2b549d,verified,pass,pass,pass,668bbe67ee875664b7b945e2efeafa9da7fd95395439b53da902182f5987833e,44ebd9c1366e9b7c9c4fa64224aaf21f249199b5fc2e1d03da4210dbe4904904,6358d3422b1615e946d1277a176495609cb493ef05775a2d2fe2ea3e17a8373f,False
E001B-3a229568f372,unlabelled_background,E001G-45e97e073b6d,BNG_100KM_E2_N1,EAP-a800a13742ee,2022,1.0,128,e001-background-v1,e001-terrain-v1,E001S-662cbd366044,verified,pass,pass,pass,b7db531987299054818aa13812c7e1fe20057048a7cea86d700f9d3527efcd68,4759953d476acb17d6a98a70acfd86ebb7ae9f142e94e44b5377d532a1c9a9e0,7af6a3ac5efcb458cfb3340a128cd03392c5d46c00df6e83ba4a23592484e6cd,False
E001B-3629c8adf8e6,unlabelled_background,E001G-4a425eb7d4c9,BNG_100KM_E6_N2,EAP-c590a5cb0139,2020,1.0,128,e001-background-v1,e001-terrain-v1,E001S-a251b17ab788,verified,pass,pass,pass,346fdb85430171a35f8717791a3303203a452683b91f2dc5acf5aef8ab107321,ac96511cd1122fdbee403a17e69f9a82d62a3fe9b5107a6af9639d26d007fc53,3d99ac91aebac7c3033feeb8134f5bb9b9e66a61dfe89fd83a83549a4603a58f,True
E001B-df43aff84564,unlabelled_background,E001G-4cb3215807c5,BNG_100KM_E5_N1,EAP-d85b0f0821f9,2018,1.0,128,e001-background-v1,e001-terrain-v1,E001S-376cc5de4406,verified,pass,pass,pass,4784439561b5b270f5de2b7bb0a4ae9d109e85df61b40ade5bd0f7eca391c06e,b58fcd573fc806e49e4ddfe5c99eddcb56acab286396db15b403c5c97b4e7380,2ff456b40113228f9cc8fe99ba0d454429536d0549e33b22015ec6aa723f47e8,False
E001B-d69334704c47,unlabelled_background,E001G-35ac9464bddb,BNG_100KM_E3_N0,EAP-71ad6a50942e,2021,1.0,128,e001-background-v1,e001-terrain-v1,E001S-124c4a0b46e2,verified,pass,pass,pass,6cd8669debab71a84a444feac506c60527ee432c7b4ef35a71a93ec3a7c8a1ec,5fa362e1e4cc2c5b911301e8252850a6b00a6a1e88efdea3f511494317a4c303,31fbd97f7c9446256000e4d7627100191f0fabe9e0572cf24a72ad723ac9343b,False
E001B-5caadb013589,unlabelled_background,E001G-2384e602d60a,BNG_100KM_E3_N2,EAP-c590a5cb0139,2020,1.0,128,e001-background-v1,e001-terrain-v1,E001S-10c237a97be9,verified,pass,pass,pass,cfb1ab03d698d8e1d62ddbca2313d5386fe1916d202a42d8366dc909e4db801a,6556e57624c67d59da98f83d31e86a83474e6c37a692fe08994354155c8f8137,189f6ea70dff9f44715e86ed23510c716b157523ea262d12dae1cd9e3b12993d,False
E001B-4eb185d349c2,unlabelled_background,E001G-48cbf7fa0513,BNG_100KM_E4_N5,EAP-d85b0f0821f9,2018,1.0,128,e001-background-v1,e001-terrain-v1,E001S-0bf5f4a72b17,verified,pass,pass,pass,03474bcaa804ddd933131ee107f0dc9159d43627a20b0282020e440d3cd8c3ad,0f5c2e4a37a78c85a5a455eb11e3aa2e45649f2205381834e857a377808ebb6d,9261dc165e01c8c410bf1eddd8f1cce277e31144498090c4464e1912fcf26c96,False
E001B-b1774cb6123e,unlabelled_background,E001G-5bfc34cec829,BNG_100KM_E4_N3,EAP-c590a5cb0139,2020,1.0,128,e001-background-v1,e001-terrain-v1,E001S-36d5e7015135,verified,pass,pass,pass,3f56b8393c59311a7b718faec821f2af46ed3115676f8b705d2339dfb89ac169,e0dfe90ff58196e6e8c22ac0678ae1a4c2b5bb0e3801943697e770edd08391e1,8bac9e42daa2cc5bfa25123031257963a7b8711d873daace5a1c4a75e9140eff,False
E001B-35c8269c812b,unlabelled_background,E001G-3487254c3497,BNG_100KM_E3_N3,EAP-c590a5cb0139,2020,1.0,128,e001-background-v1,e001-terrain-v1,E001S-03030d245c9d,verified,pass,pass,pass,5c467f9f1ebe72f5159a21ce7999d9df5a11454934f8963d303430a285dc71c9,5ce5a41adc5f18ffc37c5ba734b18e5d2a78eb46f0c9d7d95526304b3a309841,bdcac19e92ca8d2d24a4b5de71cbb425f47c3e73e38e8ecf2e6c015ac786a3ca,False
E001B-468e36c10a13,unlabelled_background,E001G-56cfdf00c536,BNG_100KM_E3_N1,EAP-d85b0f0821f9,2018,1.0,128,e001-background-v1,e001-terrain-v1,E001S-915e1078d1f2,verified,pass,pass,pass,7b70bb9dca707479de9ebffb15eda148115e0390114f5fbbdb5a66356f6ae8c2,55297612159b56ed12cd2a425ac787e576f31cd56cec41b8224a97d75ac1b545,c15ac410797c3514920632cec9a0ae2001d67707b4bdebfa13525032f279eb2a,False
E001B-3ea6bdb82875,unlabelled_background,E001G-4dd1d735589e,BNG_100KM_E2_N0,EAP-c590a5cb0139,2020,1.0,128,e001-background-v1,e001-terrain-v1,E001S-f83d0e7084d5,verified,pass,pass,pass,e75f8eaefdca6e35a9125cd9adce25902074b1b7f3772807f87e7b768925ad77,f276ad470473311acab9e2349ba977451fac061dbf26d640a49454f22c536236,819aef6f5b51a7e082d1c71fcff204dc8ac189ab519ffa879fda1bad3d3c6c80,False
E001B-f37e47c6d942,unlabelled_background,E001G-ac426b6b404d,BNG_100KM_E5_N2,EAP-d85b0f0821f9,2018,1.0,128,e001-background-v1,e001-terrain-v1,E001S-c6719e8a3ef4,verified,pass,pass,pass,709e829669043ccbfc8f140ee10568f8b693f6ad9e8c7fe626bece0fc4088b57,73218c0d36026e51a2fb21b4bffd0f27afdad1654ace14899e7e8ba9bb78bca7,35a0443601d98684b59197de833a249adc9949fffc16f51eb39be7a2adf73254,False
E001B-f79c8ea29ab0,unlabelled_background,E001G-fae889675651,BNG_100KM_E3_N0,EAP-71ad6a50942e,2021,1.0,128,e001-background-v1,e001-terrain-v1,E001S-fe49bb2721b6,verified,pass,pass,pass,d09fd361b5809b05688c93b17d109ea6cef4869d5ff7d233999c6c59fde8e52d,762b3fe0b9917a8a711a5b925da33ae8f975317f2163ac1f3887126e5044e5b8,bc0354f78aed14485c0d8d52dd64855b174288800f0f3093e8ce4d223d8b34d4,False
E001B-c8aaaf777b09,unlabelled_background,E001G-ffe2a77b5e13,BNG_100KM_E6_N2,EAP-d85b0f0821f9,2018,1.0,128,e001-background-v1,e001-terrain-v1,E001S-8ca331624bbc,verified,pass,pass,pass,3c198b9fc2925a644c53aaf00d3f9c9d66db77c30e9bf921be3a5c3d15436c93,9a0387b985a4d2062efc619786ba8b38669918bc1ebe35e22fbcc5798e95fa01,e1a9cd209286368b4bacc58162cab3e8f783f8c4e6e08e0157d239532ce0af26,False
E001B-cd00010742ac,unlabelled_background,E001G-2d6b26834938,BNG_100KM_E2_N0,EAP-d85b0f0821f9,2018,1.0,128,e001-background-v1,e001-terrain-v1,E001S-d7ff16acffd3,verified,pass,pass,pass,40b5cdab6fc40e6e9962876d266088e403dca74ddd2595db42d514a64c87be66,fbb88489258fe6ea4b5fca23a1abe124f24b14022f25400e0f4184f502e0e42b,a31ac174332f95d6787ce1f4bd217384d85db7b84362cd20a8ccfb454c6eabaf,False
E001B-71d15181d353,unlabelled_background,E001G-57692245e43e,BNG_100KM_E5_N2,EAP-d85b0f0821f9,2018,1.0,128,e001-background-v1,e001-terrain-v1,E001S-a29343750eb6,verified,pass,pass,pass,8a235a14c02e27da3d4416db6432d96a292942c3dae5e8bdd3a89e09eb7a2b6c,9cf2b934946c5dae68af6c45b10670dc6a34c166ff825d3b53d9ef0dd5e44742,b4f947cb791b0114c114ede913d7565944f21ff8445f520a7c9ad68c967ec543,False
E001B-d5d02c50f3b6,unlabelled_background,E001G-68aad6314a82,BNG_100KM_E6_N3,EAP-8e32eccbc87e,2017,1.0,128,e001-background-v1,e001-terrain-v1,E001S-22e7308addb5,verified,pass,pass,pass,e014399bb40997d76a1b39e2ea6888f67f730f3dcf5caeec23dd5f3761566cf2,0b2fc4cf73b472525e28b1925f419eccaaff24f07e1cb2b2736f63cb084c0e14,9ba7b66c16f438685e4f3485c216b7e0a1948d24de24168fd4240dc5fbe1d6c2,False
E001B-bdf93281ee1b,unlabelled_background,E001G-c104168fe310,BNG_100KM_E5_N3,EAP-d3a871d4f09e,2019,1.0,128,e001-background-v1,e001-terrain-v1,E001S-84234cba4268,verified,pass,pass,pass,23750ba1ace6a87a2719edbe9199b945dde59cc4d7b6fefc0850380acae485bb,e0c50734c3f43dd091c38b086e461528b04ff9041531e2399807fa9afe3ed4f9,42fc0f7dc988a694e3e871a67ef1adbb02ea72332967d60950ee11edadae3518,False
E001B-e29b5f50e5b0,unlabelled_background,E001G-1b99f60c8786,BNG_100KM_E5_N1,EAP-d3a871d4f09e,2019,1.0,128,e001-background-v1,e001-terrain-v1,E001S-e5be0e9bc7e6,verified,pass,pass,pass,fe2f71e142eafdf5f44e35bd06e55235fe5787d61f4b23510ad575f93851bf44,6688bec8d03110296e66e4654ec50dd12b6defa9e018282756a0c6482544ba82,f7deb0234cafe5cccd968cf895f685456d9f2d2125fffb2bdb277f1298f8ef80,False
E001B-d0cca5d23e3c,unlabelled_background,E001G-20fd2d86df68,BNG_100KM_E5_N4,EAP-d85b0f0821f9,2018,1.0,128,e001-background-v1,e001-terrain-v1,E001S-2970302c0628,verified,pass,pass,pass,fbc245db723fb3e4d3e483492a1750dd929255a93a1c0b15a94e03cfdb182883,e491b85e538d5b18aa5e7d79b4150705f71cabd2c9f7d53ae380b5cc904e3c83,4a867674bf4db54775f288fdf3fee0901d53dcc87615f7b33e266ebe2ee11aad,False
E001B-11994372abb9,unlabelled_background,E001G-c75ba2b6eb4b,BNG_100KM_E4_N4,EAP-d85b0f0821f9,2018,1.0,128,e001-background-v1,e001-terrain-v1,E001S-e01e48710d7f,verified,pass,pass,pass,f3df86f08391afe6df5741e799417e1dfe8a1cd19e4ca881d46995193046865e,eb2e54d6870d2f83863f55c43d0cfec5213137093b91f2d86902701a81c76e59,35807745f6a1492b14e942757301dfed05db815047903249e82b3990f2f03ad7,True
E001B-4fd741999678,unlabelled_background,E001G-48cbf7fa0513,BNG_100KM_E4_N5,EAP-d85b0f0821f9,2018,1.0,128,e001-background-v1,e001-terrain-v1,E001S-ad80a0dc4169,verified,pass,pass,pass,3bb9756269b47d71b252f40ea45382e8160f48406d5c639135e8adc5f6a9fdec,cd6c2ad2ad6c10671fe019a42c52afcc2857aed391b6865696ed5b8081df67ee,79b43ad83994a5126595c84c0213407eb3a6bde5143e2fede6a785ecca04b72d,False
E001B-40a6b020d095,unlabelled_background,E001G-d7a55cb5863a,BNG_100KM_E2_N0,EAP-c590a5cb0139,2020,1.0,128,e001-background-v1,e001-terrain-v1,E001S-6760702a636f,verified,pass,pass,pass,e0567dc7e6e1428c5aaae838aa76226b2d8179adf685ef9d37be8e7d8a093591,fbb862cfcf78afc9e23b795899545e7b2847a105a264562933b8f989b8f264ee,4eab976022d36b0bb7b6c48b7cf763ef0ddb9e766b41663f9db5acacbef02690,False
